id,deal,bookings,amount,create_date,create_quarter,close_date,close_quarter,pipeline,stage,owner,product_group,programmatic,deal_source,source_new,source_free_text,lost_reason,lost_reason_text,competing_against,won_reason,forecast_category,likelihood,link
2371349577,Saint Michael College of Allied Health deal,0.0,4700.0,2018-10-17,2018,2026-05-02,Q2,Bookings,Closed Lost,Jackson Batchelder,,,,,,,,,,OMIT,,https://app.hubspot.com/contacts/7762472/deal/2371349577
29547268628,Swedish Institute a College of Health Sciences - New York - CRM and SIS,334776.0,334776.0,2024-11-25,2024,2026-06-29,Q2,Bookings,Closed Lost,Noel Suarez,Attendance_;Skills Tracker;Verity Dialog,,Cold outreach,Cold Outreach,,Bad timing,"school purchased by a Universidad Tres Culturas, from outside US.  New entity has salesforce as well and want to continue using it.  Bad timing to move off Vias with the sale",,,OMIT,,https://app.hubspot.com/contacts/7762472/deal/29547268628
34811980956,Florida Education Institute - Miami - SIS,68867.88,68867.88,2025-03-19,2025,2026-04-02,Q2,Bookings,Closed Lost,Noel Suarez,Verity Dialog,,,,,Other,"Unfortunately, we cannot make the conference.  Also, we are not interested in the SIS since we have resolved our needs in this area.
 
Best",,,OMIT,,https://app.hubspot.com/contacts/7762472/deal/34811980956
43542992985,Nurtur Holdings - Payments,40000.0,40000.0,2025-09-11,2025,2026-05-12,Q2,Bookings,Closed Lost,Dylan Harmon,Payments,,User Conference,,,,,,,OMIT,,https://app.hubspot.com/contacts/7762472/deal/43542992985
46637536807,Little Priest Tribal College - Attendance,25000.0,25000.0,2025-10-21,2025,2026-04-02,Q2,Bookings,Closed Lost,Jackson Batchelder,Attendance_;Verity Professional Services,,Website,,,Budget,They were worried about budget after a grant ran out,,,OMIT,,https://app.hubspot.com/contacts/7762472/deal/46637536807
51340169348,St Louis College of Health Careers - St Louis - FA Student Services,17883.51,17883.51,2025-12-05,2025,2026-04-30,Q2,Bookings,Closed Lost,Noel Suarez,FA Service,,CS Product Add-On,,,No contact,No contact,,,OMIT,,https://app.hubspot.com/contacts/7762472/deal/51340169348
51846884133,Northland Community and Technical College - Rad Tech New Deal,50.0,0.0,2025-12-14,2025,2026-04-07,Q2,Bookings,Closed Lost,Shawna Granger,Clinical Record Keeping,,,,2025 ACERT,Other,Data integration error-current client,,,OMIT,,https://app.hubspot.com/contacts/7762472/deal/51846884133
51843192726,Georgia Northwestern Technical College - Human Lactation New Deal,50.0,0.0,2025-12-14,2025,2026-05-06,Q2,Bookings,Closed Lost,Mandy Ray,Clinical Record Keeping,,,,,Other,Program no longer oiffered,,,OMIT,,https://app.hubspot.com/contacts/7762472/deal/51843192726
51831093146,Chattahoochee Technical College - Radiologic Technology New Deal,50.0,0.0,2025-12-14,2025,2026-04-13,Q2,Bookings,Closed Lost,Shawna Granger,Clinical Record Keeping,,,,,Bad timing,Preceptor concern,,,OMIT,,https://app.hubspot.com/contacts/7762472/deal/51831093146
51843214389,Baptist Health System School of Health Professions - Radiography,4000.0,4000.0,2025-12-14,2025,2026-04-13,Q2,Bookings,Closed Lost,Shawna Granger,Clinical Record Keeping,,,,Information Request 2024,Other,Duplicate,,,OMIT,,https://app.hubspot.com/contacts/7762472/deal/51843214389
51802848133,Medical Career College - LXR & LXR MA New Deal,50.0,0.0,2025-12-14,2025,2026-04-09,Q2,Bookings,Closed Lost,Shawna Granger,Clinical Record Keeping,,,,Information Request 2023,No contact,Silent,,,OMIT,,https://app.hubspot.com/contacts/7762472/deal/51802848133
51843167798,Central Maine Community College - Nursing-ADN New Deal,50.0,0.0,2025-12-14,2025,2026-04-05,Q2,Bookings,Closed Lost,Ron Bright,Clinical Record Keeping,,,,2023 ACEN,Other,Georgia lost,,,OMIT,,https://app.hubspot.com/contacts/7762472/deal/51843167798
51846111150,Triton College - Ophthalmic Technician New Deal,50.0,0.0,2025-12-14,2025,2026-05-08,Q2,Bookings,Closed Lost,Mark Moore,Clinical Record Keeping,,,,Ophthalmic ICA Site,,,,,OMIT,,https://app.hubspot.com/contacts/7762472/deal/51846111150
51843243826,American Career College - LXR & LXR MA New Deal,50.0,0.0,2025-12-14,2025,2026-04-09,Q2,Bookings,Closed Lost,Shawna Granger,Clinical Record Keeping,,,,Information Request 2023,No contact,Silent,,,OMIT,,https://app.hubspot.com/contacts/7762472/deal/51843243826
51845689971,Universidad Ana G. Mendez - Gurabo Campus - Vet Tech New Deal,50.0,0.0,2025-12-14,2025,2026-04-13,Q2,Bookings,Closed Lost,Shawna Granger,Clinical Record Keeping,,,,AVMA website,No contact,Silent,,,OMIT,,https://app.hubspot.com/contacts/7762472/deal/51845689971
51846905941,University of Cincinnati - ST New Deal,3000.0,3000.0,2025-12-14,2025,2026-04-02,Q2,Bookings,Closed Lost,Mark Moore,Clinical Record Keeping,,Conference/Trade Show,,2026 AST ED,Bad timing,next year,,,OMIT,,https://app.hubspot.com/contacts/7762472/deal/51846905941
51846903703,"West Virginia University - Nursing-BSN, MSN, DNP New Deal",50.0,0.0,2025-12-14,2025,2026-05-18,Q2,Bookings,Closed Lost,Georgia Grey,Clinical Record Keeping,,Conference/Trade Show,,2024 AACN,,,,,OMIT,,https://app.hubspot.com/contacts/7762472/deal/51846903703
51843187799,Augusta University - Augusta - Dental Hygiene New Deal,50.0,0.0,2025-12-14,2025,2026-04-15,Q2,Bookings,Closed Lost,Mark Moore,Clinical Record Keeping,,,,web site,Competitor,Radiographs,,,OMIT,,https://app.hubspot.com/contacts/7762472/deal/51843187799
51845689973,College of DuPage - Medical Assisting,900.0,900.0,2025-12-14,2025,2026-04-27,Q2,Bookings,Closed Lost,Shawna Granger,Clinical Record Keeping,,,,CAHEEP Website,No contact,silent,,,OMIT,,https://app.hubspot.com/contacts/7762472/deal/51845689973
51825162534,Bucks County Community College - Pharm Tech,50.0,0.0,2025-12-14,2025,2026-04-13,Q2,Bookings,Closed Lost,Shawna Granger,Clinical Record Keeping,,,,matrix,No Product Fit,No externship at this time,,,OMIT,,https://app.hubspot.com/contacts/7762472/deal/51825162534
51843142158,Sistema Universitario Ana G. Mendez - Piedras - Vet Tech New Deal,50.0,0.0,2025-12-14,2025,2026-04-13,Q2,Bookings,Closed Lost,Shawna Granger,Clinical Record Keeping,,,,AVMA,No contact,Silent,,,OMIT,,https://app.hubspot.com/contacts/7762472/deal/51843142158
51846918070,Estrella Mountain Community College - Speech Language Pathology Assistant New Deal,50.0,0.0,2025-12-14,2025,2026-05-08,Q2,Bookings,Closed Lost,Mark Moore,Clinical Record Keeping,,,,Matrix,,,,,OMIT,,https://app.hubspot.com/contacts/7762472/deal/51846918070
51843279014,Jackson College - Veterinary Technology New Deal,50.0,0.0,2025-12-14,2025,2026-04-13,Q2,Bookings,Closed Lost,Shawna Granger,Clinical Record Keeping,,,,2025 AVTE registration list,Competitor,exploring a new tool that is free to use within our Canvas shell.,,,OMIT,,https://app.hubspot.com/contacts/7762472/deal/51843279014
51846910385,Ivy  Tech - Medical Assisting New Deal,50.0,0.0,2025-12-14,2025,2026-04-13,Q2,Bookings,Closed Lost,Shawna Granger,Clinical Record Keeping,,,,Matrix/CAHEEP website,Budget,Not all MA program leaders have approved new fees,,,OMIT,,https://app.hubspot.com/contacts/7762472/deal/51846910385
51843241870,New River Community College - Dublin - Nursing- ADN New Deal,7500.0,7500.0,2025-12-14,2025,2026-06-26,Q2,Bookings,Closed Lost,Ron Bright,Clinical Record Keeping,,Cold outreach,,Cold Outreach,Other,Dean Died - New Dean getting up to speed with no budget or priority,,,OMIT,,https://app.hubspot.com/contacts/7762472/deal/51843241870
51839797637,Columbus Regional Hospital - Rad Tech,50.0,0.0,2025-12-14,2025,2026-04-08,Q2,Bookings,Closed Lost,Shawna Granger,Clinical Record Keeping,,,,JRCERT website,Budget,budget freeze,,,OMIT,,https://app.hubspot.com/contacts/7762472/deal/51839797637
51821122120,Collins Career Technical Center - Vet Tech New Deal,50.0,0.0,2025-12-14,2025,2026-04-13,Q2,Bookings,Closed Lost,Shawna Granger,Clinical Record Keeping,,,,2024 AVTE registration list,Other,Silent,,,OMIT,,https://app.hubspot.com/contacts/7762472/deal/51821122120
51843180210,Lake Superior College - PTA New Deal,50.0,0.0,2025-12-14,2025,2026-04-08,Q2,Bookings,Closed Lost,Mark Moore,Clinical Record Keeping,,,,Matrix,Competitor,stayed with what they had,,,OMIT,,https://app.hubspot.com/contacts/7762472/deal/51843180210
51806821462,Bridge Valley Community and Technical College - Vet Tech New Deal,50.0,0.0,2025-12-14,2025,2026-04-13,Q2,Bookings,Closed Lost,Shawna Granger,Clinical Record Keeping,,,,School website,Other,Program closing,,,OMIT,,https://app.hubspot.com/contacts/7762472/deal/51806821462
51843155005,College of Lake County - Surgical Technology New Deal,50.0,0.0,2025-12-14,2025,2026-05-08,Q2,Bookings,Closed Lost,Mark Moore,Clinical Record Keeping,,Conference/Trade Show,,AccredX 2022,,,,,OMIT,,https://app.hubspot.com/contacts/7762472/deal/51843155005
51843293778,Jefferson State Community College - Birmingham - Histotechnician/MLT New Deal,50.0,0.0,2025-12-14,2025,2026-04-23,Q2,Bookings,Closed Lost,Shawna Granger,Clinical Record Keeping,,,,College Website,No contact,Silent- in sequence,,,OMIT,,https://app.hubspot.com/contacts/7762472/deal/51843293778
51843286576,Moore Norman Technology Center - Norman - Medical Assisting ,50.0,0.0,2025-12-14,2025,2026-04-28,Q2,Bookings,Closed Lost,Shawna Granger,Clinical Record Keeping,,,,CAAHEP Website,Bad timing,I have and I am not moving forward with the system at this time. Thank you. ,,,OMIT,,https://app.hubspot.com/contacts/7762472/deal/51843286576
51846886943,"Bellevue College - Bellevue - CT, MRI, Mammo New Deal",50.0,0.0,2025-12-14,2025,2026-04-23,Q2,Bookings,Closed Lost,Shawna Granger,Clinical Record Keeping,,,,Matrix/school website,No Product Fit,"I’m the program chair for the program that includes CT, MRI, and mammography. Students in those modalities are credentialed already, and their goal is to earn comps for the relevant credentialing exams. So we don’t have a need to document clock hours. My clinical instructors have plans in place to track competencies earned, for the purposes of the clinical courses. So while I love Trajecsys for my nuc med program, I don’t have a need for it with the advanced modalities.",,,OMIT,,https://app.hubspot.com/contacts/7762472/deal/51846886943
51843209217,South College - PTA New Deal,50.0,0.0,2025-12-14,2025,2026-04-08,Q2,Bookings,Closed Lost,Mark Moore,Clinical Record Keeping,,,,,Bad timing,timing,,,OMIT,,https://app.hubspot.com/contacts/7762472/deal/51843209217
51801644975,Healthcare Career College - DMS New Deal,50.0,0.0,2025-12-14,2025,2026-04-23,Q2,Bookings,Closed Lost,Shawna Granger,Clinical Record Keeping,,,,2025 SDMS,Other,for profit,,,OMIT,,https://app.hubspot.com/contacts/7762472/deal/51801644975
51846852477,Harrisburg Area Community College - CT New Deal,50.0,0.0,2025-12-14,2025,2026-04-23,Q2,Bookings,Closed Lost,Shawna Granger,Clinical Record Keeping,,,,School website,No contact,silent,,,OMIT,,https://app.hubspot.com/contacts/7762472/deal/51846852477
51843198899,- School of Radiologic Technology New Deal,50.0,0.0,2025-12-14,2025,2026-04-13,Q2,Bookings,Closed Lost,Shawna Granger,Clinical Record Keeping,,,,,Other,Duplicate,,,OMIT,,https://app.hubspot.com/contacts/7762472/deal/51843198899
51843224489,Erwin Technical College - MLT New Deal,50.0,0.0,2025-12-14,2025,2026-04-23,Q2,Bookings,Closed Lost,Shawna Granger,Clinical Record Keeping,,,,,No contact,Silent- in sequence,,,OMIT,,https://app.hubspot.com/contacts/7762472/deal/51843224489
51802848147,Rush University Medical Center - MLS New Deal,50.0,0.0,2025-12-14,2025,2026-04-23,Q2,Bookings,Closed Lost,Shawna Granger,Clinical Record Keeping,,,,NAACLS website,No contact,Silent- moved to sequence,,,OMIT,,https://app.hubspot.com/contacts/7762472/deal/51802848147
51846882180,Immokalee Technical College - Immokalee - Medical Assistant New Deal,50.0,0.0,2025-12-14,2025,2026-04-23,Q2,Bookings,Closed Lost,Shawna Granger,Clinical Record Keeping,,,,CAAHEP Website,No contact,Silent- moved to sequence,,,OMIT,,https://app.hubspot.com/contacts/7762472/deal/51846882180
51813579645,"Bay de Noc Community College - Nursing-PN, ADN New Deal",16000.0,16000.0,2025-12-14,2025,2026-04-10,Q2,Bookings,Closed Lost,Georgia Grey,Clinical Record Keeping,,,,,Bad timing,Reconnect next year,,,OMIT,,https://app.hubspot.com/contacts/7762472/deal/51813579645
51843268650,Baptist Medical Center South - MLS New Deal,50.0,0.0,2025-12-14,2025,2026-04-23,Q2,Bookings,Closed Lost,Shawna Granger,Clinical Record Keeping,,,,NAACLS,No contact,Silent,,,OMIT,,https://app.hubspot.com/contacts/7762472/deal/51843268650
51843187809,Independence Community College - Vet Tech New Deal,50.0,0.0,2025-12-14,2025,2026-04-23,Q2,Bookings,Closed Lost,Shawna Granger,Clinical Record Keeping,,,,,No contact,Silent- in sequence,,,OMIT,,https://app.hubspot.com/contacts/7762472/deal/51843187809
51834545564,Craven Community College - Medical Assisting New Deal,50.0,0.0,2025-12-14,2025,2026-04-23,Q2,Bookings,Closed Lost,Shawna Granger,Clinical Record Keeping,,,,CAAHEP Database,No contact,Silent- in sequence,,,OMIT,,https://app.hubspot.com/contacts/7762472/deal/51834545564
51800259366,"West Virginia University - Morgantown - Nursing-BSN, MSN, DNP New Deal",50.0,0.0,2025-12-14,2025,2026-05-20,Q2,Bookings,Closed Lost,Georgia Grey,Clinical Record Keeping,,Conference/Trade Show,,2024 AACN,,,,,OMIT,,https://app.hubspot.com/contacts/7762472/deal/51800259366
51843142270,Rappahannock Center for Education - Rad Tech New Deal,50.0,0.0,2025-12-14,2025,2026-04-23,Q2,Bookings,Closed Lost,Shawna Granger,Clinical Record Keeping,,,,2025 Info Request,No contact,Silent after info request submitted,,,OMIT,,https://app.hubspot.com/contacts/7762472/deal/51843142270
51843308422,Florence-Darlington Technical College - MLT New Deal,50.0,0.0,2025-12-14,2025,2026-04-23,Q2,Bookings,Closed Lost,Shawna Granger,Clinical Record Keeping,,,,information request,Bad timing,"We are currently in the process of preparing our Self-Study for the MLT program. At this stage, I believe it is best to maintain consistency with our current clinical documentation requirements to ensure a smooth accreditation process, which is expected to conclude around July 1, 2027. My planned retirement is July 1, 2028, and I feel it would be beneficial for the incoming Program Director to have the opportunity to explore potential enhancements, such as a transition to Trajecsys, at a time when the program is not simultaneously navigating accreditation.",,,OMIT,,https://app.hubspot.com/contacts/7762472/deal/51843308422
51842978082,Hawkeye Community College - PTA New Deal,50.0,0.0,2025-12-14,2025,2026-05-18,Q2,Bookings,Closed Lost,Mark Moore,Clinical Record Keeping,,,,Matrix,,,,,OMIT,,https://app.hubspot.com/contacts/7762472/deal/51842978082
51804203112,Shoreline Community College - MLT New Deal,50.0,0.0,2025-12-14,2025,2026-04-23,Q2,Bookings,Closed Lost,Shawna Granger,Clinical Record Keeping,,,,NAACLS website,No contact,Silent-in sequence,,,OMIT,,https://app.hubspot.com/contacts/7762472/deal/51804203112
51843283769,South College - ST New Deal,50.0,0.0,2025-12-14,2025,2026-05-18,Q2,Bookings,Closed Lost,Mark Moore,Clinical Record Keeping,,,,Matrix,,,,,OMIT,,https://app.hubspot.com/contacts/7762472/deal/51843283769
51826908321,University of New Mexico - Radiography,50.0,0.0,2025-12-14,2025,2026-04-13,Q2,Bookings,Closed Lost,Shawna Granger,Clinical Record Keeping,,,,2024 ASRT,No contact,Silent,,,OMIT,,https://app.hubspot.com/contacts/7762472/deal/51826908321
51797805437,Vanderbilt University Medical Cente - MLS New Deal,50.0,0.0,2025-12-14,2025,2026-04-23,Q2,Bookings,Closed Lost,Shawna Granger,Clinical Record Keeping,,,,CLEC 2020,No contact,Silent- in sequence,,,OMIT,,https://app.hubspot.com/contacts/7762472/deal/51797805437
51843236491,GateWay Community College - Corporate Office - Medical Assisting New Deal,50.0,0.0,2025-12-14,2025,2026-04-23,Q2,Bookings,Closed Lost,Shawna Granger,Clinical Record Keeping,,,,CAAHEP Website,Budget,We are making cuts to fit the budget and keep the program as affordable as possible for our students. ,,,OMIT,,https://app.hubspot.com/contacts/7762472/deal/51843236491
51826908322,Lake Land College - Mattoon - Medical Assisting New Deal,50.0,0.0,2025-12-14,2025,2026-04-23,Q2,Bookings,Closed Lost,Shawna Granger,Clinical Record Keeping,,,,CAAHEP Database,Bad timing,I don’t think it’s something we’re gonna be able to utilize for this academic year.,,,OMIT,,https://app.hubspot.com/contacts/7762472/deal/51826908322
51803456888,- Rad Tech New Deal,50.0,0.0,2025-12-14,2025,2026-04-13,Q2,Bookings,Closed Lost,Shawna Granger,Clinical Record Keeping,,,,JRCERT website,Other,Duplicate,,,OMIT,,https://app.hubspot.com/contacts/7762472/deal/51803456888
51843253818,East Carolina University - Greenville - MLS New Deal,50.0,0.0,2025-12-14,2025,2026-04-23,Q2,Bookings,Closed Lost,Shawna Granger,Clinical Record Keeping,,,,information request,Competitor,"We are going with Typhon. Another department in our College had experience with that platform already. We also looked at EXXAT, which some of our departments use – but it is a much more expensive product.",,,OMIT,,https://app.hubspot.com/contacts/7762472/deal/51843253818
51804668996,osumc.edu - Division Of Medical Laboratory Science New Deal,50.0,0.0,2025-12-14,2025,2026-04-23,Q2,Bookings,Closed Lost,Shawna Granger,Clinical Record Keeping,,,,,No contact,Silent-in sequence,,,OMIT,,https://app.hubspot.com/contacts/7762472/deal/51804668996
51834545568,Auburn University at Montgomery - MLS New Deal,50.0,0.0,2025-12-14,2025,2026-04-23,Q2,Bookings,Closed Lost,Shawna Granger,Clinical Record Keeping,,,,NAACLS,No contact,silent-moved to sequence,,,OMIT,,https://app.hubspot.com/contacts/7762472/deal/51834545568
51833567350,Sauk Valley Community College - Dixon - Nursing-ADN New Deal,6000.0,6000.0,2025-12-14,2025,2026-04-21,Q2,Bookings,Closed Lost,Ron Bright,Clinical Record Keeping,,,,Matrix/OADN Member,Other,Faculty voted no,,,OMIT,,https://app.hubspot.com/contacts/7762472/deal/51833567350
51843187818,Mayo Clinic - MLS New Deal,50.0,0.0,2025-12-14,2025,2026-04-23,Q2,Bookings,Closed Lost,Shawna Granger,Clinical Record Keeping,,,,,No Product Fit,"1/16/25 Called and spoke with Sue, shared what we do here at Trajecsys as well as all of the programs at the Mayo clinical that are utilizing Trajecsys.  She stated taht she does not need it for her program and she is not the preson to make that decision, that we would have to go through the registrars office.",,,OMIT,,https://app.hubspot.com/contacts/7762472/deal/51843187818
51795298940,Pitt Community College - CT New Deal,50.0,0.0,2025-12-14,2025,2026-04-23,Q2,Bookings,Closed Lost,Shawna Granger,Clinical Record Keeping,,,,Group demo,No Product Fit,I don't think I will use it at this time. ,,,OMIT,,https://app.hubspot.com/contacts/7762472/deal/51795298940
51843226978,Concorde Career College - DMS New Deal,50.0,0.0,2025-12-14,2025,2026-04-23,Q2,Bookings,Closed Lost,Shawna Granger,Clinical Record Keeping,,,,caahep website,Other,For profit,,,OMIT,,https://app.hubspot.com/contacts/7762472/deal/51843226978
51843150352,Lorenzo Walker Technical College - Medical Assistant New Deal,50.0,0.0,2025-12-14,2025,2026-04-23,Q2,Bookings,Closed Lost,Shawna Granger,Clinical Record Keeping,,,,AAMA Conference,No contact,Silent-moved to sequence,,,OMIT,,https://app.hubspot.com/contacts/7762472/deal/51843150352
51802848155,North Idaho College - MLT New Deal,50.0,0.0,2025-12-14,2025,2026-04-23,Q2,Bookings,Closed Lost,Shawna Granger,Clinical Record Keeping,,,,CLEC,No contact,Silent-moved to sequence,,,OMIT,,https://app.hubspot.com/contacts/7762472/deal/51802848155
51843268653,Cox Health - MLS New Deal,50.0,0.0,2025-12-14,2025,2026-04-23,Q2,Bookings,Closed Lost,Shawna Granger,Clinical Record Keeping,,,,CLEC 23,No contact,Silent-moved to sequence,,,OMIT,,https://app.hubspot.com/contacts/7762472/deal/51843268653
51843271707,Pennsylvania Hospital - MLS New Deal,50.0,0.0,2025-12-14,2025,2026-04-23,Q2,Bookings,Closed Lost,Shawna Granger,Clinical Record Keeping,,,,CLEC 23,No contact,Silent-moved to sequence,,,OMIT,,https://app.hubspot.com/contacts/7762472/deal/51843271707
51846138949,Stanly Community College - Medical Assisting New Deal,50.0,0.0,2025-12-14,2025,2026-04-23,Q2,Bookings,Closed Lost,Shawna Granger,Clinical Record Keeping,,,,2025 AAMA,No contact,Silent-moved to sequence,,,OMIT,,https://app.hubspot.com/contacts/7762472/deal/51846138949
51800259370,New England Aquarium - MRI New Deal,50.0,0.0,2025-12-14,2025,2026-04-23,Q2,Bookings,Closed Lost,Shawna Granger,Clinical Record Keeping,,,,support call,Other,Not interested,,,OMIT,,https://app.hubspot.com/contacts/7762472/deal/51800259370
51834153109,Northern Maine Community College - Isle - Medical Assistant New Deal,50.0,0.0,2025-12-14,2025,2026-04-09,Q2,Bookings,Closed Lost,Shawna Granger,Clinical Record Keeping,,,,2025 AAMA,No contact,Silent,,,OMIT,,https://app.hubspot.com/contacts/7762472/deal/51834153109
51838737737,Technical College of the Lowcountry - Surg Tech New Deal,3000.0,3000.0,2025-12-14,2025,2026-05-13,Q2,Bookings,Closed Lost,Mark Moore,Clinical Record Keeping,,Website;Conference/Trade Show,,2026 AST ED,,,,,OMIT,,https://app.hubspot.com/contacts/7762472/deal/51838737737
51843209224,Elgin Community College - Histotechnician New Deal,50.0,0.0,2025-12-14,2025,2026-04-23,Q2,Bookings,Closed Lost,Shawna Granger,Clinical Record Keeping,,,,NAACLS website,No contact,Silent-moved to sequence,,,OMIT,,https://app.hubspot.com/contacts/7762472/deal/51843209224
51843198979,Tarrant County - Vascular Interventional Rad New Deal,50.0,0.0,2025-12-14,2025,2026-04-23,Q2,Bookings,Closed Lost,Shawna Granger,Clinical Record Keeping,,,,School webiste,No contact,Silent-moved to sequence,,,OMIT,,https://app.hubspot.com/contacts/7762472/deal/51843198979
51796990999,Ashland Community & Technical College - Orthotic and Prosthetic Technology New Deal,50.0,0.0,2025-12-14,2025,2026-04-23,Q2,Bookings,Closed Lost,Shawna Granger,Clinical Record Keeping,,,,Top 20 Matrix,No contact,Silent-moved to sequence,,,OMIT,,https://app.hubspot.com/contacts/7762472/deal/51796990999
51843241889,Baker College of Muskegon - Medical Assisting,50.0,0.0,2025-12-14,2025,2026-04-13,Q2,Bookings,Closed Lost,Shawna Granger,Clinical Record Keeping,,,,Support email,Bad timing,First year as program director,,,OMIT,,https://app.hubspot.com/contacts/7762472/deal/51843241889
51846906036,Northern Virginia CC - Vet Tech New Deal,50.0,0.0,2025-12-14,2025,2026-04-23,Q2,Bookings,Closed Lost,Shawna Granger,Clinical Record Keeping,,,,Top 20 Matrix,No contact,moved to sequence,,,OMIT,,https://app.hubspot.com/contacts/7762472/deal/51846906036
51803456895,RMR - Rad Tech New Deal,50.0,0.0,2025-12-14,2025,2026-04-08,Q2,Bookings,Closed Lost,Shawna Granger,Clinical Record Keeping,,,,Matrix/JRCERT website,Building Internally,Trying new internal systems,,,OMIT,,https://app.hubspot.com/contacts/7762472/deal/51803456895
51846877186,Arkansas State University-Jonesboro - Vet Medicine- DVM New Deal,50.0,0.0,2025-12-14,2025,2026-04-23,Q2,Bookings,Closed Lost,Shawna Granger,Clinical Record Keeping,,,,2025 AVTE,Competitor,The Dean has a specific program she wants to use and we are going with that system. ,,,OMIT,,https://app.hubspot.com/contacts/7762472/deal/51846877186
51839236870,Nash Community College - Vet Tech New Deal,50.0,0.0,2025-12-14,2025,2026-04-23,Q2,Bookings,Closed Lost,Shawna Granger,Clinical Record Keeping,,,,AVTE 2022,Competitor,Salthouse,,,OMIT,,https://app.hubspot.com/contacts/7762472/deal/51839236870
51843266311,Atlanta Technical College - Phlebotomy New Deal,50.0,0.0,2025-12-14,2025,2026-04-23,Q2,Bookings,Closed Lost,Shawna Granger,Clinical Record Keeping,,,,Top 20 Matrix,No contact,Silent- in sequence,,,OMIT,,https://app.hubspot.com/contacts/7762472/deal/51843266311
51804203120,Delaware Technical Community College - Histotechnician New Deal,50.0,0.0,2025-12-14,2025,2026-04-23,Q2,Bookings,Closed Lost,Shawna Granger,Clinical Record Keeping,,,,NAACLS website,No contact,Silent,,,OMIT,,https://app.hubspot.com/contacts/7762472/deal/51804203120
51838737738,Lackawanna College - Medical Assisting New Deal,50.0,0.0,2025-12-14,2025,2026-04-23,Q2,Bookings,Closed Lost,Shawna Granger,Clinical Record Keeping,,,,CAAHEP Website,No contact,Moved to sequence,,,OMIT,,https://app.hubspot.com/contacts/7762472/deal/51838737738
51843279023,Ulster County Community College - Ridge - Nursing-ADN New Deal,50.0,0.0,2025-12-14,2025,2026-04-02,Q2,Bookings,Closed Lost,Mandy Ray,Clinical Record Keeping,,,,2025 CADN-NYLN,Bad timing,Accreditation visit,,,OMIT,,https://app.hubspot.com/contacts/7762472/deal/51843279023
51806821483,Del Mar College - Medical Assisting New Deal,50.0,0.0,2025-12-14,2025,2026-04-17,Q2,Bookings,Closed Lost,Shawna Granger,Clinical Record Keeping,,,,Matrix/CAAHEP Website,No contact,moved to sequence,,,OMIT,,https://app.hubspot.com/contacts/7762472/deal/51806821483
51801490603,Radford University - MLS New Deal,50.0,0.0,2025-12-14,2025,2026-04-30,Q2,Bookings,Closed Lost,Shawna Granger,Clinical Record Keeping,,Conference/Trade Show,,2025 CLEC,Bad timing,Working on other projects,,,OMIT,,https://app.hubspot.com/contacts/7762472/deal/51801490603
51829105042,Galen College of Nursing - Cincinnati - MLS New Deal,50.0,0.0,2025-12-14,2025,2026-04-23,Q2,Bookings,Closed Lost,Shawna Granger,Clinical Record Keeping,,,,Matrix,No contact,Silent,,,OMIT,,https://app.hubspot.com/contacts/7762472/deal/51829105042
51843256406,Riveroak Technical College - Surgical Technology New Deal,50.0,1600.0,2025-12-14,2025,2026-04-02,Q2,Bookings,Closed Lost,Mark Moore,Clinical Record Keeping,,,,Web Inquiry,Open to Revisiting,not changing right now. maybe next semester,,,OMIT,,https://app.hubspot.com/contacts/7762472/deal/51843256406
51843142281,Truckee Meadows Community College - Veterinary Nursing New Deal,50.0,0.0,2025-12-14,2025,2026-04-23,Q2,Bookings,Closed Lost,Shawna Granger,Clinical Record Keeping,,,,Matrix,No contact,silent,,,OMIT,,https://app.hubspot.com/contacts/7762472/deal/51843142281
51846850208,Mayland Community College - Pine - Medical Assisting New Deal,50.0,0.0,2025-12-14,2025,2026-04-23,Q2,Bookings,Closed Lost,Shawna Granger,Clinical Record Keeping,,,,CAAHEP Website,No contact,Moved to sequence,,,OMIT,,https://app.hubspot.com/contacts/7762472/deal/51846850208
51834545571,JFK Muhlenberg Snyder - DMS New Deal,50.0,0.0,2025-12-14,2025,2026-04-23,Q2,Bookings,Closed Lost,Shawna Granger,Clinical Record Keeping,,,,Matrix/CAHEEP website,No contact,moved to sequence,,,OMIT,,https://app.hubspot.com/contacts/7762472/deal/51834545571
51843194539,Morehead State - Vet Tech New Deal,50.0,0.0,2025-12-14,2025,2026-04-23,Q2,Bookings,Closed Lost,Shawna Granger,Clinical Record Keeping,,,,,No contact,Silent,,,OMIT,,https://app.hubspot.com/contacts/7762472/deal/51843194539
51843283781,South Puget Sound Community College - Medical Assisting New Deal,50.0,0.0,2025-12-14,2025,2026-04-23,Q2,Bookings,Closed Lost,Shawna Granger,Clinical Record Keeping,,,,CAAHEP Website,No contact,Silent,,,OMIT,,https://app.hubspot.com/contacts/7762472/deal/51843283781
51799024663,CBD College - DMS New Deal,50.0,0.0,2025-12-14,2025,2026-04-23,Q2,Bookings,Closed Lost,Shawna Granger,Clinical Record Keeping,,,,Matrix/CAHEEP website,No contact,moved to sequence,,,OMIT,,https://app.hubspot.com/contacts/7762472/deal/51799024663
51821739899,UCLA - MA New Deal,50.0,0.0,2025-12-14,2025,2026-04-23,Q2,Bookings,Closed Lost,Shawna Granger,Clinical Record Keeping,,,,New email address,No contact,silent,,,OMIT,,https://app.hubspot.com/contacts/7762472/deal/51821739899
51831093162,Eastern Kentucky University - Health Care Administration New Deal,50.0,0.0,2025-12-14,2025,2026-04-30,Q2,Bookings,Closed Lost,Mandy Ray,Clinical Record Keeping,,Website,,2025 Info Request,No contact,Went radio silent,,,OMIT,,https://app.hubspot.com/contacts/7762472/deal/51831093162
51714442822,Rowan College of South Jersey - Nuc Med New Deal,50.0,0.0,2025-12-14,2025,2026-04-22,Q2,Bookings,Closed Lost,Shawna Granger,Clinical Record Keeping,,,,2024 Info Request,Bad timing,New PD and new cirriculum,,,OMIT,,https://app.hubspot.com/contacts/7762472/deal/51714442822
51846838617,Central Arizona College - MLT New Deal,50.0,0.0,2025-12-14,2025,2026-04-21,Q2,Bookings,Closed Lost,Shawna Granger,Clinical Record Keeping,,,,Matrix,No contact,Silent,,,OMIT,,https://app.hubspot.com/contacts/7762472/deal/51846838617
51846840845,Owens Community College - DH New Deal,50.0,0.0,2025-12-14,2025,2026-04-08,Q2,Bookings,Closed Lost,Mark Moore,Clinical Record Keeping,,,,Matrix,Bad timing,bad timing ,,,OMIT,,https://app.hubspot.com/contacts/7762472/deal/51846840845
51846860321,Fairleigh Dickinson University - Florham Campus - CLS New Deal,50.0,0.0,2025-12-14,2025,2026-04-21,Q2,Bookings,Closed Lost,Shawna Granger,Clinical Record Keeping,,,,Matrix,Bad timing,I am still working on launching the Phlebotomy Program.  The MLA is put on the back burner for now. ,,,OMIT,,https://app.hubspot.com/contacts/7762472/deal/51846860321
51843187822,Deanza College - MLT New Deal,500.0,500.0,2025-12-14,2025,2026-04-08,Q2,Bookings,Closed Lost,Mandy Ray,Clinical Record Keeping,,,,NAACLS website,No contact,Not responding to emails or phone messages,,,OMIT,,https://app.hubspot.com/contacts/7762472/deal/51843187822
51801645057,American National University - Corporate Office - Medical Assisting New Deal,50.0,0.0,2025-12-14,2025,2026-04-03,Q2,Bookings,Closed Lost,Shawna Granger,Clinical Record Keeping,,,,CAAHEP Website,Other,Enterprise Account-with Deal,,,OMIT,,https://app.hubspot.com/contacts/7762472/deal/51801645057
51843165540,Front Range Community College - Vet Tech New Deal,50.0,0.0,2025-12-14,2025,2026-04-21,Q2,Bookings,Closed Lost,Shawna Granger,Clinical Record Keeping,,,,,No contact,Silent,,,OMIT,,https://app.hubspot.com/contacts/7762472/deal/51843165540
51846862395,Sullivan Univ - Louisville - Medical Assisting New Deal,50.0,0.0,2025-12-14,2025,2026-04-08,Q2,Bookings,Closed Lost,Shawna Granger,Clinical Record Keeping,,,,CAAHEP Website,Budget,Not approved for budget,,,OMIT,,https://app.hubspot.com/contacts/7762472/deal/51846862395
51843177613,"Quinsigamond Community College - Nursing-CNA, PN, ADN New Deal",15000.0,15000.0,2025-12-14,2025,2026-05-11,Q2,Bookings,Closed Lost,Georgia Grey,Clinical Record Keeping,,Association,,OADN/Matrix,Other,Leadership Change,,,OMIT,,https://app.hubspot.com/contacts/7762472/deal/51843177613
51843279026,"Camp Ollin - Phlebotomy, MLT New Deal",50.0,0.0,2025-12-14,2025,2026-04-21,Q2,Bookings,Closed Lost,Shawna Granger,Clinical Record Keeping,,,,CLEC,No contact,Silent,,,OMIT,,https://app.hubspot.com/contacts/7762472/deal/51843279026
51802689029,Alamance Community College - Histotechnician New Deal,50.0,0.0,2025-12-14,2025,2026-04-21,Q2,Bookings,Closed Lost,Shawna Granger,Clinical Record Keeping,,,,NAACLS website,No contact,silent,,,OMIT,,https://app.hubspot.com/contacts/7762472/deal/51802689029
51846840847,Ashland Community & Technical College - MLT New Deal,50.0,0.0,2025-12-14,2025,2026-04-21,Q2,Bookings,Closed Lost,Shawna Granger,Clinical Record Keeping,,,,Top 20 Matrix,No contact,not interested in Trajecsys at this time.,,,OMIT,,https://app.hubspot.com/contacts/7762472/deal/51846840847
51843241894,Coastal Alabama Community College - Vet Tech New Deal,50.0,0.0,2025-12-14,2025,2026-04-13,Q2,Bookings,Closed Lost,Shawna Granger,Clinical Record Keeping,,,,2025 AVTE,No contact,Silent,,,OMIT,,https://app.hubspot.com/contacts/7762472/deal/51843241894
51804356145,Central Georgia Technical College - Dental Assisting New Deal,50.0,0.0,2025-12-14,2025,2026-04-09,Q2,Bookings,Closed Lost,Mark Moore,Clinical Record Keeping,,,,matrix,No contact,ghost,,,OMIT,,https://app.hubspot.com/contacts/7762472/deal/51804356145
51843187824,Oklahoma State University - Corporate Office - Vet Tech New Deal,50.0,0.0,2025-12-14,2025,2026-04-21,Q2,Bookings,Closed Lost,Shawna Granger,Clinical Record Keeping,,,,2024 AVTE registration list,Competitor,Platinum,,,OMIT,,https://app.hubspot.com/contacts/7762472/deal/51843187824
51846840848,Garrett College - McHenry - Limited X-ray New Deal,50.0,0.0,2025-12-14,2025,2026-04-13,Q2,Bookings,Closed Lost,Shawna Granger,Clinical Record Keeping,,,,Support referral,No contact,Unresponsive,,,OMIT,,https://app.hubspot.com/contacts/7762472/deal/51846840848
51804356146,San Jacinto College - MLT New Deal,50.0,0.0,2025-12-14,2025,2026-04-21,Q2,Bookings,Closed Lost,Shawna Granger,Clinical Record Keeping,,,,CLEC2020,No contact,moved to sequence,,,OMIT,,https://app.hubspot.com/contacts/7762472/deal/51804356146
51843283784,Parkview School of Medical Laboratory Science - Medical Assisting New Deal,50.0,0.0,2025-12-14,2025,2026-04-21,Q2,Bookings,Closed Lost,Shawna Granger,Clinical Record Keeping,,,,2025 AAMA,No contact,moved to a sequence,,,OMIT,,https://app.hubspot.com/contacts/7762472/deal/51843283784
51806054993,Tarleton State University - MLS New Deal,50.0,0.0,2025-12-14,2025,2026-04-21,Q2,Bookings,Closed Lost,Shawna Granger,Clinical Record Keeping,,,,CLEC 23,No contact,silent,,,OMIT,,https://app.hubspot.com/contacts/7762472/deal/51806054993
51843277060,Pima Medical Institute - Corporate Office - Vet Tech New Deal,50.0,0.0,2025-12-14,2025,2026-04-21,Q2,Bookings,Closed Lost,Shawna Granger,Clinical Record Keeping,,,,,Other,For profit,,,OMIT,,https://app.hubspot.com/contacts/7762472/deal/51843277060
51843231563,The University of Vermont Health Network - CVPH - Radiography New Deal,50.0,0.0,2025-12-14,2025,2026-04-21,Q2,Bookings,Closed Lost,Shawna Granger,Clinical Record Keeping,,,,,Other,Duplicate to Champlain Valley Physicans Hospital,,,OMIT,,https://app.hubspot.com/contacts/7762472/deal/51843231563
51801335611,ExpressCare - Limited X-Ray,450.0,450.0,2025-12-14,2025,2026-04-13,Q2,Bookings,Closed Lost,Shawna Granger,Clinical Record Keeping,,,,2025 Info Request,Other,"we have not received approval from leadership to move forward with Trajecsys, and we’ve decided not to pursue this direction for the foreseeable future.",,,OMIT,,https://app.hubspot.com/contacts/7762472/deal/51801335611
51831093167,Harrisburg Area Community College - Medical Assisting ,1800.0,1800.0,2025-12-14,2025,2026-04-13,Q2,Bookings,Closed Lost,Shawna Granger,Clinical Record Keeping,,,,2024 AAMA,No contact,Silent,,,OMIT,,https://app.hubspot.com/contacts/7762472/deal/51831093167
51800408221,Guthrie - MLS New Deal,50.0,0.0,2025-12-14,2025,2026-05-06,Q2,Bookings,Closed Lost,Mandy Ray,Clinical Record Keeping,,Conference/Trade Show,,CLEC,Other,Process they have in place is working and could not get preceptors on board to move to an electronic system,,,OMIT,,https://app.hubspot.com/contacts/7762472/deal/51800408221
51846909055,LawrenceburgTech - Veterinary Nursing New Deal,50.0,0.0,2025-12-14,2025,2026-04-13,Q2,Bookings,Closed Lost,Shawna Granger,Clinical Record Keeping,,,,Information Request 2024,Competitor,Lost to Platinum,,,OMIT,,https://app.hubspot.com/contacts/7762472/deal/51846909055
51796991011,Ivy Tech - MA New Deal,50.0,0.0,2025-12-14,2025,2026-04-13,Q2,Bookings,Closed Lost,Shawna Granger,Clinical Record Keeping,,,,Matrix/CAHEEP website,Budget,Additional fees not approved by all MA leaders,,,OMIT,,https://app.hubspot.com/contacts/7762472/deal/51796991011
51846896539,Columbia State Community College - Respiratory Therapy New Deal,50.0,0.0,2025-12-14,2025,2026-04-30,Q2,Bookings,Closed Lost,Mark Moore,Clinical Record Keeping,,Association,,CoARC PD List,Other,DCE happy with process,,,OMIT,,https://app.hubspot.com/contacts/7762472/deal/51846896539
51843234137,Indiana University School of Medicine - Radiation Therapy New Deal,50.0,0.0,2025-12-14,2025,2026-04-21,Q2,Bookings,Closed Lost,Shawna Granger,Clinical Record Keeping,,,,JRCERT website,Bad timing,"Unfortunately, at this time we are not able to consider Trajecsys. ",,,OMIT,,https://app.hubspot.com/contacts/7762472/deal/51843234137
51846838620,South Arkansas College - Rad Tech New Deal,50.0,0.0,2025-12-14,2025,2026-04-21,Q2,Bookings,Closed Lost,Shawna Granger,Clinical Record Keeping,,,,JRCERT website,No contact,added to sequence,,,OMIT,,https://app.hubspot.com/contacts/7762472/deal/51846838620
51797805443,Mizzou - MLS New Deal,50.0,0.0,2025-12-14,2025,2026-04-21,Q2,Bookings,Closed Lost,Shawna Granger,Clinical Record Keeping,,,,Referral from colleague,Competitor,E-Value,,,OMIT,,https://app.hubspot.com/contacts/7762472/deal/51797805443
51846882191,"California State University - Nursing- BSN, MSN, DNP New Deal",50.0,0.0,2025-12-14,2025,2026-04-30,Q2,Bookings,Closed Lost,Cara Heinrich,Clinical Record Keeping,,Conference/Trade Show,,2025 SIGMA,Competitor,verifying who they went with in 2025. I plan to reach out before Oct COADN,,,OMIT,,https://app.hubspot.com/contacts/7762472/deal/51846882191
51806054995,Great Falls College Montana State University - Vet Tech New Deal,50.0,0.0,2025-12-14,2025,2026-04-21,Q2,Bookings,Closed Lost,Shawna Granger,Clinical Record Keeping,,,,2024 AVTE,No contact,Silent,,,OMIT,,https://app.hubspot.com/contacts/7762472/deal/51806054995
51842984050,Asnuntuck Community College - Enfield - Medical Assisting New Deal,50.0,0.0,2025-12-14,2025,2026-04-21,Q2,Bookings,Closed Lost,Shawna Granger,Clinical Record Keeping,,,,Top 20 Matrix,Other,need a new contact,,,OMIT,,https://app.hubspot.com/contacts/7762472/deal/51842984050
51801645061,Cuyahoga Community College - MLT/Phelb New Deal,50.0,0.0,2025-12-14,2025,2026-04-21,Q2,Bookings,Closed Lost,Shawna Granger,Clinical Record Keeping,,,,matrix,No contact,moved to a sequence,,,OMIT,,https://app.hubspot.com/contacts/7762472/deal/51801645061
51846848315,University of Hawaii Maui College - Kahului - Vet Tech New Deal,50.0,0.0,2025-12-14,2025,2026-04-21,Q2,Bookings,Closed Lost,Shawna Granger,Clinical Record Keeping,,,,***NO longer there***,No contact,added to sequence,,,OMIT,,https://app.hubspot.com/contacts/7762472/deal/51846848315
51828924339,hcps.net - MLT New Deal,50.0,0.0,2025-12-14,2025,2026-04-21,Q2,Bookings,Closed Lost,Shawna Granger,Clinical Record Keeping,,,,,No contact,added to sequence,,,OMIT,,https://app.hubspot.com/contacts/7762472/deal/51828924339
51804508960,The College of Health Care Professions - Health and Medical Administrative Services New Deal,50.0,0.0,2025-12-14,2025,2026-05-06,Q2,Bookings,Closed Lost,Mandy Ray,Clinical Record Keeping,,,,Matrix,Other,"Enterprise sales, for profit institution",,,OMIT,,https://app.hubspot.com/contacts/7762472/deal/51804508960
51846146663,LawrenceburgTech - MA New Deal,50.0,0.0,2025-12-14,2025,2026-04-13,Q2,Bookings,Closed Lost,Shawna Granger,Clinical Record Keeping,,,,Matrix/CAHEEP website,Budget,Not all MA leaders have approved this added fee,,,OMIT,,https://app.hubspot.com/contacts/7762472/deal/51846146663
51802689034,York Technical college - Massage Therapy New Deal,50.0,0.0,2025-12-14,2025,2026-05-06,Q2,Bookings,Closed Lost,Mandy Ray,Clinical Record Keeping,,,,Matrix,No contact,,,,OMIT,,https://app.hubspot.com/contacts/7762472/deal/51802689034
51846138959,Dallas College - MLT New Deal,50.0,0.0,2025-12-14,2025,2026-04-21,Q2,Bookings,Closed Lost,Shawna Granger,Clinical Record Keeping,,,,Matrix,Other,For profit,,,OMIT,,https://app.hubspot.com/contacts/7762472/deal/51846138959
51795298946,St. Luke's Hospital - Nursing - ADN New Deal,50.0,0.0,2025-12-14,2025,2026-05-18,Q2,Bookings,Closed Lost,Georgia Grey,Clinical Record Keeping,,Conference/Trade Show,,2025 ACEN,,,,,OMIT,,https://app.hubspot.com/contacts/7762472/deal/51795298946
51843243852,Delaware Technical Community College - Paralegal New Deal,50.0,0.0,2025-12-14,2025,2026-04-08,Q2,Bookings,Closed Lost,Mandy Ray,Clinical Record Keeping,,,,,No contact,Not interested in moving forward,,,OMIT,,https://app.hubspot.com/contacts/7762472/deal/51843243852
51843296271,Quinebaug Valley Community College - Danielson - MA New Deal,50.0,0.0,2025-12-14,2025,2026-04-21,Q2,Bookings,Closed Lost,Shawna Granger,Clinical Record Keeping,,,,Top 20 Matrix,Other,Good process already in place,,,OMIT,,https://app.hubspot.com/contacts/7762472/deal/51843296271
51801335616,Hagerstown Community College - MLT New Deal,50.0,0.0,2025-12-14,2025,2026-04-21,Q2,Bookings,Closed Lost,Shawna Granger,Clinical Record Keeping,,,,matrix,No contact,added to sequence,,,OMIT,,https://app.hubspot.com/contacts/7762472/deal/51801335616
51845689983,Loudon County Public Schools - Pharmacy Technician New Deal,50.0,0.0,2025-12-14,2025,2026-04-13,Q2,Bookings,Closed Lost,Shawna Granger,Clinical Record Keeping,,,,ASHP,Other,silent,,,OMIT,,https://app.hubspot.com/contacts/7762472/deal/51845689983
51806054997,trinet - DH New Deal,50.0,0.0,2025-12-14,2025,2026-05-08,Q2,Bookings,Closed Lost,Mark Moore,Clinical Record Keeping,,,,Matrix,,,,,OMIT,,https://app.hubspot.com/contacts/7762472/deal/51806054997
51846913087,Fayetteville TCC - PTA New Deal,50.0,0.0,2025-12-14,2025,2026-04-27,Q2,Bookings,Closed Lost,Mark Moore,Clinical Record Keeping,,,,Top 20 Matrix,No contact,ghost,,,OMIT,,https://app.hubspot.com/contacts/7762472/deal/51846913087
51846862400,National Institute for Medical Assistant Advancement - MA New Deal,50.0,0.0,2025-12-14,2025,2026-04-08,Q2,Bookings,Closed Lost,Shawna Granger,Clinical Record Keeping,,,,23 AAMA,Other,Staffing,,,OMIT,,https://app.hubspot.com/contacts/7762472/deal/51846862400
51843308432,Bucks County Community College - Pharm Tech,1250.0,1250.0,2025-12-14,2025,2026-04-13,Q2,Bookings,Closed Lost,Shawna Granger,Clinical Record Keeping,,,,matrix,No Product Fit,Program does not have externship,,,OMIT,,https://app.hubspot.com/contacts/7762472/deal/51843308432
51800259400,Moberly Area Community College - Vet Tech New Deal,50.0,0.0,2025-12-14,2025,2026-04-21,Q2,Bookings,Closed Lost,Shawna Granger,Clinical Record Keeping,,,,,Bad timing,We are not interested at this time.,,,OMIT,,https://app.hubspot.com/contacts/7762472/deal/51800259400
51821739906,River Valley Community College - Vet Tech New Deal,50.0,0.0,2025-12-14,2025,2026-04-21,Q2,Bookings,Closed Lost,Shawna Granger,Clinical Record Keeping,,,,,Competitor,Salthouse,,,OMIT,,https://app.hubspot.com/contacts/7762472/deal/51821739906
51813579667,Baylor Scott and White Medical Center-Temple - Dietetic Internship,200.0,200.0,2025-12-14,2025,2026-06-24,Q2,Bookings,Closed Lost,Shawna Granger,Clinical Record Keeping,,Conference/Trade Show,,2025 NDEP,No contact,Silent,,,OMIT,,https://app.hubspot.com/contacts/7762472/deal/51813579667
51843229009,Southwestern Community College - Surgical Technology New Deal,1200.0,1200.0,2025-12-14,2025,2026-06-22,Q2,Bookings,Closed Lost,Mark Moore,Clinical Record Keeping,,,,Matrix,Building Internally,dean,,,OMIT,,https://app.hubspot.com/contacts/7762472/deal/51843229009
51804669015,Rose State College - Clinical Laboratory Technology New Deal,50.0,0.0,2025-12-14,2025,2026-04-07,Q2,Bookings,Closed Lost,Mandy Ray,Clinical Record Keeping,,,,,No contact,Reaching out with no response,,,OMIT,,https://app.hubspot.com/contacts/7762472/deal/51804669015
51824846139,Southwestern Michigan College - Dowagiac - Medical Assisting New Deal,50.0,0.0,2025-12-14,2025,2026-04-21,Q2,Bookings,Closed Lost,Shawna Granger,Clinical Record Keeping,,,,2024 AAMA,Bad timing,Not ready to move forward,,,OMIT,,https://app.hubspot.com/contacts/7762472/deal/51824846139
51843279106,University of California - Berkeley - Rad Tech New Deal,50.0,0.0,2025-12-14,2025,2026-04-21,Q2,Bookings,Closed Lost,Shawna Granger,Clinical Record Keeping,,,,***NO longer there***,Other,Duplicate,,,OMIT,,https://app.hubspot.com/contacts/7762472/deal/51843279106
51843308433,Memorial Sloan Kettering Cancer Center - Radiation Dosimetry New Deal,50.0,0.0,2025-12-14,2025,2026-04-21,Q2,Bookings,Closed Lost,Shawna Granger,Clinical Record Keeping,,,,Information Request 2024,No contact,Silent,,,OMIT,,https://app.hubspot.com/contacts/7762472/deal/51843308433
51846071713,Blinn College - Vet Tech New Deal,50.0,0.0,2025-12-14,2025,2026-04-21,Q2,Bookings,Closed Lost,Shawna Granger,Clinical Record Keeping,,,,2025 AVTE registration list,Competitor,Salthouse,,,OMIT,,https://app.hubspot.com/contacts/7762472/deal/51846071713
51802848160,Central Georgia Technical College - Pharmacy Tech ,800.0,800.0,2025-12-14,2025,2026-04-13,Q2,Bookings,Closed Lost,Shawna Granger,Clinical Record Keeping,,,,Matrix/ASHP website,Other,Concerned about preceptor adoption,,,OMIT,,https://app.hubspot.com/contacts/7762472/deal/51802848160
51839797664,West Georgia Technical College - Medical Assisting New Deal,50.0,0.0,2025-12-14,2025,2026-04-13,Q2,Bookings,Closed Lost,Shawna Granger,Clinical Record Keeping,,,,CAAHEP Website,No contact,Silent,,,OMIT,,https://app.hubspot.com/contacts/7762472/deal/51839797664
51799024668,Northwest Mississippi Community College - Nursing-ADN New Deal,18750.0,18750.0,2025-12-14,2025,2026-05-28,Q2,Bookings,Closed Lost,Ron Bright,Clinical Record Keeping,,Cold outreach,,OADN Member,Other,TN Law passed for clinical sites-2yr pause,,,OMIT,,https://app.hubspot.com/contacts/7762472/deal/51799024668
51846884156,Misericordia University - Dallas - Rad tech New Deal,50.0,0.0,2025-12-14,2025,2026-04-17,Q2,Bookings,Closed Lost,Shawna Granger,Clinical Record Keeping,,,,JRCERT website,Bad timing,"We have made some revisions to our current methods of tracking competencies, so we're going to see how that goes for this next year and then revisit paperless if needed.",,,OMIT,,https://app.hubspot.com/contacts/7762472/deal/51846884156
51846838624,Rock Valley College - DH New Deal,50.0,2300.0,2025-12-14,2025,2026-04-20,Q2,Bookings,Closed Lost,Mark Moore,Clinical Record Keeping,,,,Matrix,No contact,havent heard back,,,OMIT,,https://app.hubspot.com/contacts/7762472/deal/51846838624
51813579669,Gadsden State Community College - Paramedic New Deal,8250.0,8250.0,2025-12-14,2025,2026-04-17,Q2,Bookings,Closed Lost,Mandy Ray,Clinical Record Keeping,,,,Top 20 Matrix,No contact,Unable to get Tracy or John to respond,,,OMIT,,https://app.hubspot.com/contacts/7762472/deal/51813579669
51846111346,Mississippi Gulf Coast Community College - DA New Deal,50.0,0.0,2025-12-14,2025,2026-05-18,Q2,Bookings,Closed Lost,Mark Moore,Clinical Record Keeping,,,,Matrix,,,,,OMIT,,https://app.hubspot.com/contacts/7762472/deal/51846111346
51846848320,Lincoln Land Community College - Surgical Technology New Deal,50.0,0.0,2025-12-14,2025,2026-05-18,Q2,Bookings,Closed Lost,Mark Moore,Clinical Record Keeping,,Conference/Trade Show,,accredX 2025,,,,,OMIT,,https://app.hubspot.com/contacts/7762472/deal/51846848320
51843293803,- MLS New Deal,50.0,0.0,2025-12-14,2025,2026-04-17,Q2,Bookings,Closed Lost,Shawna Granger,Clinical Record Keeping,,,,CLEC2020,No contact,in sequence,,,OMIT,,https://app.hubspot.com/contacts/7762472/deal/51843293803
51846903721,York Technical college - Patient Care Tech New Deal,50.0,0.0,2025-12-14,2025,2026-04-17,Q2,Bookings,Closed Lost,Shawna Granger,Clinical Record Keeping,,,,Matrix,No contact,in sequence,,,OMIT,,https://app.hubspot.com/contacts/7762472/deal/51846903721
51846866825,Southern Illinois University - Rad Therapy New Deal,50.0,0.0,2025-12-14,2025,2026-04-17,Q2,Bookings,Closed Lost,Shawna Granger,Clinical Record Keeping,,,,JRCERT,No contact,in sequence,,,OMIT,,https://app.hubspot.com/contacts/7762472/deal/51846866825
51846906115,Midlands Technical College - MLT New Deal,50.0,0.0,2025-12-14,2025,2026-04-17,Q2,Bookings,Closed Lost,Shawna Granger,Clinical Record Keeping,,,,Matrix,No contact,in sequence,,,OMIT,,https://app.hubspot.com/contacts/7762472/deal/51846906115
51803145796,Marion Community Schools - Medical Lab Technician and Phlebotomy New Deal,50.0,0.0,2025-12-14,2025,2026-04-17,Q2,Bookings,Closed Lost,Shawna Granger,Clinical Record Keeping,,,,Web Inquiry,No contact,in sequence,,,OMIT,,https://app.hubspot.com/contacts/7762472/deal/51803145796
51843279107,Gadsden State Community College - Medical Laboratory Technology Programs New Deal,50.0,0.0,2025-12-14,2025,2026-04-17,Q2,Bookings,Closed Lost,Shawna Granger,Clinical Record Keeping,,,,,No contact,in sequence,,,OMIT,,https://app.hubspot.com/contacts/7762472/deal/51843279107
51843256417,Dallas College - Medical Assisting New Deal,50.0,0.0,2025-12-14,2025,2026-04-17,Q2,Bookings,Closed Lost,Shawna Granger,Clinical Record Keeping,,,,Matrix/CAAHEP Website,Other,For profit,,,OMIT,,https://app.hubspot.com/contacts/7762472/deal/51843256417
51846888832,"College of Southern Idaho - Nursing-CNA, PN, ADN New Deal",50.0,0.0,2025-12-14,2025,2026-04-29,Q2,Bookings,Closed Lost,86214498,Clinical Record Keeping,true,Conference/Trade Show,,2023 oadn,Budget,Budget cut,,,OMIT,,https://app.hubspot.com/contacts/7762472/deal/51846888832
51843207093,Fortis College - Cuyahoga Falls - MA-MA/BXO New Deal,50.0,0.0,2025-12-14,2025,2026-04-17,Q2,Bookings,Closed Lost,Shawna Granger,Clinical Record Keeping,,,,,Other,For profit,,,OMIT,,https://app.hubspot.com/contacts/7762472/deal/51843207093
51802848162,Kirkwood Community College - Nursing-ADN New Deal,22500.0,22500.0,2025-12-14,2025,2026-05-18,Q2,Bookings,Closed Lost,Ron Bright,Clinical Record Keeping,,Conference/Trade Show,,2023 OADN,Bad timing,Missed budgeting,,,OMIT,,https://app.hubspot.com/contacts/7762472/deal/51802848162
51826908336,Augusta Technical College - Medical Assistant New Deal,50.0,0.0,2025-12-14,2025,2026-04-17,Q2,Bookings,Closed Lost,Shawna Granger,Clinical Record Keeping,,,,2025 CAAHEP WS,No contact,in sequence,,,OMIT,,https://app.hubspot.com/contacts/7762472/deal/51826908336
51843273857,Pennsylvania State University - Penn State Greater Allegheny - Rad Tech New Deal,50.0,0.0,2025-12-14,2025,2026-04-17,Q2,Bookings,Closed Lost,Shawna Granger,Clinical Record Keeping,,,,2025 Info Request,Budget,The cost to our students being the biggest reason.,,,OMIT,,https://app.hubspot.com/contacts/7762472/deal/51843273857
51846901149,Midlands Technical College - Vet Assistant New Deal,50.0,0.0,2025-12-14,2025,2026-04-17,Q2,Bookings,Closed Lost,Shawna Granger,Clinical Record Keeping,,,,School website,No contact,in sequence,,,OMIT,,https://app.hubspot.com/contacts/7762472/deal/51846901149
51843308458,CVPH Medical Center School of Radiologic Technology - Plattsburgh - Rad Tech New Deal,50.0,0.0,2025-12-14,2025,2026-04-17,Q2,Bookings,Closed Lost,Shawna Granger,Clinical Record Keeping,,,,JRCERT website,No Product Fit,Small hospital based program,,,OMIT,,https://app.hubspot.com/contacts/7762472/deal/51843308458
51846146666,Manhattan Area Technical College - MLT New Deal,50.0,0.0,2025-12-14,2025,2026-04-17,Q2,Bookings,Closed Lost,Shawna Granger,Clinical Record Keeping,,,,CLEC 2024,Other,Turned in intake however never started,,,OMIT,,https://app.hubspot.com/contacts/7762472/deal/51846146666
51845689987,McLennan Community college - MLT New Deal,50.0,0.0,2025-12-14,2025,2026-04-17,Q2,Bookings,Closed Lost,Shawna Granger,Clinical Record Keeping,,,,NAACLS website,Competitor,Exxact,,,OMIT,,https://app.hubspot.com/contacts/7762472/deal/51845689987
51783468060,Grossmont College - Cardiovascular Tech New Deal,50.0,0.0,2025-12-14,2025,2026-04-17,Q2,Bookings,Closed Lost,Shawna Granger,Clinical Record Keeping,,,,,Bad timing,I've discussed this with my faculty and they are currently not interested in using Trajecsys. I understand that it was used in the past and it was not very successful for our program. ,,,OMIT,,https://app.hubspot.com/contacts/7762472/deal/51783468060
51843241900,San Jacinto College - Early Childhood Ed New Deal,50.0,0.0,2025-12-14,2025,2026-04-30,Q2,Bookings,Closed Lost,Mandy Ray,Clinical Record Keeping,,,,,No contact,Not responding,,,OMIT,,https://app.hubspot.com/contacts/7762472/deal/51843241900
51820967434,- Rad Tech New Deal,50.0,0.0,2025-12-14,2025,2026-04-13,Q2,Bookings,Closed Lost,Shawna Granger,Clinical Record Keeping,,,,AEIRS 2024,Bad timing,Waiting on accreditation,,,OMIT,,https://app.hubspot.com/contacts/7762472/deal/51820967434
57830018324,Tarrant County College District - Pharm Tech,800.0,750.0,2025-12-14,2025,2026-05-06,Q2,Bookings,Closed Lost,Shawna Granger,Clinical Record Keeping,,,,School website,,,,,OMIT,,https://app.hubspot.com/contacts/7762472/deal/57830018324
51821739928,Shawnee State University - MLT New Deal,50.0,0.0,2025-12-14,2025,2026-04-17,Q2,Bookings,Closed Lost,Shawna Granger,Clinical Record Keeping,,,,CLEC2020,No contact,in sequence,,,OMIT,,https://app.hubspot.com/contacts/7762472/deal/51821739928
51846913095,College of Marin - Medical Assisting ,50.0,0.0,2025-12-14,2025,2026-04-13,Q2,Bookings,Closed Lost,Shawna Granger,Clinical Record Keeping,,,,,Bad timing,not a high priority given some of the other work,,,OMIT,,https://app.hubspot.com/contacts/7762472/deal/51846913095
51782085813,State Technical College of Missouri - Linn - DA New Deal,50.0,0.0,2025-12-14,2025,2026-04-29,Q2,Bookings,Closed Lost,Mark Moore,Clinical Record Keeping,,,,Marketing data,Other,dupe,,,OMIT,,https://app.hubspot.com/contacts/7762472/deal/51782085813
51842984053,Kellogg Community College - Radiography,3000.0,3000.0,2025-12-14,2025,2026-04-13,Q2,Bookings,Closed Lost,Shawna Granger,Clinical Record Keeping,,,,,Other,Waiting for nursing department,,,OMIT,,https://app.hubspot.com/contacts/7762472/deal/51842984053
51843291504,Danville Area Community College - Danville - Medical Assisting,2500.0,2500.0,2025-12-14,2025,2026-04-13,Q2,Bookings,Closed Lost,Shawna Granger,Clinical Record Keeping,,,,Matrix/CAAHEP Website,No contact,Silent,,,OMIT,,https://app.hubspot.com/contacts/7762472/deal/51843291504
51834153122,ECPI University - Florida - DMS New Deal,50.0,0.0,2025-12-14,2025,2026-04-17,Q2,Bookings,Closed Lost,Shawna Granger,Clinical Record Keeping,,,,,Other,for profit,,,OMIT,,https://app.hubspot.com/contacts/7762472/deal/51834153122
51843273859,Inter American University of Puerto Rico - San German - CM- Rad Tech,6900.0,6900.0,2025-12-14,2025,2026-04-13,Q2,Bookings,Closed Lost,Shawna Granger,Clinical Record Keeping,,,,Demo,No contact,Silent,,,OMIT,,https://app.hubspot.com/contacts/7762472/deal/51843273859
51846838626,Hinds Community College - Vet Tech New Deal,50.0,0.0,2025-12-14,2025,2026-04-17,Q2,Bookings,Closed Lost,Shawna Granger,Clinical Record Keeping,,,,2025 AVTE jacket drawing,No contact,silent since demo,,,OMIT,,https://app.hubspot.com/contacts/7762472/deal/51846838626
51802848166,Central Coast College - Salinas - Vet Tech New Deal,50.0,0.0,2025-12-14,2025,2026-04-17,Q2,Bookings,Closed Lost,Shawna Granger,Clinical Record Keeping,,,,2025 AVTE,No contact,silent,,,OMIT,,https://app.hubspot.com/contacts/7762472/deal/51802848166
51843236507,Utah Tech University - MLS New Deal,50.0,0.0,2025-12-14,2025,2026-04-17,Q2,Bookings,Closed Lost,Shawna Granger,Clinical Record Keeping,,,,CLEC2020,Open to Revisiting,"We tried trajecsys a few years ago and I think we will wait another year or so to try it again.
",,,OMIT,,https://app.hubspot.com/contacts/7762472/deal/51843236507
51846901151,Grand Valley State University - Medical Dosimetry,4250.0,4250.0,2025-12-14,2025,2026-04-13,Q2,Bookings,Closed Lost,Shawna Granger,Clinical Record Keeping,,,,Demo,Competitor,Exxat,,,OMIT,,https://app.hubspot.com/contacts/7762472/deal/51846901151
51843147874,Tri-County Technical College - Vet Tech ,7000.0,7000.0,2025-12-14,2025,2026-04-08,Q2,Bookings,Closed Lost,Shawna Granger,Clinical Record Keeping,,,,2025 AVTE,Bad timing,multiple staff turn over-solo PD,,,OMIT,,https://app.hubspot.com/contacts/7762472/deal/51843147874
51846882199,Mayo Clinic - Phlebotomy New Deal,50.0,0.0,2025-12-14,2025,2026-04-17,Q2,Bookings,Closed Lost,Shawna Granger,Clinical Record Keeping,,,,matrix,No contact,moved to sequence,,,OMIT,,https://app.hubspot.com/contacts/7762472/deal/51846882199
51799024672,Des Moines Area Community College - Medical Assisting New Deal,50.0,0.0,2025-12-14,2025,2026-04-17,Q2,Bookings,Closed Lost,Shawna Granger,Clinical Record Keeping,,,,2024 AAMA,Open to Revisiting,"decided it was not something we needed right now but will keep in mind for the future.
",,,OMIT,,https://app.hubspot.com/contacts/7762472/deal/51799024672
51843268666,Northeastern Technical College - Nursing - ADN New Deal,50.0,0.0,2025-12-14,2025,2026-04-02,Q2,Bookings,Closed Lost,Cara Heinrich,Clinical Record Keeping,,,,2025 Info Request,Bad timing,Stayed with current process,,,OMIT,,https://app.hubspot.com/contacts/7762472/deal/51843268666
51846896547,Concorde Career College - DMS/CV New Deal,50.0,0.0,2025-12-14,2025,2026-04-17,Q2,Bookings,Closed Lost,Shawna Granger,Clinical Record Keeping,,,,,Other,For profit,,,OMIT,,https://app.hubspot.com/contacts/7762472/deal/51846896547
51843239096,Iowa Lakes Community College - Vet Tech New Deal,50.0,0.0,2025-12-14,2025,2026-04-17,Q2,Bookings,Closed Lost,Shawna Granger,Clinical Record Keeping,,,,,Bad timing,we are not interested in moving forward.  ,,,OMIT,,https://app.hubspot.com/contacts/7762472/deal/51843239096
51843281468,Salisbury University - MLS New Deal,50.0,0.0,2025-12-14,2025,2026-04-17,Q2,Bookings,Closed Lost,Shawna Granger,Clinical Record Keeping,,,,NAACLS website,Bad timing,"After talking with my faculty and also our current clinical affiliates, I think that our current set up is working okay as far as tracking our students.  At this time, we do not wish to pursue Trajecsys.",,,OMIT,,https://app.hubspot.com/contacts/7762472/deal/51843281468
51803457059,Vance Granville Community College - Medical Assistant New Deal,50.0,0.0,2025-12-14,2025,2026-04-17,Q2,Bookings,Closed Lost,Shawna Granger,Clinical Record Keeping,,,,,Competitor,Platinum,,,OMIT,,https://app.hubspot.com/contacts/7762472/deal/51803457059
51846893722,Central Piedmont Community College - MLT New Deal,50.0,0.0,2025-12-14,2025,2026-04-17,Q2,Bookings,Closed Lost,Shawna Granger,Clinical Record Keeping,,,,Top 20 Matrix,No contact,in sequence,,,OMIT,,https://app.hubspot.com/contacts/7762472/deal/51846893722
51824846143,LIT - Vet Tech New Deal,50.0,0.0,2025-12-14,2025,2026-04-17,Q2,Bookings,Closed Lost,Shawna Granger,Clinical Record Keeping,,,,Matrix/CVTEA Website,Bad timing,decided not to move forward with Trajecsys at this time. ,,,OMIT,,https://app.hubspot.com/contacts/7762472/deal/51824846143
51804356157,MercyOne - MLS New Deal,50.0,0.0,2025-12-14,2025,2026-04-17,Q2,Bookings,Closed Lost,Shawna Granger,Clinical Record Keeping,,,,CLEC 2024,No contact,in sequence,,,OMIT,,https://app.hubspot.com/contacts/7762472/deal/51804356157
51838737759,Chattahoochee Valley Community College - MLT New Deal,50.0,0.0,2025-12-14,2025,2026-04-17,Q2,Bookings,Closed Lost,Shawna Granger,Clinical Record Keeping,,,,NAACLS website,No contact,Silent,,,OMIT,,https://app.hubspot.com/contacts/7762472/deal/51838737759
51842984055,Niagara County Community College - Sanborn - MA New Deal,50.0,0.0,2025-12-14,2025,2026-04-17,Q2,Bookings,Closed Lost,Shawna Granger,Clinical Record Keeping,,,,,No contact,Silent,,,OMIT,,https://app.hubspot.com/contacts/7762472/deal/51842984055
51796991030,South Piedmont Community College - Medical Assisting New Deal,50.0,0.0,2025-12-14,2025,2026-04-08,Q2,Bookings,Closed Lost,Shawna Granger,Clinical Record Keeping,,,,Matrix/CAHEEP website,Bad timing,Faculty did not approve,,,OMIT,,https://app.hubspot.com/contacts/7762472/deal/51796991030
51817295656,River Valley Community College - Medical Lab Technician New Deal,50.0,0.0,2025-12-14,2025,2026-04-17,Q2,Bookings,Closed Lost,Shawna Granger,Clinical Record Keeping,,,,Prospecting-Resp Web Tour,Competitor,Typhoon,,,OMIT,,https://app.hubspot.com/contacts/7762472/deal/51817295656
51804203132,Gateway Technical College - Vet Tech,2250.0,2250.0,2025-12-14,2025,2026-04-13,Q2,Bookings,Closed Lost,Shawna Granger,Clinical Record Keeping,,,,2024 AVTE jacket winner,Budget,"dean states that we are not going to be able to move forward. The budget is cut, and they want to keep things where they are.",,,OMIT,,https://app.hubspot.com/contacts/7762472/deal/51804203132
51843251299,Bellin College - Radiation Therapy New Deal,50.0,0.0,2025-12-14,2025,2026-04-21,Q2,Bookings,Closed Lost,Shawna Granger,Clinical Record Keeping,,,,Information Request,Open to Revisiting,will not have time to consider the switch to Trajecsys. Can you please reach out to us in summer?,,,OMIT,,https://app.hubspot.com/contacts/7762472/deal/51843251299
51846899005,Beaumont Health System - MLS New Deal,50.0,0.0,2025-12-14,2025,2026-04-17,Q2,Bookings,Closed Lost,Shawna Granger,Clinical Record Keeping,,,,CLEC2020,No contact,in sequence,,,OMIT,,https://app.hubspot.com/contacts/7762472/deal/51846899005
51846910485,Central Georgia Technical College - Medical Assisting New Deal,50.0,0.0,2025-12-14,2025,2026-04-15,Q2,Bookings,Closed Lost,Shawna Granger,Clinical Record Keeping,,,,matrix,No contact,Silent,,,OMIT,,https://app.hubspot.com/contacts/7762472/deal/51846910485
51843185081,Pima Community College - Pharm Tech,2400.0,2400.0,2025-12-14,2025,2026-04-08,Q2,Bookings,Closed Lost,Shawna Granger,Clinical Record Keeping,,,,2025 PTEC,No contact,No responceFFOM P,,,OMIT,,https://app.hubspot.com/contacts/7762472/deal/51843185081
51846111351,Cox Health - Medical Assisting New Deal,50.0,0.0,2025-12-14,2025,2026-04-17,Q2,Bookings,Closed Lost,Shawna Granger,Clinical Record Keeping,,,,2025 AAMA,No contact,moved to sequence,,,OMIT,,https://app.hubspot.com/contacts/7762472/deal/51846111351
51842984057,TriHealth - Medical Assistant New Deal,50.0,0.0,2025-12-14,2025,2026-04-17,Q2,Bookings,Closed Lost,Shawna Granger,Clinical Record Keeping,,,,,No contact,moved to a sequence,,,OMIT,,https://app.hubspot.com/contacts/7762472/deal/51842984057
51843277069,Lansing Community College - Medical Assisting New Deal,50.0,0.0,2025-12-14,2025,2026-04-17,Q2,Bookings,Closed Lost,Shawna Granger,Clinical Record Keeping,,,,2024 AAMA,No contact,in sequence,,,OMIT,,https://app.hubspot.com/contacts/7762472/deal/51843277069
51843239169,Westmoreland County Community College - Medical Assisting/Phlebotomy New Deal,50.0,0.0,2025-12-14,2025,2026-04-13,Q2,Bookings,Closed Lost,Shawna Granger,Clinical Record Keeping,,,,,No contact,moved to a sequence,,,OMIT,,https://app.hubspot.com/contacts/7762472/deal/51843239169
51783929197,Northern Virginia Community College - Rad Therapy New Deal,50.0,0.0,2025-12-14,2025,2026-04-13,Q2,Bookings,Closed Lost,Shawna Granger,Clinical Record Keeping,,,,School website,Other,Joint venture with Virginia Western CC who is a current client,,,OMIT,,https://app.hubspot.com/contacts/7762472/deal/51783929197
51846915630,ECPI University - Virginia Beach - DMS New Deal,50.0,0.0,2025-12-14,2025,2026-04-17,Q2,Bookings,Closed Lost,Shawna Granger,Clinical Record Keeping,,,,,Other,for profit,,,OMIT,,https://app.hubspot.com/contacts/7762472/deal/51846915630
51843198991,Cabrillo College - Nursing-ADN New Deal,7500.0,7500.0,2025-12-14,2025,2026-04-24,Q2,Bookings,Closed Lost,Ron Bright,Clinical Record Keeping,,,,Matrix/COADN Site,Bad timing,Not ready with Curriculum and Team,,,OMIT,,https://app.hubspot.com/contacts/7762472/deal/51843198991
57830699155,Tarrant County College District - CT,300.0,250.0,2025-12-14,2025,2026-05-06,Q2,Bookings,Closed Lost,Shawna Granger,Clinical Record Keeping,,,,***undeliverable***,,,,,OMIT,,https://app.hubspot.com/contacts/7762472/deal/57830699155
51846848328,Dryersburg State CC - Surg Tech New Deal,50.0,1800.0,2025-12-14,2025,2026-04-06,Q2,Bookings,Closed Lost,Mark Moore,Clinical Record Keeping,,,,accredX 2025,Bad timing,"to much going on, check back in summer",,,OMIT,,https://app.hubspot.com/contacts/7762472/deal/51846848328
51846918172,Hocking College - MLT New Deal,50.0,0.0,2025-12-14,2025,2026-04-17,Q2,Bookings,Closed Lost,Shawna Granger,Clinical Record Keeping,,,,,No contact,in sequence,,,OMIT,,https://app.hubspot.com/contacts/7762472/deal/51846918172
51820967448,Cuyahoga Community College - Human Services New Deal,50.0,0.0,2025-12-14,2025,2026-04-08,Q2,Bookings,Closed Lost,Mandy Ray,Clinical Record Keeping,,,,Matrix,No contact,Has not responded to my last few emails,,,OMIT,,https://app.hubspot.com/contacts/7762472/deal/51820967448
51806055003,Southwest Wisconsin Technical College - MLT New Deal,50.0,0.0,2025-12-14,2025,2026-04-17,Q2,Bookings,Closed Lost,Shawna Granger,Clinical Record Keeping,,,,Matrix,Bad timing,"After reviewing what we would be using the system for with our clinical site coordinators, we have decided that we do not need an electronic system at this time.",,,OMIT,,https://app.hubspot.com/contacts/7762472/deal/51806055003
51846909066,Kent State University - Nursing-BSN New Deal,67500.0,0.0,2025-12-14,2025,2026-05-18,Q2,Bookings,Closed Lost,Georgia Grey,Clinical Record Keeping,,Conference/Trade Show,,2025 OLN,,,,,OMIT,,https://app.hubspot.com/contacts/7762472/deal/51846909066
51843221840,Good Samaritan College of Nursing and Health Sciences - Medical Assistant New Deal,50.0,0.0,2025-12-14,2025,2026-04-17,Q2,Bookings,Closed Lost,Shawna Granger,Clinical Record Keeping,,,,,No contact,in sequence,,,OMIT,,https://app.hubspot.com/contacts/7762472/deal/51843221840
51843204501,Pensacola State College - Medical Assisting New Deal,50.0,0.0,2025-12-14,2025,2026-04-13,Q2,Bookings,Closed Lost,Shawna Granger,Clinical Record Keeping,,,,Matrix,No contact,Silent,,,OMIT,,https://app.hubspot.com/contacts/7762472/deal/51843204501
51846848331,Wilkes Community College - Nursing-ADN New Deal,4500.0,4500.0,2025-12-14,2025,2026-04-27,Q2,Bookings,Closed Lost,Ron Bright,Clinical Record Keeping,,,,2025 NCADN,Bad timing,Faculty changes-2027/2028 better time,,,OMIT,,https://app.hubspot.com/contacts/7762472/deal/51846848331
51846866830,Meridian Community College - medical assisting technology New Deal,50.0,0.0,2025-12-14,2025,2026-04-13,Q2,Bookings,Closed Lost,Shawna Granger,Clinical Record Keeping,,,,2025 AAMA,No contact,silent,,,OMIT,,https://app.hubspot.com/contacts/7762472/deal/51846866830
51783929199,Concordia University - DMS New Deal,50.0,0.0,2025-12-14,2025,2026-04-17,Q2,Bookings,Closed Lost,Shawna Granger,Clinical Record Keeping,,,,Matrix/CAHEEP website,Other,for profit,,,OMIT,,https://app.hubspot.com/contacts/7762472/deal/51783929199
51833567382,College of Southern Nevada - Radiation Therapy Technology New Deal,50.0,0.0,2025-12-14,2025,2026-04-13,Q2,Bookings,Closed Lost,Shawna Granger,Clinical Record Keeping,,,,,No contact,moved to a sequence,,,OMIT,,https://app.hubspot.com/contacts/7762472/deal/51833567382
51846071814,Florence-Darlington Technical College - Medical Assisting New Deal,50.0,0.0,2025-12-14,2025,2026-04-13,Q2,Bookings,Closed Lost,Shawna Granger,Clinical Record Keeping,,,,Matrix,No contact,moved to a sequence,,,OMIT,,https://app.hubspot.com/contacts/7762472/deal/51846071814
51842978135,Delta College - DMS New Deal,50.0,0.0,2025-12-14,2025,2026-04-17,Q2,Bookings,Closed Lost,Shawna Granger,Clinical Record Keeping,,,,,Other,for profit,,,OMIT,,https://app.hubspot.com/contacts/7762472/deal/51842978135
51843236513,Southern Illinois University - Radiography New Deal,50.0,0.0,2025-12-14,2025,2026-04-13,Q2,Bookings,Closed Lost,Shawna Granger,Clinical Record Keeping,,,,,Other,not interested,,,OMIT,,https://app.hubspot.com/contacts/7762472/deal/51843236513
51821122165,Clark College - Medical Assisting New Deal,50.0,0.0,2025-12-14,2025,2026-04-13,Q2,Bookings,Closed Lost,Shawna Granger,Clinical Record Keeping,,,,CAAHEP Website,No contact,moved to a sequence,,,OMIT,,https://app.hubspot.com/contacts/7762472/deal/51821122165
51843241904,Western Suffolk BOCES - Nursing - PN New Deal,50.0,0.0,2025-12-14,2025,2026-04-02,Q2,Bookings,Closed Lost,Mandy Ray,Clinical Record Keeping,,,,2025 CADN-NYLN,Bad timing,Programmatic Changes,,,OMIT,,https://app.hubspot.com/contacts/7762472/deal/51843241904
51846886998,Tulsa Community College - Vet Tech,50.0,0.0,2025-12-14,2025,2026-04-13,Q2,Bookings,Closed Lost,Shawna Granger,Clinical Record Keeping,,,,2024 AVTE registration list,No Product Fit,,,,OMIT,,https://app.hubspot.com/contacts/7762472/deal/51846886998
51843248908,UPMC Williamsport - MLS New Deal,50.0,0.0,2025-12-14,2025,2026-04-17,Q2,Bookings,Closed Lost,Shawna Granger,Clinical Record Keeping,,,,CLEC,No contact,silent,,,OMIT,,https://app.hubspot.com/contacts/7762472/deal/51843248908
51846864736,Tyler Junior College - Rad Tech New Deal,50.0,0.0,2025-12-14,2025,2026-04-13,Q2,Bookings,Closed Lost,Shawna Granger,Clinical Record Keeping,,,,2024 Info Request,No contact,moved to sequence,,,OMIT,,https://app.hubspot.com/contacts/7762472/deal/51846864736
51843286694,University of New Hampshire - Corporate Office - MLS New Deal,50.0,0.0,2025-12-14,2025,2026-04-17,Q2,Bookings,Closed Lost,Shawna Granger,Clinical Record Keeping,,,,2025 CLEC,Bad timing,"2/11/26 Kyle was at CLEC 2026, stopped by the booth.  Said that he is familiar with Trajecsys as we had a web tour after CLEC 2025.  Making changes to the program so now is not a good time to add in new software.  When they are ready Trajecsys would be who they use.  Will F/U in 3 months",,,OMIT,,https://app.hubspot.com/contacts/7762472/deal/51843286694
51846682037,Penn State - Radiography ,2500.0,2500.0,2025-12-14,2025,2026-04-13,Q2,Bookings,Closed Lost,Shawna Granger,Clinical Record Keeping,,,,,No contact,moved to a sequence,,,OMIT,,https://app.hubspot.com/contacts/7762472/deal/51846682037
51846866833,Lakeland Community College - MA New Deal,50.0,0.0,2025-12-14,2025,2026-04-13,Q2,Bookings,Closed Lost,Shawna Granger,Clinical Record Keeping,,,,Matrix/CAAHEP,No contact,moved to sequence,,,OMIT,,https://app.hubspot.com/contacts/7762472/deal/51846866833
51846918178,Rend Lake College - Ina - Radiology New Deal,50.0,0.0,2025-12-14,2025,2026-04-13,Q2,Bookings,Closed Lost,Shawna Granger,Clinical Record Keeping,,,,,No contact,silent,,,OMIT,,https://app.hubspot.com/contacts/7762472/deal/51846918178
51846906124,Pitt Community College - PET New Deal,50.0,0.0,2025-12-14,2025,2026-04-09,Q2,Bookings,Closed Lost,Shawna Granger,Clinical Record Keeping,,,,Group demo,Other,Not interested,,,OMIT,,https://app.hubspot.com/contacts/7762472/deal/51846906124
51804356165,Futuro Health - Multiple New Deal,50.0,0.0,2025-12-14,2025,2026-04-13,Q2,Bookings,Closed Lost,Shawna Granger,Clinical Record Keeping,,,,Information Request,No contact,Silent,,,OMIT,,https://app.hubspot.com/contacts/7762472/deal/51804356165
51843273865,Saint Louis University - Saint Louis - Rad Therapy New Deal,50.0,0.0,2025-12-14,2025,2026-04-13,Q2,Bookings,Closed Lost,Shawna Granger,Clinical Record Keeping,,,,JRCERT website,No contact,moved to a sequence,,,OMIT,,https://app.hubspot.com/contacts/7762472/deal/51843273865
51843142314,Hudson County Community College - Jersey City - Medical Assisting,550.0,550.0,2025-12-14,2025,2026-04-13,Q2,Bookings,Closed Lost,Shawna Granger,Clinical Record Keeping,,,,2025 AAMA,No contact,Demo canceled never rescheduled,,,OMIT,,https://app.hubspot.com/contacts/7762472/deal/51843142314
51843288950,Mt. San Antonio College - Histotechnician New Deal,50.0,0.0,2025-12-14,2025,2026-04-17,Q2,Bookings,Closed Lost,Shawna Granger,Clinical Record Keeping,,,,Matrix,Other,we have decided that we are not interested in pursuing trajecsys,,,OMIT,,https://app.hubspot.com/contacts/7762472/deal/51843288950
51804817944,Advanced eClinical Training - MA/Phelb/Pharm Tech New Deal,50.0,0.0,2025-12-14,2025,2026-04-13,Q2,Bookings,Closed Lost,Shawna Granger,Clinical Record Keeping,,,,2025 Info Request,No contact,Silent since demo,,,OMIT,,https://app.hubspot.com/contacts/7762472/deal/51804817944
51843266339,University of Cincinnati Blue Ash College - MLS New Deal,50.0,0.0,2025-12-14,2025,2026-04-17,Q2,Bookings,Closed Lost,Shawna Granger,Clinical Record Keeping,,,,,Other,duplicate,,,OMIT,,https://app.hubspot.com/contacts/7762472/deal/51843266339
51843216796,Henry Ford College - Medical Assistant New Deal,50.0,0.0,2025-12-14,2025,2026-04-13,Q2,Bookings,Closed Lost,Shawna Granger,Clinical Record Keeping,,,,***NO longer there***,No contact,moved to a sequence,,,OMIT,,https://app.hubspot.com/contacts/7762472/deal/51843216796
51846884170,"Iowa Lakes Community College - Nursing-PN, ADN New Deal",3750.0,3750.0,2025-12-14,2025,2026-04-15,Q2,Bookings,Closed Lost,Ron Bright,Clinical Record Keeping,,,,Matrix,Bad timing,Timing,,,OMIT,,https://app.hubspot.com/contacts/7762472/deal/51846884170
51843207170,Kirtland Community College - Nursing-ADN New Deal,50.0,0.0,2025-12-14,2025,2026-04-01,Q2,Bookings,Closed Lost,Georgia Grey,Clinical Record Keeping,,,,OADN Member,No contact,No response,,,OMIT,,https://app.hubspot.com/contacts/7762472/deal/51843207170
51843185155,"Florida National University - Main Campus - Nursing-BSN, MSN New Deal",31500.0,31500.0,2025-12-14,2025,2026-04-01,Q2,Bookings,Closed Lost,Ron Bright,Clinical Record Keeping,,,,Matrix,Other,Enterprise sale with Trajecsys,,,OMIT,,https://app.hubspot.com/contacts/7762472/deal/51843185155
51800259498,Southeastern College - Vet Tech New Deal,50.0,0.0,2025-12-14,2025,2026-04-13,Q2,Bookings,Closed Lost,Shawna Granger,Clinical Record Keeping,,,,,No contact,moved to a sequence,,,OMIT,,https://app.hubspot.com/contacts/7762472/deal/51800259498
51843177632,Fox College - Vet Tech New Deal,50.0,0.0,2025-12-14,2025,2026-04-13,Q2,Bookings,Closed Lost,Shawna Granger,Clinical Record Keeping,,,,2023 AVTE,No contact,Silent,,,OMIT,,https://app.hubspot.com/contacts/7762472/deal/51843177632
51828924419,The College of Health Care Professions - Phlebotomy New Deal,50.0,0.0,2025-12-14,2025,2026-04-10,Q2,Bookings,Closed Lost,Shawna Granger,Clinical Record Keeping,,,,Matrix,Other,enterprise,,,OMIT,,https://app.hubspot.com/contacts/7762472/deal/51828924419
51803301185,Beaumont Health System - Pharm Tech New Deal,50.0,0.0,2025-12-14,2025,2026-04-13,Q2,Bookings,Closed Lost,Shawna Granger,Clinical Record Keeping,,,,2025 PTEC,No contact,Silent,,,OMIT,,https://app.hubspot.com/contacts/7762472/deal/51803301185
51843308468,NYC Health + Hospitals/South Brooklyn Health - Cardiovascular Tech (CT) New Deal,50.0,0.0,2025-12-14,2025,2026-04-17,Q2,Bookings,Closed Lost,Shawna Granger,Clinical Record Keeping,,,,2024 Info Request,No contact,moved to sequence,,,OMIT,,https://app.hubspot.com/contacts/7762472/deal/51843308468
51802689204,Joliet Junior College - Vet Tech,7200.0,7200.0,2025-12-14,2025,2026-05-11,Q2,Bookings,Closed Lost,Shawna Granger,Clinical Record Keeping,,Conference/Trade Show,,2024 AVTE registration list,Budget,the Program does not have the budget to support Trajecsys.,,,OMIT,,https://app.hubspot.com/contacts/7762472/deal/51802689204
51804356168,Northampton Community College - Medical Assisting New Deal,50.0,0.0,2025-12-14,2025,2026-04-10,Q2,Bookings,Closed Lost,Shawna Granger,Clinical Record Keeping,,,,School website,Other,moved to sequence,,,OMIT,,https://app.hubspot.com/contacts/7762472/deal/51804356168
51834545666,"West Virginia University - Parkersburg - Nursing-ADN, BSN New Deal",50.0,0.0,2025-12-14,2025,2026-05-20,Q2,Bookings,Closed Lost,Georgia Grey,Clinical Record Keeping,,,,Matrix,,,,,OMIT,,https://app.hubspot.com/contacts/7762472/deal/51834545666
51833114428,Wenatchee Valley College - Medical Assisting,50.0,0.0,2025-12-14,2025,2026-04-10,Q2,Bookings,Closed Lost,Shawna Granger,Clinical Record Keeping,,,,School website,Bad timing,New PD-not ready for change,,,OMIT,,https://app.hubspot.com/contacts/7762472/deal/51833114428
51846922789,Northwestern Connecticut Community College - Winsted - MA New Deal,50.0,0.0,2025-12-14,2025,2026-04-10,Q2,Bookings,Closed Lost,Shawna Granger,Clinical Record Keeping,,,,Top 20 Matrix,No contact,moved to sequence,,,OMIT,,https://app.hubspot.com/contacts/7762472/deal/51846922789
51846913112,Oakton College - MLS New Deal,50.0,0.0,2025-12-14,2025,2026-04-17,Q2,Bookings,Closed Lost,Shawna Granger,Clinical Record Keeping,,,,CLEC 2024,No contact,in sequence,,,OMIT,,https://app.hubspot.com/contacts/7762472/deal/51846913112
51839236893,Wake Technical Community College - Rad Tech New Deal,50.0,0.0,2025-12-14,2025,2026-04-10,Q2,Bookings,Closed Lost,Shawna Granger,Clinical Record Keeping,,,,School website,Bad timing,We are still not ready to make this transition yet,,,OMIT,,https://app.hubspot.com/contacts/7762472/deal/51839236893
51846840860,Bullard High School - Health Sciences New Deal,50.0,0.0,2025-12-14,2025,2026-04-30,Q2,Bookings,Closed Lost,Mandy Ray,Clinical Record Keeping,,Website,,Information Request 2025,No Product Fit,Not responding for web tour,,,OMIT,,https://app.hubspot.com/contacts/7762472/deal/51846840860
51846874643,"Missouri Valley College - Marshall - Nursing - BSN, MSN New Deal",50.0,0.0,2025-12-14,2025,2026-05-18,Q2,Bookings,Closed Lost,Georgia Grey,Clinical Record Keeping,,,,CCNE Site Directory,,,,,OMIT,,https://app.hubspot.com/contacts/7762472/deal/51846874643
51843303564,Del Mar College - Rad Tech New Deal,50.0,0.0,2025-12-14,2025,2026-04-10,Q2,Bookings,Closed Lost,Shawna Granger,Clinical Record Keeping,,,,2025 ACERT,No contact,moved to sequence,,,OMIT,,https://app.hubspot.com/contacts/7762472/deal/51843303564
51831093262,Mercy College - MLS New Deal,50.0,0.0,2025-12-14,2025,2026-04-17,Q2,Bookings,Closed Lost,Shawna Granger,Clinical Record Keeping,,,,CLEC 23,No contact,in sequence,,,OMIT,,https://app.hubspot.com/contacts/7762472/deal/51831093262
51804203168,Southeastern Community College - West Burlington - MA New Deal,50.0,0.0,2025-12-14,2025,2026-04-10,Q2,Bookings,Closed Lost,Shawna Granger,Clinical Record Keeping,,,,Matrix/CAHEEP website,No contact,moved to sequence,,,OMIT,,https://app.hubspot.com/contacts/7762472/deal/51804203168
51843286696,Pennsylvania State University-Berks - Radiography New Deal,50.0,0.0,2025-12-14,2025,2026-04-10,Q2,Bookings,Closed Lost,Shawna Granger,Clinical Record Keeping,,,,,No contact,moved to sequence,,,OMIT,,https://app.hubspot.com/contacts/7762472/deal/51843286696
51846893727,Independence College - Vet Tech New Deal,50.0,0.0,2025-12-14,2025,2026-04-10,Q2,Bookings,Closed Lost,Shawna Granger,Clinical Record Keeping,,,,,No contact,moved to sequence,,,OMIT,,https://app.hubspot.com/contacts/7762472/deal/51846893727
51783620354,Dakota County Technical College - Vet Tech ,3600.0,3600.0,2025-12-14,2025,2026-04-21,Q2,Bookings,Closed Lost,Shawna Granger,Clinical Record Keeping,,,,2023 AVTE,Budget,No funds in budget-open to reconnecting in the fall,,,OMIT,,https://app.hubspot.com/contacts/7762472/deal/51783620354
51843251308,Pima Community College - MLT New Deal,50.0,0.0,2025-12-14,2025,2026-04-17,Q2,Bookings,Closed Lost,Shawna Granger,Clinical Record Keeping,,,,NAACLS website,No contact,in sequence,,,OMIT,,https://app.hubspot.com/contacts/7762472/deal/51843251308
51846888867,Black Hawk College - Vet Tech New Deal,50.0,0.0,2025-12-14,2025,2026-04-10,Q2,Bookings,Closed Lost,Shawna Granger,Clinical Record Keeping,,,,2025 AVTE registration list,No contact,moved to sequence,,,OMIT,,https://app.hubspot.com/contacts/7762472/deal/51846888867
51834545667,Front Range Community College - Medical Assisting New Deal,50.0,0.0,2025-12-14,2025,2026-04-10,Q2,Bookings,Closed Lost,Shawna Granger,Clinical Record Keeping,,,,AAMA 22,No contact,moved to sequence,,,OMIT,,https://app.hubspot.com/contacts/7762472/deal/51834545667
51843256428,Gateway CC CT - Medical Assisting New Deal,50.0,0.0,2025-12-14,2025,2026-04-10,Q2,Bookings,Closed Lost,Shawna Granger,Clinical Record Keeping,,,,2024 AAMA,Budget,We are making cuts to fit the budget,,,OMIT,,https://app.hubspot.com/contacts/7762472/deal/51843256428
51843279121,Wake Forest University School of Medicine - Nursing New Deal,10000.0,10000.0,2025-12-14,2025,2026-04-02,Q2,Bookings,Closed Lost,Mandy Ray,Clinical Record Keeping,,,,2025 AACN,Unqualified,We did not pass accessibility request,,,OMIT,,https://app.hubspot.com/contacts/7762472/deal/51843279121
51843194633,Coastal Alabama Community College - Medical Assisting New Deal,50.0,0.0,2025-12-14,2025,2026-04-08,Q2,Bookings,Closed Lost,Shawna Granger,Clinical Record Keeping,,,,Matrix,Bad timing,Need to wait,,,OMIT,,https://app.hubspot.com/contacts/7762472/deal/51843194633
51843150453,Einstein Health - Radiologic Technology New Deal,50.0,0.0,2025-12-14,2025,2026-04-10,Q2,Bookings,Closed Lost,Shawna Granger,Clinical Record Keeping,,,,,No contact,moved to sequence,,,OMIT,,https://app.hubspot.com/contacts/7762472/deal/51843150453
51843246702,Columbus State Community College - Vet Tech ,8750.0,8750.0,2025-12-14,2025,2026-04-13,Q2,Bookings,Closed Lost,Shawna Granger,Clinical Record Keeping,,,,2025 AVTE,Budget,we can not justify the increased cost to our students at this time to make a switch. ,,,OMIT,,https://app.hubspot.com/contacts/7762472/deal/51843246702
51843310976,Saddleback College - MLT New Deal,50.0,0.0,2025-12-14,2025,2026-04-17,Q2,Bookings,Closed Lost,Shawna Granger,Clinical Record Keeping,,,,CLEC 2024,No contact,in sequence,,,OMIT,,https://app.hubspot.com/contacts/7762472/deal/51843310976
51804508974,Ashland Community & Technical College - Medical Information Technology New Deal,50.0,0.0,2025-12-14,2025,2026-04-17,Q2,Bookings,Closed Lost,Shawna Granger,Clinical Record Keeping,,,,Top 20 Matrix,No contact,in sequence,,,OMIT,,https://app.hubspot.com/contacts/7762472/deal/51804508974
51843293815,Southwest Tennessee Community College - MLT New Deal,50.0,0.0,2025-12-14,2025,2026-04-17,Q2,Bookings,Closed Lost,Shawna Granger,Clinical Record Keeping,,,,Matrix,No contact,in sequence,,,OMIT,,https://app.hubspot.com/contacts/7762472/deal/51843293815
51843266342,Spokane Community College - MA New Deal,50.0,0.0,2025-12-14,2025,2026-04-10,Q2,Bookings,Closed Lost,Shawna Granger,Clinical Record Keeping,,,,Matrix,No contact,moved to sequence,,,OMIT,,https://app.hubspot.com/contacts/7762472/deal/51843266342
51846874647,Appalachian State University - Boone - Vet Tech New Deal,50.0,0.0,2025-12-14,2025,2026-04-10,Q2,Bookings,Closed Lost,Shawna Granger,Clinical Record Keeping,,,,2025 Info Request,No Product Fit,Needs video component,,,OMIT,,https://app.hubspot.com/contacts/7762472/deal/51846874647
51782085897,"Dallas College - Nursing-PN, ADN, BSN",0.0,0.0,2025-12-14,2025,2026-04-07,Q2,Bookings,Closed Lost,Georgia Grey,,,,,Top 20 OADN/Matrix,Open to Revisiting,Other,,,OMIT,,https://app.hubspot.com/contacts/7762472/deal/51782085897
51801645080,- Vet Tech New Deal,50.0,0.0,2025-12-14,2025,2026-04-10,Q2,Bookings,Closed Lost,Shawna Granger,Clinical Record Keeping,,,,***undeliverable***,No contact,silent,,,OMIT,,https://app.hubspot.com/contacts/7762472/deal/51801645080
51846918206,Rowan College at Gloucester County - Nursing-ADN New Deal,50.0,0.0,2025-12-14,2025,2026-04-05,Q2,Bookings,Closed Lost,Ron Bright,Clinical Record Keeping,,,,Matrix/OADN Member,Other,duplicate-we have this program,,,OMIT,,https://app.hubspot.com/contacts/7762472/deal/51846918206
51843291518,Galveston College - Medical Assisting New Deal,50.0,0.0,2025-12-14,2025,2026-04-10,Q2,Bookings,Closed Lost,Shawna Granger,Clinical Record Keeping,,,,School website,No contact,silent,,,OMIT,,https://app.hubspot.com/contacts/7762472/deal/51843291518
51834153364,Delaware Technical Community College - Nursing-ADN New Deal,50.0,0.0,2025-12-14,2025,2026-04-20,Q2,Bookings,Closed Lost,86214498,Clinical Record Keeping,true,,,Matrix/Big Fish,Bad timing,Ben acct,,,OMIT,,https://app.hubspot.com/contacts/7762472/deal/51834153364
51846884199,"Southeast Missouri State University - Nursing - BSN, MSN New Deal",11250.0,11250.0,2025-12-14,2025,2026-05-20,Q2,Bookings,Closed Lost,Georgia Grey,Clinical Record Keeping,,,,CCNE Site Directory,Competitor,,,,OMIT,,https://app.hubspot.com/contacts/7762472/deal/51846884199
51829105069,"Missouri State University-West Plains - Nursing-BSN, MSN, DNP New Deal",50.0,0.0,2025-12-14,2025,2026-04-23,Q2,Bookings,Closed Lost,Georgia Grey,Clinical Record Keeping,,Association,,OADN Member/2024 MO-Nurse Edu Inst,No contact,No contact,,,OMIT,,https://app.hubspot.com/contacts/7762472/deal/51829105069
51825162595,Technology Center of DuPage - Medical Assisting New Deal,50.0,0.0,2025-12-14,2025,2026-04-13,Q2,Bookings,Closed Lost,Shawna Granger,Clinical Record Keeping,,,,***undeliverable***,No contact,Need new contact,,,OMIT,,https://app.hubspot.com/contacts/7762472/deal/51825162595
51834153366,Weatherford College - Phlebotomy New Deal,50.0,0.0,2025-12-14,2025,2026-04-10,Q2,Bookings,Closed Lost,Shawna Granger,Clinical Record Keeping,,,,Top 20 Matrix,No contact,silent,,,OMIT,,https://app.hubspot.com/contacts/7762472/deal/51834153366
51820967458,Southern Maine Community College - Medical Assistant,1300.0,1300.0,2025-12-14,2025,2026-04-27,Q2,Bookings,Closed Lost,Shawna Granger,Clinical Record Keeping,,,,,No contact,Silent,,,OMIT,,https://app.hubspot.com/contacts/7762472/deal/51820967458
51846071828,Blue Ridge Community College - Flat Rock - Vet Tech New Deal,50.0,0.0,2025-12-14,2025,2026-04-10,Q2,Bookings,Closed Lost,Shawna Granger,Clinical Record Keeping,,Conference/Trade Show,,2025 AVTE registration list,No contact,moved to sequence,,,OMIT,,https://app.hubspot.com/contacts/7762472/deal/51846071828
51804669043,"United University of Nursing - Nursing-ADN, RN to BSN New Deal",15000.0,15000.0,2025-12-14,2025,2026-04-30,Q2,Bookings,Closed Lost,Ron Bright,Clinical Record Keeping,,,,,Bad timing,Curriculum changes-fu for 2027,,,OMIT,,https://app.hubspot.com/contacts/7762472/deal/51804669043
51846899022,Bismarck State College - MLT/MLS New Deal,50.0,0.0,2025-12-14,2025,2026-04-17,Q2,Bookings,Closed Lost,Shawna Granger,Clinical Record Keeping,,,,,No contact,in sequence,,,OMIT,,https://app.hubspot.com/contacts/7762472/deal/51846899022
51714442862,Valencia College - MRI New Deal,50.0,0.0,2025-12-14,2025,2026-04-10,Q2,Bookings,Closed Lost,Shawna Granger,Clinical Record Keeping,,,,Matrix,Bad timing,PD retiring,,,OMIT,,https://app.hubspot.com/contacts/7762472/deal/51714442862
51843199008,Cuyahoga Community College - Massage Therapy New Deal,50.0,0.0,2025-12-14,2025,2026-04-30,Q2,Bookings,Closed Lost,Mandy Ray,Clinical Record Keeping,,,,Matrix,No Product Fit,Did not work for them,,,OMIT,,https://app.hubspot.com/contacts/7762472/deal/51843199008
51803301195,Harcum College - Vet Nursing New Deal,50.0,0.0,2025-12-14,2025,2026-04-10,Q2,Bookings,Closed Lost,Shawna Granger,Clinical Record Keeping,,Conference/Trade Show,,2024 AVTE,Other,comfortable with the system we currently use,,,OMIT,,https://app.hubspot.com/contacts/7762472/deal/51803301195
51843268684,Mt. San Antonio College - Rad Tech New Deal,50.0,0.0,2025-12-14,2025,2026-04-13,Q2,Bookings,Closed Lost,Shawna Granger,Clinical Record Keeping,,,,JRCERT website,Bad timing,I do not feel it is beneficial to make our students pay so much money for this.,,,OMIT,,https://app.hubspot.com/contacts/7762472/deal/51843268684
51782085983,Columbus Techncial College - Medical Assisting New Deal,50.0,0.0,2025-12-14,2025,2026-04-10,Q2,Bookings,Closed Lost,Shawna Granger,Clinical Record Keeping,,,,Matrix,No contact,moved to a sequence,,,OMIT,,https://app.hubspot.com/contacts/7762472/deal/51782085983
51843194643,Long Island University - Veterinary Technology New Deal,50.0,0.0,2025-12-14,2025,2026-04-10,Q2,Bookings,Closed Lost,Shawna Granger,Clinical Record Keeping,,,,Matrix/CVTEA Website,No Product Fit,not a good fit,,,OMIT,,https://app.hubspot.com/contacts/7762472/deal/51843194643
51843268685,International Business College - Indianapolis - Vet Tech New Deal,50.0,0.0,2025-12-14,2025,2026-04-10,Q2,Bookings,Closed Lost,Shawna Granger,Clinical Record Keeping,,Conference/Trade Show,,2025 AVTE,Other,For profit,,,OMIT,,https://app.hubspot.com/contacts/7762472/deal/51843268685
51806821513,Miami Dade College - Veterinary Technology New Deal,50.0,0.0,2025-12-14,2025,2026-04-10,Q2,Bookings,Closed Lost,Shawna Granger,Clinical Record Keeping,,,,Top 20 Matrix,No contact,silent,,,OMIT,,https://app.hubspot.com/contacts/7762472/deal/51806821513
51804817960,Lincoln University - Vet Tech New Deal,50.0,0.0,2025-12-14,2025,2026-04-10,Q2,Bookings,Closed Lost,Shawna Granger,Clinical Record Keeping,,,,School website,Other,For profit,,,OMIT,,https://app.hubspot.com/contacts/7762472/deal/51804817960
51846927762,Volunteer State Community College - Polysomnographic Technology New Deal,50.0,0.0,2025-12-14,2025,2026-04-13,Q2,Bookings,Closed Lost,Shawna Granger,Clinical Record Keeping,,,,Matrix,No contact,silent,,,OMIT,,https://app.hubspot.com/contacts/7762472/deal/51846927762
51843142402,Macomb Community College - Nursing-ADN New Deal,28000.0,28000.0,2025-12-14,2025,2026-04-15,Q2,Bookings,Closed Lost,Georgia Grey,Clinical Record Keeping,,Webinar,,2025 OADN Webinar,Bad timing,Reconnect next year,,,OMIT,,https://app.hubspot.com/contacts/7762472/deal/51843142402
51796991056,Gartner - Vet Tech New Deal,50.0,0.0,2025-12-14,2025,2026-04-10,Q2,Bookings,Closed Lost,Shawna Granger,Clinical Record Keeping,,Website,,Info Request 2024,No contact,moved to a sequence,,,OMIT,,https://app.hubspot.com/contacts/7762472/deal/51796991056
51843264084,College of the Canyons - MLT New Deal,50.0,0.0,2025-12-14,2025,2026-04-10,Q2,Bookings,Closed Lost,Shawna Granger,Clinical Record Keeping,,,,Matrix,Other,moved to sequence,,,OMIT,,https://app.hubspot.com/contacts/7762472/deal/51843264084
51833567404,Colorado Mesa University - Medical Assisting New Deal,50.0,0.0,2025-12-14,2025,2026-04-10,Q2,Bookings,Closed Lost,Shawna Granger,Clinical Record Keeping,,,,23 AAMA/Matrix,Other,moved to sequence,,,OMIT,,https://app.hubspot.com/contacts/7762472/deal/51833567404
51845690018,Miami Dade College - Medical Assisting New Deal,50.0,0.0,2025-12-14,2025,2026-04-10,Q2,Bookings,Closed Lost,Shawna Granger,Clinical Record Keeping,,,,Matrix,Other,moved to a sequence,,,OMIT,,https://app.hubspot.com/contacts/7762472/deal/51845690018
51843293840,Trocaire College - Phlebotomy New Deal,50.0,0.0,2025-12-14,2025,2026-04-30,Q2,Bookings,Closed Lost,Mandy Ray,Clinical Record Keeping,,,,Top 20 Matrix,Budget,No money in budget,,,OMIT,,https://app.hubspot.com/contacts/7762472/deal/51843293840
51843187853,"Venango County Area Vocational Technical School - Oil City - PN, (New in 2026) RN New Deal",50.0,0.0,2025-12-14,2025,2026-05-20,Q2,Bookings,Closed Lost,Georgia Grey,Clinical Record Keeping,,Conference/Trade Show,,2024 Spring PAPNA,,,,,OMIT,,https://app.hubspot.com/contacts/7762472/deal/51843187853
51839236933,Hillsborough Community College - Vet Tech New Deal,50.0,0.0,2025-12-14,2025,2026-04-07,Q2,Bookings,Closed Lost,Shawna Granger,Clinical Record Keeping,,,,,No contact,moved to a sequence,,,OMIT,,https://app.hubspot.com/contacts/7762472/deal/51839236933
51846910526,New York Medical Career Training Center - DMS New Deal,50.0,0.0,2025-12-14,2025,2026-04-07,Q2,Bookings,Closed Lost,Shawna Granger,Clinical Record Keeping,,,,,No contact,moved to a sequence,,,OMIT,,https://app.hubspot.com/contacts/7762472/deal/51846910526
51846877312,Oakton College - Medical Assisting New Deal,50.0,0.0,2025-12-14,2025,2026-04-07,Q2,Bookings,Closed Lost,Shawna Granger,Clinical Record Keeping,,,,School website,No contact,Moved to a sequence,,,OMIT,,https://app.hubspot.com/contacts/7762472/deal/51846877312
51843266365,GateWay Community College - Respiratory Therapy New Deal,50.0,0.0,2025-12-14,2025,2026-04-21,Q2,Bookings,Closed Lost,Mark Moore,Clinical Record Keeping,,Conference/Trade Show,,2025 AARC Forum,Bad timing,Wanted to start program on paper then transition to electronic system,,,OMIT,,https://app.hubspot.com/contacts/7762472/deal/51843266365
51804203184,- MLS New Deal,50.0,0.0,2025-12-14,2025,2026-04-10,Q2,Bookings,Closed Lost,Shawna Granger,Clinical Record Keeping,,,,,No contact,silent,,,OMIT,,https://app.hubspot.com/contacts/7762472/deal/51804203184
51834545788,Johnston Community College - Radiography New Deal,50.0,0.0,2025-12-14,2025,2026-04-07,Q2,Bookings,Closed Lost,Shawna Granger,Clinical Record Keeping,,,,,No contact,moved to a sequence,,,OMIT,,https://app.hubspot.com/contacts/7762472/deal/51834545788
51843209281,Phillips Community College of University of Arkansas - Nursing - ADN New Deal,14000.0,14000.0,2025-12-14,2025,2026-04-01,Q2,Bookings,Closed Lost,Cara Heinrich,Clinical Record Keeping,,,,,Bad timing,Not incorporating new products,,,OMIT,,https://app.hubspot.com/contacts/7762472/deal/51843209281
51801028120,University of Nebraska - Lincoln - Vet Tech New Deal,50.0,0.0,2025-12-14,2025,2026-04-07,Q2,Bookings,Closed Lost,Shawna Granger,Clinical Record Keeping,,Website,,2025 Info Request,No contact,moved to a sequence,,,OMIT,,https://app.hubspot.com/contacts/7762472/deal/51801028120
51833567503,HARRISON COLLEGE - Vet Tech New Deal,50.0,0.0,2025-12-14,2025,2026-04-07,Q2,Bookings,Closed Lost,Shawna Granger,Clinical Record Keeping,,Conference/Trade Show,,2025 AVTE,No contact,moved to a sequence,,,OMIT,,https://app.hubspot.com/contacts/7762472/deal/51833567503
51843259284,Northern Virginia Community College - Vet Tech New Deal,50.0,0.0,2025-12-14,2025,2026-04-07,Q2,Bookings,Closed Lost,Shawna Granger,Clinical Record Keeping,,,,Top 20 Matrix,No contact,moved to a sequence,,,OMIT,,https://app.hubspot.com/contacts/7762472/deal/51843259284
51842984109,Columbus State Community College - MA New Deal,50.0,0.0,2025-12-14,2025,2026-04-07,Q2,Bookings,Closed Lost,Shawna Granger,Clinical Record Keeping,,,,AAMA 23/Matrix,No contact,moved to a sequence,,,OMIT,,https://app.hubspot.com/contacts/7762472/deal/51842984109
51843283849,central Ohio technical college - DMS New Deal,50.0,0.0,2025-12-14,2025,2026-04-17,Q2,Bookings,Closed Lost,Shawna Granger,Clinical Record Keeping,,,,Matrix/CAHEEP website,No contact,in sequence,,,OMIT,,https://app.hubspot.com/contacts/7762472/deal/51843283849
51796991079,North Iowa Area Community College - Nursing-ADN New Deal,15450.0,15450.0,2025-12-14,2025,2026-04-09,Q2,Bookings,Closed Lost,Georgia Grey,Clinical Record Keeping,,,,,Competitor,Stated they are using Navigate360 for recordkeeping,,,OMIT,,https://app.hubspot.com/contacts/7762472/deal/51796991079
51846866871,Bridgerland Technical College - Logan - Pharmacy Tech,50.0,0.0,2025-12-14,2025,2026-04-13,Q2,Bookings,Closed Lost,Shawna Granger,Clinical Record Keeping,,Conference/Trade Show,,2025 PTEC,No contact,Silent since demo on 07/21/2025,,,OMIT,,https://app.hubspot.com/contacts/7762472/deal/51846866871
51843281535,GateWay Community College - Corporate Office - Pharmacy Tech New Deal,50.0,0.0,2025-12-14,2025,2026-04-13,Q2,Bookings,Closed Lost,Shawna Granger,Clinical Record Keeping,,,,***NO longer there***,Budget,State spending freeze,,,OMIT,,https://app.hubspot.com/contacts/7762472/deal/51843281535
51815286029,Rush University - MLS New Deal,50.0,0.0,2025-12-14,2025,2026-04-07,Q2,Bookings,Closed Lost,Shawna Granger,Clinical Record Keeping,,Conference/Trade Show,,2024 CAAHEP Symposium,No contact,moved to a sequence,,,OMIT,,https://app.hubspot.com/contacts/7762472/deal/51815286029
51843221908,Central Carolina Community College - Veterinary Technology New Deal,50.0,0.0,2025-12-14,2025,2026-04-07,Q2,Bookings,Closed Lost,Shawna Granger,Clinical Record Keeping,,,,,No contact,moved to a sequence,,,OMIT,,https://app.hubspot.com/contacts/7762472/deal/51843221908
51802848298,Farmingdale State College - MLS New Deal,50.0,0.0,2025-12-14,2025,2026-04-07,Q2,Bookings,Closed Lost,Shawna Granger,Clinical Record Keeping,,Conference/Trade Show,,CLEC 23,No contact,moved to sequence,,,OMIT,,https://app.hubspot.com/contacts/7762472/deal/51802848298
51843283882,Penn Foster - Vet Tech New Deal,50.0,0.0,2025-12-14,2025,2026-04-13,Q2,Bookings,Closed Lost,Shawna Granger,Clinical Record Keeping,,,,,No Product Fit,distance ed-needs video feature,,,OMIT,,https://app.hubspot.com/contacts/7762472/deal/51843283882
51846903878,San Juan College - Vet Tech New Deal,50.0,0.0,2025-12-14,2025,2026-04-07,Q2,Bookings,Closed Lost,Shawna Granger,Clinical Record Keeping,,,,,No Product Fit,Need video component,,,OMIT,,https://app.hubspot.com/contacts/7762472/deal/51846903878
51843291564,Gwinnett Technical College - MA New Deal,50.0,0.0,2025-12-14,2025,2026-04-07,Q2,Bookings,Closed Lost,Shawna Granger,Clinical Record Keeping,,,,Top 20 Matrix,No contact,moved to a sequence,,,OMIT,,https://app.hubspot.com/contacts/7762472/deal/51843291564
51846682165,Valparaiso University - Valparaiso - MLS New Deal,50.0,0.0,2025-12-14,2025,2026-04-07,Q2,Bookings,Closed Lost,Shawna Granger,Clinical Record Keeping,,Conference/Trade Show,,CLEC 2024,No contact,moved to a sequence,,,OMIT,,https://app.hubspot.com/contacts/7762472/deal/51846682165
51843192889,Central New Mexico Community College - Vet Tech New Deal,50.0,0.0,2025-12-14,2025,2026-04-07,Q2,Bookings,Closed Lost,Shawna Granger,Clinical Record Keeping,,,,School website,No contact,moved to a sequence,,,OMIT,,https://app.hubspot.com/contacts/7762472/deal/51843192889
51843209322,Tidewater Community College - MLT New Deal,1050.0,1050.0,2025-12-14,2025,2026-05-14,Q2,Bookings,Closed Lost,Mandy Ray,Clinical Record Keeping,,Website,,Information Request 2024,Budget,Does not want to add in another cost for the students,,,OMIT,,https://app.hubspot.com/contacts/7762472/deal/51843209322
51843321145,"Walsh University - Canton - Nursing-BSN, MSN New Deal",50.0,0.0,2025-12-14,2025,2026-04-01,Q2,Bookings,Closed Lost,Georgia Grey,Clinical Record Keeping,,,,Ohio League for Nursing Site,No contact,No response,,,OMIT,,https://app.hubspot.com/contacts/7762472/deal/51843321145
51846920449,Camp Ollin - Veterinary Technology New Deal,50.0,0.0,2025-12-14,2025,2026-04-07,Q2,Bookings,Closed Lost,Shawna Granger,Clinical Record Keeping,,,,,No contact,Moved to a sequence ,,,OMIT,,https://app.hubspot.com/contacts/7762472/deal/51846920449
51828924559,Wilkes Community College - DA New Deal,50.0,2400.0,2025-12-14,2025,2026-04-20,Q2,Bookings,Closed Lost,Mark Moore,Clinical Record Keeping,,,,Matrix,Open to Revisiting,budget ,,,OMIT,,https://app.hubspot.com/contacts/7762472/deal/51828924559
51843283974,Saint Francis Health System - MLS New Deal,50.0,0.0,2025-12-14,2025,2026-04-07,Q2,Bookings,Closed Lost,Shawna Granger,Clinical Record Keeping,,Conference/Trade Show,,CLEC2020,No contact,Moved to a sequence,,,OMIT,,https://app.hubspot.com/contacts/7762472/deal/51843283974
54609786007,Keiser University - SIS Bundle,1656000.0,1656000.0,2026-01-26,Q1,2026-04-07,Q2,Bookings,Closed Lost,Jackson Batchelder,,,Website,,,Competitor,chose Ellucian - least path of resistance since they were Anthology,,,OMIT,,https://app.hubspot.com/contacts/7762472/deal/54609786007
54956438560,Alexander Paul Institute of Hair Design - FA,9600.0,9600.0,2026-01-28,Q1,2026-05-12,Q2,Bookings,Closed Lost,Jackson Batchelder,FA Software,,Cold outreach,,,,,,,OMIT,,https://app.hubspot.com/contacts/7762472/deal/54956438560
55299387669,Healthcare Training Institute - [Recordkeeping],600.0,0.0,2026-02-02,Q1,2026-04-03,Q2,Bookings,Closed Lost,Shawna Granger,Clinical Record Keeping,,Referral,,From another school,Other,Data Reconciliation,,,OMIT,,https://app.hubspot.com/contacts/7762472/deal/55299387669
55827455348,Buckeye Joint Vocational School - FA Full Service,22988.0,22988.0,2026-02-09,Q1,2026-05-28,Q2,Bookings,Closed Lost,Jackson Batchelder,FA Service,,Website,,,Building Internally,They decided to train more staff instead of outsourcing,,,OMIT,,https://app.hubspot.com/contacts/7762472/deal/55827455348
55927585971,"Neihule Academy of Beauty - FA Full Service, CRM, SIS",36472.8,36472.8,2026-02-10,Q1,2026-04-02,Q2,Bookings,Closed Lost,Jackson Batchelder,FA Service,,Website,,,Competitor,FAME offered more flexibility and cost less,,,OMIT,,https://app.hubspot.com/contacts/7762472/deal/55927585971
56460932358,Epic Flight Academy Corporate - FA Full Service,18188.0,18188.0,2026-02-17,Q1,2026-05-26,Q2,Bookings,Closed Lost,Jackson Batchelder,FA Service,,Sales Rep Referral,,,Budget,Implementation fee was too high. ,,,OMIT,,https://app.hubspot.com/contacts/7762472/deal/56460932358
57230577259,Applied Tech -Nursing- PN,13000.0,13000.0,2026-02-28,Q1,2026-05-14,Q2,Bookings,Closed Lost,Ron Bright,Clinical Record Keeping,,Cold outreach,,Cold Outreach,Other,Adding FOCUS SIS-took the budget for this yr,,,OMIT,,https://app.hubspot.com/contacts/7762472/deal/57230577259
57350942624,Centra College - Nursing- ADN,9750.0,9750.0,2026-03-02,Q1,2026-04-16,Q2,Bookings,Closed Lost,Ron Bright,Clinical Record Keeping,,,,,Competitor,TracPrac,,,OMIT,,https://app.hubspot.com/contacts/7762472/deal/57350942624
57506333770,University of Arkansas - Fort Smith - ADN,7500.0,7500.0,2026-03-03,Q1,2026-04-21,Q2,Bookings,Closed Lost,Georgia Grey,Clinical Record Keeping,,,,OADN/Matrix,Open to Revisiting,Timing not right - short staffed,,,OMIT,,https://app.hubspot.com/contacts/7762472/deal/57506333770
57506334010,University of Hawaii - Hilo - BSN,7500.0,7500.0,2026-03-03,Q1,2026-05-05,Q2,Bookings,Closed Lost,Georgia Grey,Clinical Record Keeping,,,,Matrix,,,,,OMIT,,https://app.hubspot.com/contacts/7762472/deal/57506334010
57506702115,Casper College- Rad Tech,2500.0,2500.0,2026-03-03,Q1,2026-04-08,Q2,Bookings,Closed Lost,Shawna Granger,Clinical Record Keeping,,,,,Other,Duplicate,,,OMIT,,https://app.hubspot.com/contacts/7762472/deal/57506702115
57553789749,Frederick Community College - Vet Tech,50.0,0.0,2026-03-05,Q1,2026-04-07,Q2,Bookings,Closed Lost,Shawna Granger,Clinical Record Keeping,,,,,No Product Fit,Current program does not have externship component,,,OMIT,,https://app.hubspot.com/contacts/7762472/deal/57553789749
57601550498,Frederick Community College - Medical Assisting,1200.0,1200.0,2026-03-05,Q1,2026-04-27,Q2,Bookings,Closed Lost,Shawna Granger,Clinical Record Keeping,,,,,Open to Revisiting,We are going to hold off on moving forward with Trajecsys for right now.  ,,,OMIT,,https://app.hubspot.com/contacts/7762472/deal/57601550498
57539415878,Frederick Community College - Phlebotomy,900.0,900.0,2026-03-05,Q1,2026-04-27,Q2,Bookings,Closed Lost,Shawna Granger,Clinical Record Keeping,,,,,Open to Revisiting,We are going to hold off on moving forward with Trajecsys for right now.  ,,,OMIT,,https://app.hubspot.com/contacts/7762472/deal/57539415878
57619343143,Columbus State Community College - ADN,60000.0,60000.0,2026-03-05,Q1,2026-04-28,Q2,Bookings,Closed Lost,Georgia Grey,Clinical Record Keeping,,,,,Bad timing,New leadership,,,OMIT,,https://app.hubspot.com/contacts/7762472/deal/57619343143
57619461898,University of New Mexico - Valencia - ADN - New Deal,0.0,0.0,2026-03-05,Q1,2026-04-29,Q2,Bookings,Closed Lost,Georgia Grey,,,,,Matrix,Competitor,Lost to competitor,,,OMIT,,https://app.hubspot.com/contacts/7762472/deal/57619461898
57610406948,Southeast Technical College - ADN - New Deal,0.0,0.0,2026-03-05,Q1,2026-04-15,Q2,Bookings,Closed Lost,Georgia Grey,,,,,Matrix,Bad timing,Not ready yet,,,OMIT,,https://app.hubspot.com/contacts/7762472/deal/57610406948
57601643427,Laney College - Oakland - Attendance & Skills Tracker,7200.0,7200.0,2026-03-05,Q1,2026-04-28,Q2,Bookings,Closed Lost,Dylan Harmon,Attendance_;Skills Tracker;Verity Professional Services,,Cold outreach,,,Budget,Did not get the grant they were hoping to,,,OMIT,,https://app.hubspot.com/contacts/7762472/deal/57601643427
57619528876,Auburn University - Nutrition & Dietetics,2250.0,2250.0,2026-03-06,Q1,2026-05-11,Q2,Bookings,Closed Lost,Shawna Granger,Clinical Record Keeping,,Website,,2026 info request,No contact,Silent after many attempts,,,OMIT,,https://app.hubspot.com/contacts/7762472/deal/57619528876
57619539003,California State University - Los Angeles - Nutrition & Dietetics,1000.0,1000.0,2026-03-06,Q1,2026-05-20,Q2,Bookings,Closed Lost,Shawna Granger,Clinical Record Keeping,,,,,Bad timing,,,I will have to circle back to you when our next cohort begins in Fall of 2027.,OMIT,,https://app.hubspot.com/contacts/7762472/deal/57619539003
57668938286,Ember Education - SIS,1085280.0,1192280.0,2026-03-06,Q1,2026-06-29,Q2,Bookings,Closed Lost,Jackson Batchelder,Recruit;Student,,Cold outreach,,,Competitor,"frustrated with product past performance, lack of AI",,,OMIT,,https://app.hubspot.com/contacts/7762472/deal/57668938286
57668944203,Haywood Community College - Clyde - Medical Assisting,0.0,0.0,2026-03-06,Q1,2026-04-08,Q2,Bookings,Closed Lost,Shawna Granger,,,,,,Bad timing,After talking with Jodi I think we are going to wait on this project for now. ,,,OMIT,,https://app.hubspot.com/contacts/7762472/deal/57668944203
57746322333,Indian River State College - Pharm Tech,5000.0,5000.0,2026-03-06,Q1,2026-04-13,Q2,Bookings,Closed Lost,Shawna Granger,Clinical Record Keeping,,Website,,2026 info request,Competitor,Went with Platinum,,,OMIT,,https://app.hubspot.com/contacts/7762472/deal/57746322333
57746322863,Lamar University - Beaumont MLS- New Deal,1000.0,1000.0,2026-03-06,Q1,2026-05-07,Q2,Bookings,Closed Lost,Mandy Ray,Clinical Record Keeping,,,,,Bad timing,"New program, pushed hiring CC back to Spring. Open to reconnect",,,OMIT,,https://app.hubspot.com/contacts/7762472/deal/57746322863
57669068067,Tarrant County College District - Medical Coding,850.0,850.0,2026-03-06,Q1,2026-04-08,Q2,Bookings,Closed Lost,Shawna Granger,Clinical Record Keeping,,,,,No Product Fit,No Externship,,,OMIT,,https://app.hubspot.com/contacts/7762472/deal/57669068067
57830631696,Baker College Of Owosso - Vet Tech,0.0,0.0,2026-03-09,Q1,2026-04-13,Q2,Bookings,Closed Lost,Shawna Granger,,,,,,Competitor,exploring a new tool that is free to use within our Canvas shell.,,,OMIT,,https://app.hubspot.com/contacts/7762472/deal/57830631696
57830193061,Baker College of Cadillac - Medical Assisting,0.0,0.0,2026-03-09,Q1,2026-04-13,Q2,Bookings,Closed Lost,Shawna Granger,,,,,,Bad timing,New as PD-needs time to get adjusted,,,OMIT,,https://app.hubspot.com/contacts/7762472/deal/57830193061
57830364517,Baker College of Jackson - Vet Tech,0.0,0.0,2026-03-09,Q1,2026-04-13,Q2,Bookings,Closed Lost,Shawna Granger,,,,,,Competitor,exploring a new tool that is free to use within our Canvas shell.,,,OMIT,,https://app.hubspot.com/contacts/7762472/deal/57830364517
57830133786,Carver Career Center / BridgeValley CTC - Vet Tech,3750.0,3750.0,2026-03-09,Q1,2026-04-13,Q2,Bookings,Closed Lost,Shawna Granger,Clinical Record Keeping,,,,,Other,The college has decided to discontinue the program and we will be teaching out the current students.,,,OMIT,,https://app.hubspot.com/contacts/7762472/deal/57830133786
57830752785,COLLIN COLLEGE - Medical Assisting,0.0,0.0,2026-03-09,Q1,2026-04-13,Q2,Bookings,Closed Lost,Shawna Granger,,,,,,Budget,Not willing to pass cost to students,,,OMIT,,https://app.hubspot.com/contacts/7762472/deal/57830752785
57830196362,Corewell Health - Pharm Tech,0.0,0.0,2026-03-09,Q1,2026-04-13,Q2,Bookings,Closed Lost,Shawna Granger,,,,,,Other,Duplicate,,,OMIT,,https://app.hubspot.com/contacts/7762472/deal/57830196362
57865269590,University of Texas Medical Branch Path A - New Deal,500.0,500.0,2026-03-10,Q1,2026-05-06,Q2,Bookings,Closed Lost,Mandy Ray,Clinical Record Keeping,,,,,Bad timing,"Using Typhon, likes features we offer but would not want to get started till August 2027.  Wants to reconnect in march 2027",,,OMIT,,https://app.hubspot.com/contacts/7762472/deal/57865269590
57865517599,Seminole State College - Seminole Respiratory Therapy- New Deal,3750.0,0.0,2026-03-10,Q1,2026-05-15,Q2,Bookings,Closed Lost,Mandy Ray,Clinical Record Keeping,,,,,Budget,"Schedulling and budgeting issues, staying with paper",,,OMIT,,https://app.hubspot.com/contacts/7762472/deal/57865517599
59369526453,Ember Education - FA Full Service,754500.0,905520.0,2026-03-10,Q1,2026-06-16,Q2,Bookings,Closed Lost,Jackson Batchelder,FA Service,,Cold outreach,,,Building Internally,They revisited their resources and restructured,,,OMIT,,https://app.hubspot.com/contacts/7762472/deal/59369526453
57909114189,Bryant & Stratton College - Richmond - ADN New Deal,60000.0,60000.0,2026-03-10,Q1,2026-04-23,Q2,Bookings,Closed Lost,Ron Bright,Clinical Record Keeping,,Website,,2026 Info request,Competitor,Core -Elms,,,OMIT,,https://app.hubspot.com/contacts/7762472/deal/57909114189
57911411462,Ozarks Technical Community College - MLT,0.0,0.0,2026-03-10,Q1,2026-04-30,Q2,Bookings,Closed Lost,Mandy Ray,,,,,,Other,"Happy with current process
",,,OMIT,,https://app.hubspot.com/contacts/7762472/deal/57911411462
57905357990,Porter and Chester Institute - MA,0.0,0.0,2026-03-10,Q1,2026-04-08,Q2,Bookings,Closed Lost,Shawna Granger,,,,,,Other,Duplicate,,,OMIT,,https://app.hubspot.com/contacts/7762472/deal/57905357990
57906905655,Baptist Health College Little Rock - ST,0.0,0.0,2026-03-10,Q1,2026-05-15,Q2,Bookings,Closed Lost,Mark Moore,,,,,,,,,,OMIT,,https://app.hubspot.com/contacts/7762472/deal/57906905655
57896889677,Baptist Health System School of Health Professions - Radiography,0.0,0.0,2026-03-10,Q1,2026-04-13,Q2,Bookings,Closed Lost,Shawna Granger,,,,,,Bad timing,eValue contract still in place,,,OMIT,,https://app.hubspot.com/contacts/7762472/deal/57896889677
57905205535,Aiken Technical College - Paramedic,0.0,0.0,2026-03-10,Q1,2026-04-08,Q2,Bookings,Closed Lost,Mandy Ray,,,,,,Competitor,went with Platinum planner,,,OMIT,,https://app.hubspot.com/contacts/7762472/deal/57905205535
57912960348,Phillips Community College of University of Arkansas - MLT,0.0,0.0,2026-03-10,Q1,2026-04-30,Q2,Bookings,Closed Lost,Mandy Ray,,,,,,Other,Happy with paper process,,,OMIT,,https://app.hubspot.com/contacts/7762472/deal/57912960348
57898594631,University of Findlay - PA,100.0,100.0,2026-03-10,Q1,2026-04-30,Q2,Bookings,Closed Lost,Mandy Ray,Clinical Record Keeping,,Website,,2026 Info request,No contact,No contat,,,OMIT,,https://app.hubspot.com/contacts/7762472/deal/57898594631
57903657629,Mercy Hospital - MLS,0.0,0.0,2026-03-10,Q1,2026-04-30,Q2,Bookings,Closed Lost,Mandy Ray,,,,,,Bad timing,Wants to reconnect in August,,,OMIT,,https://app.hubspot.com/contacts/7762472/deal/57903657629
57887017223,Everett Community College - Nursing-ADN,15000.0,15000.0,2026-03-10,Q1,2026-05-04,Q2,Bookings,Closed Lost,Ron Bright,Clinical Record Keeping,,,,,,,,,OMIT,,https://app.hubspot.com/contacts/7762472/deal/57887017223
57909863335,Fortis College -Salt Lake - Nursing-ADN,22500.0,22500.0,2026-03-10,Q1,2026-04-29,Q2,Bookings,Closed Lost,Ron Bright,Clinical Record Keeping,,,,,Other,Enterprise account-was selling local program specific,,,OMIT,,https://app.hubspot.com/contacts/7762472/deal/57909863335
57910788521,Alamo College - St. Philips College - respiratory,0.0,0.0,2026-03-10,Q1,2026-04-30,Q2,Bookings,Closed Lost,Mandy Ray,,,,,,Other,DCE not interested in moving forward with us,,,OMIT,,https://app.hubspot.com/contacts/7762472/deal/57910788521
57897820953,Orange Technical College - DA,0.0,2250.0,2026-03-10,Q1,2026-04-22,Q2,Bookings,Closed Lost,Mark Moore,,,,,,Open to Revisiting,fall,,,OMIT,,https://app.hubspot.com/contacts/7762472/deal/57897820953
57911565887,The University of Tennessee Health Science Center - DH,0.0,0.0,2026-03-10,Q1,2026-05-08,Q2,Bookings,Closed Lost,Mark Moore,,,,,,,,,,OMIT,,https://app.hubspot.com/contacts/7762472/deal/57911565887
57901643624,Trocaire College - Pharm Tech,0.0,0.0,2026-03-10,Q1,2026-04-08,Q2,Bookings,Closed Lost,Shawna Granger,,,,,,Bad timing,No clinical coordinator-currently hiring- hesitant to start building program till coordinator is hired,,,OMIT,,https://app.hubspot.com/contacts/7762472/deal/57901643624
57885624229,Mott Community College - Nursing-ADN,15000.0,15000.0,2026-03-10,Q1,2026-05-18,Q2,Bookings,Closed Lost,Georgia Grey,Clinical Record Keeping,,,,,,,,,OMIT,,https://app.hubspot.com/contacts/7762472/deal/57885624229
57912802150,Ivy Tech Community College of Indiana - Medical Assisting,0.0,0.0,2026-03-10,Q1,2026-04-13,Q2,Bookings,Closed Lost,Shawna Granger,,,,,,Budget,Fees not approved by all MA program leaders ,,,OMIT,,https://app.hubspot.com/contacts/7762472/deal/57912802150
57911718784,Community College of Rhode Island - PTA,0.0,2000.0,2026-03-10,Q1,2026-04-27,Q2,Bookings,Closed Lost,Mark Moore,,,,,,No Product Fit,only evals and uses cpi,,,OMIT,,https://app.hubspot.com/contacts/7762472/deal/57911718784
57896272265,Florida State College at Jacksonville - PTA,2200.0,2200.0,2026-03-10,Q1,2026-05-11,Q2,Bookings,Closed Lost,Mark Moore,Clinical Record Keeping,,,,,,,,,OMIT,,https://app.hubspot.com/contacts/7762472/deal/57896272265
57899678782,"Mount Mercy University - Nursing-BSN, MSN",0.0,0.0,2026-03-10,Q1,2026-05-06,Q2,Bookings,Closed Lost,Mandy Ray,,,,,,Bad timing,Going through a merger not a good time to implement Trajecsys. Following up in August,,,OMIT,,https://app.hubspot.com/contacts/7762472/deal/57899678782
57903964938,Casper College - Radiography,2500.0,2500.0,2026-03-10,Q1,2026-06-04,Q2,Bookings,Closed Lost,Shawna Granger,Clinical Record Keeping,,,,,Bad timing,many upcoming program changes I don't think we are interested in implementing Trajecsys at this time. ,,,OMIT,,https://app.hubspot.com/contacts/7762472/deal/57903964938
57906905901,Central Oklahoma College - ST,3000.0,3000.0,2026-03-10,Q1,2026-05-15,Q2,Bookings,Closed Lost,Mark Moore,Clinical Record Keeping,,Website,,2026 Info Request,,,,,OMIT,,https://app.hubspot.com/contacts/7762472/deal/57906905901
57913423514,North Iowa Area Community College - Medical Assisting,1000.0,1000.0,2026-03-10,Q1,2026-05-26,Q2,Bookings,Closed Lost,Shawna Granger,Clinical Record Keeping,,,,,No contact,Silent,,,OMIT,,https://app.hubspot.com/contacts/7762472/deal/57913423514
57904741681,Howard College - DH,4500.0,4500.0,2026-03-10,Q1,2026-04-02,Q2,Bookings,Closed Lost,Mark Moore,Clinical Record Keeping,,Website,,2026 Info request,Competitor,radiographs,,,OMIT,,https://app.hubspot.com/contacts/7762472/deal/57904741681
57912960349,South Dakota State University - Respiratory Therapy,0.0,0.0,2026-03-10,Q1,2026-06-15,Q2,Bookings,Closed Lost,Mandy Ray,,,,,,No contact,"Had web tour awhile ago, been connecting to schedule a refresher no response",,,OMIT,,https://app.hubspot.com/contacts/7762472/deal/57912960349
57892089377,Delta College - Dental Hygiene,4500.0,4500.0,2026-03-10,Q1,2026-05-11,Q2,Bookings,Closed Lost,Mark Moore,Clinical Record Keeping,,,,,,,,,OMIT,,https://app.hubspot.com/contacts/7762472/deal/57892089377
57894875497,South College-Nashville - ST,0.0,0.0,2026-03-10,Q1,2026-04-08,Q2,Bookings,Closed Lost,Mark Moore,,,,,,Bad timing,bad timing ,,,OMIT,,https://app.hubspot.com/contacts/7762472/deal/57894875497
57905358453,Johns Hopkins Hospital - MRI & CT Advanced Modality Training,975.0,975.0,2026-03-10,Q1,2026-04-27,Q2,Bookings,Closed Lost,Shawna Granger,Clinical Record Keeping,,Website,,2026 info request,Bad timing,this isn’t the best time to move forward with using the system for the CT and MRI programs,,,OMIT,,https://app.hubspot.com/contacts/7762472/deal/57905358453
57909863336,Northeast Texas Community College - MLT,0.0,0.0,2026-03-10,Q1,2026-04-13,Q2,Bookings,Closed Lost,Mandy Ray,,,,,,Open to Revisiting,Small program has system in place that is working,,,OMIT,,https://app.hubspot.com/contacts/7762472/deal/57909863336
57899523398,Success Education Colleges - Nursing,20000.0,20000.0,2026-03-10,Q1,2026-05-26,Q2,Bookings,Closed Lost,Noel Suarez,Clinical Record Keeping,,Conference/Trade Show,,2025 OADN,,,,,OMIT,,https://app.hubspot.com/contacts/7762472/deal/57899523398
57895961121,"University of Maryland, College Park - Dietetics & Nutrition",0.0,0.0,2026-03-10,Q1,2026-04-08,Q2,Bookings,Closed Lost,Shawna Granger,,,,,,Competitor,ACEND,,,OMIT,,https://app.hubspot.com/contacts/7762472/deal/57895961121
57901071673,Community College of Allegheny County - Respiratory Therapy,0.0,0.0,2026-03-10,Q1,2026-04-08,Q2,Bookings,Closed Lost,Mandy Ray,,,,,,Other,"Not interested, process he has now is working",,,OMIT,,https://app.hubspot.com/contacts/7762472/deal/57901071673
57914024257,Missouri Valley College - DMS,0.0,0.0,2026-03-10,Q1,2026-04-07,Q2,Bookings,Closed Lost,Shawna Granger,,,,,,Bad timing,Waiting to hire a new pd,,,OMIT,,https://app.hubspot.com/contacts/7762472/deal/57914024257
57895495963,Corewell Health - Pharm Tech,0.0,0.0,2026-03-10,Q1,2026-04-13,Q2,Bookings,Closed Lost,Shawna Granger,,,,,,Bad timing,Budget,,,OMIT,,https://app.hubspot.com/contacts/7762472/deal/57895495963
57897199112,Baker College of Jackson - Veterinary Technology,0.0,0.0,2026-03-10,Q1,2026-04-13,Q2,Bookings,Closed Lost,Shawna Granger,,,,,,Other, exploring a new tool that is free to use within our Canvas shell,,,OMIT,,https://app.hubspot.com/contacts/7762472/deal/57897199112
57895188482,Rowan College of South Jersey - Nursing-ADN,4500.0,4500.0,2026-03-10,Q1,2026-05-27,Q2,Bookings,Closed Lost,Ron Bright,Clinical Record Keeping,,Conference/Trade Show,,2025 OADN,No access to EB,Committee & Dean voted no,,,OMIT,,https://app.hubspot.com/contacts/7762472/deal/57895188482
57856112235,Logan University - Chesterfield Master degree programs - New Deal,0.0,0.0,2026-03-11,Q1,2026-04-30,Q2,Bookings,Closed Lost,Mandy Ray,,,,,,No contact,Never responded to emails,,,OMIT,,https://app.hubspot.com/contacts/7762472/deal/57856112235
57938920887,Community College of Philadelphia - Medical Assisting,1500.0,1500.0,2026-03-12,Q1,2026-06-24,Q2,Bookings,Closed Lost,Shawna Granger,Clinical Record Keeping,,,,,No contact,Silent-moved to sequence,,,OMIT,,https://app.hubspot.com/contacts/7762472/deal/57938920887
57938982919,Atlanta Technical College - Medical Assisting,0.0,0.0,2026-03-12,Q1,2026-04-07,Q2,Bookings,Closed Lost,Shawna Granger,,,,,,No contact,data integration error,,,OMIT,,https://app.hubspot.com/contacts/7762472/deal/57938982919
57939067979,Saint Michael College of Allied Health - Washington - FA Services,19378.0,19378.0,2026-03-12,Q1,2026-06-05,Q2,Bookings,Closed Lost,Noel Suarez,FA Service,,Cold outreach,Cold Outreach,,Open to Revisiting,"Unwilling to commit.  Presented owner with options such as attending conference, case studies, references - he did not use any resources.  Continues to make excuses, too scared to switch at the moment, willing to continue with poor ECM service.   ",,,OMIT,,https://app.hubspot.com/contacts/7762472/deal/57939067979
57938944065,Gateway Community Technical College - Medical Assisting,1500.0,1500.0,2026-03-12,Q1,2026-04-10,Q2,Bookings,Closed Lost,Shawna Granger,Clinical Record Keeping,,,,,No contact,silent,,,OMIT,,https://app.hubspot.com/contacts/7762472/deal/57938944065
57980161155,South College-Atlanta - Medical Assisting,0.0,0.0,2026-03-13,Q1,2026-04-07,Q2,Bookings,Closed Lost,Shawna Granger,,,,,,Budget,Does not want to pass cost to students,,,OMIT,,https://app.hubspot.com/contacts/7762472/deal/57980161155
58025400211,Community College of Baltimore County - Rad Tech,3750.0,3750.0,2026-03-16,Q1,2026-04-07,Q2,Bookings,Closed Lost,Shawna Granger,Clinical Record Keeping,,,,,No contact,moved to a sequence,,,OMIT,,https://app.hubspot.com/contacts/7762472/deal/58025400211
58029762481,Crowder College - Medical Assisting,150.0,150.0,2026-03-16,Q1,2026-04-10,Q2,Bookings,Closed Lost,Shawna Granger,Clinical Record Keeping,,,,,Other,Moved to sequence,,,OMIT,,https://app.hubspot.com/contacts/7762472/deal/58029762481
58025340420,Holyoke Community College - Holyoke - Vet Tech,4200.0,4200.0,2026-03-16,Q1,2026-04-07,Q2,Bookings,Closed Lost,Shawna Granger,Clinical Record Keeping,,,,,No contact,Moved to a sequence,,,OMIT,,https://app.hubspot.com/contacts/7762472/deal/58025340420
58025466248,Southwest Tennessee Community College - Radiologic Technology,3750.0,3750.0,2026-03-16,Q1,2026-04-07,Q2,Bookings,Closed Lost,Shawna Granger,Clinical Record Keeping,,Website,,2026 info request,Other,Current client,,,OMIT,,https://app.hubspot.com/contacts/7762472/deal/58025466248
58025282920,Laboure College of Healthcare - Rad Therapy,1050.0,1050.0,2026-03-16,Q1,2026-04-07,Q2,Bookings,Closed Lost,Shawna Granger,Clinical Record Keeping,,,,,No contact,Moved to sequence,,,OMIT,,https://app.hubspot.com/contacts/7762472/deal/58025282920
58025467456,Lewis-Clark State College - Rad Tech,3750.0,3750.0,2026-03-16,Q1,2026-04-07,Q2,Bookings,Closed Lost,Shawna Granger,Clinical Record Keeping,,,,,No contact,Moved to a sequence,,,OMIT,,https://app.hubspot.com/contacts/7762472/deal/58025467456
58025036892,Rose State College - Rad Tech,5000.0,5000.0,2026-03-16,Q1,2026-04-07,Q2,Bookings,Closed Lost,Shawna Granger,Clinical Record Keeping,,,,,No contact,Moved to a sequence,,,OMIT,,https://app.hubspot.com/contacts/7762472/deal/58025036892
58025098771,Springfield Technical Community College - Rad Tech,3750.0,3750.0,2026-03-16,Q1,2026-04-07,Q2,Bookings,Closed Lost,Shawna Granger,Clinical Record Keeping,,,,,No contact,Moved to a sequence,,,OMIT,,https://app.hubspot.com/contacts/7762472/deal/58025098771
58025284999,SUNY Niagara - Medical Assisting,0.0,0.0,2026-03-16,Q1,2026-04-07,Q2,Bookings,Closed Lost,Shawna Granger,,,,,,No contact,Moved to a sequence,,,OMIT,,https://app.hubspot.com/contacts/7762472/deal/58025284999
58025099272,University of Montana-Missoula - Rad Tech,0.0,0.0,2026-03-16,Q1,2026-04-13,Q2,Bookings,Closed Lost,Shawna Granger,,,,,,No contact,Silent,,,OMIT,,https://app.hubspot.com/contacts/7762472/deal/58025099272
58025285662,Washington State Community College - Rad Tech,3500.0,3500.0,2026-03-16,Q1,2026-04-07,Q2,Bookings,Closed Lost,Shawna Granger,Clinical Record Keeping,,,,,Other,moved to a sequence,,,OMIT,,https://app.hubspot.com/contacts/7762472/deal/58025285662
58029855871,Edison State Community College - Medical Assisting,0.0,0.0,2026-03-17,Q1,2026-04-07,Q2,Bookings,Closed Lost,Shawna Granger,,,,,,No contact,No response,,,OMIT,,https://app.hubspot.com/contacts/7762472/deal/58029855871
58025310301,Suffolk County Community College - Selden - Vet Tech,2500.0,0.0,2026-03-17,Q1,2026-06-24,Q2,Bookings,Closed Lost,Shawna Granger,Clinical Record Keeping,,,,,No contact,Silent,,,OMIT,,https://app.hubspot.com/contacts/7762472/deal/58025310301
58025383776,Pearl River Community College - Rad Tech,0.0,0.0,2026-03-17,Q1,2026-04-13,Q2,Bookings,Closed Lost,Shawna Granger,,,,,,No contact,Silent,,,OMIT,,https://app.hubspot.com/contacts/7762472/deal/58025383776
58136002421,"Paul Mitchell the School - Delaware - CRM,SIS,FA,Mobile",17767.44,35880.0,2026-03-19,Q1,2026-05-20,Q2,Bookings,Closed Lost,Daniel Vasquez,Attendance_;FA Service;FA Software;Paperless Campus;Payments;Skills Tracker;Smart Nudges;Verity Dialog;Verity Student,,Sales Rep Referral,,,Bad timing,Trina wants to move forward but postpone until 2027 calendar year to reduce overlap with Fame. ,,,OMIT,,https://app.hubspot.com/contacts/7762472/deal/58136002421
58208906374,Nebraska Methodist College of Nursing & Allied Health - Omaha Respiratory Therapy- New Deal,2400.0,0.0,2026-03-23,Q1,2026-05-13,Q2,Bookings,Closed Lost,Mandy Ray,Clinical Record Keeping,,,,,Open to Revisiting,Program Director said they are not moving forward ,,,OMIT,,https://app.hubspot.com/contacts/7762472/deal/58208906374
58289118624,The Art of Skin Esthetics Academy - Attendance,6900.0,6900.0,2026-03-24,Q1,2026-05-05,Q2,Bookings,Closed Lost,Dylan Harmon,Attendance_,,Website,,,,,,,OMIT,,https://app.hubspot.com/contacts/7762472/deal/58289118624
58295751202,Centra College - Nursing- PN,1500.0,1500.0,2026-03-24,Q1,2026-04-16,Q2,Bookings,Closed Lost,Ron Bright,Clinical Record Keeping,,,,,Competitor,TracPrac,,,OMIT,,https://app.hubspot.com/contacts/7762472/deal/58295751202
58599283103,Auburn Career Center - Twp - New Deal,23428.0,23428.0,2026-03-31,Q1,2026-05-18,Q2,Bookings,Closed Lost,Noel Suarez,FA Service,,Cold outreach,Cold Outreach,,Budget,Not in budget for this year,,,OMIT,,https://app.hubspot.com/contacts/7762472/deal/58599283103
58634150966,Bennett School of Cosmetology - Attendance,5940.0,5940.0,2026-03-31,Q1,2026-04-02,Q2,Bookings,Closed Lost,Noel Suarez,Attendance_;Skills Tracker,,Cold outreach,,,Bad timing,"Good morning, 

I wanted to reach out and let you know that we’ve decided to pause moving forward with the software at this time. We truly appreciate the time and information you’ve shared with us throughout this process.
At this point, we are reassessing our current needs and priorities, but we will certainly keep your team in mind as we move forward. If anything changes on our end, we will be sure to reconnect.
Thank you again; we’ve enjoyed learning more about your platform.",,,OMIT,,https://app.hubspot.com/contacts/7762472/deal/58634150966
58630563845,Professional Skills Institute -  CM,23400.0,23400.0,2026-03-31,Q1,2026-06-01,Q2,Bookings,Closed Lost,Noel Suarez,Clinical Record Keeping,,Website,,,No contact,"no contact, no response",,,OMIT,,https://app.hubspot.com/contacts/7762472/deal/58630563845
58630573621,South Suburban College - OTA,3000.0,3000.0,2026-03-31,Q1,2026-04-30,Q2,Bookings,Closed Lost,Mark Moore,Clinical Record Keeping,,Website,,2026 Info Request,Bad timing,to busy to schedule web tour she requested,,,OMIT,,https://app.hubspot.com/contacts/7762472/deal/58630573621
58630663030,Arkansas Tech University - New Deal-PN program,7500.0,0.0,2026-04-01,Q2,2026-04-21,Q2,Bookings,Closed Lost,Cara Heinrich,Clinical Record Keeping,,,,,Competitor,Typhon-cost and spin cycle scheduling ,,,OMIT,,https://app.hubspot.com/contacts/7762472/deal/58630663030
58634257255,Arkansas Tech University - New Deal-RN,3750.0,0.0,2026-04-01,Q2,2026-04-21,Q2,Bookings,Closed Lost,Cara Heinrich,Clinical Record Keeping,,Website,,2026 Info request,Competitor,Typhon-cost and spin cycle scheduling ,,,OMIT,,https://app.hubspot.com/contacts/7762472/deal/58634257255
58676844648,Loma Linda University - Surgical Technology,2400.0,2400.0,2026-04-02,Q2,2026-06-26,Q2,Bookings,Closed Lost,Mark Moore,Clinical Record Keeping,,,,Matrix,No contact,ghost,,,OMIT,,https://app.hubspot.com/contacts/7762472/deal/58676844648
58686572840,Bryant & Stratton College - Richmond - PN New Deal ,30000.0,30000.0,2026-04-02,Q2,2026-04-23,Q2,Bookings,Closed Lost,Ron Bright,Clinical Record Keeping,,Website,,2026 Info request,Competitor,Core- Elm,,,OMIT,,https://app.hubspot.com/contacts/7762472/deal/58686572840
58798242689,St. Johns River State College - Nursing -ADN,21500.0,21500.0,2026-04-07,Q2,2026-05-13,Q2,Bookings,Closed Lost,Ron Bright,Clinical Record Keeping,,Webinar,,OADN Webinar,Competitor,PC said they went with another system ,,,OMIT,,https://app.hubspot.com/contacts/7762472/deal/58798242689
58900562863,Beal University ,0.0,0.0,2026-04-07,Q2,2026-04-10,Q2,Bookings,Closed Lost,Dylan Harmon,,,Cold outreach,,,Other,Looking to downgrade services,,,OMIT,,https://app.hubspot.com/contacts/7762472/deal/58900562863
59021423015,Schiller International University - FA Add Ons,19977.0,19977.0,2026-04-09,Q2,2026-04-24,Q2,Bookings,Closed Lost,Noel Suarez,FA Service,,CS Product Add-On,,,Building Internally,"My apologies for the delay. I was out of town at a conference then got sick, it's been a heck of a two weeks. 

The campus has identified a new Director of FA that will start on May 11th, so they are going to hold on adding anything new at this time. 

Thanks for everything. As the new Director starts and gets a handle on everything, we may start to add some things, especially VA. The new Director is VA certified so that's a plus. 

-School handling internally
",,,OMIT,,https://app.hubspot.com/contacts/7762472/deal/59021423015
59180969019,University of Maine Augusta - Vet Tech,3350.0,3350.0,2026-04-15,Q2,2026-06-04,Q2,Bookings,Closed Lost,Shawna Granger,Clinical Record Keeping,,Website,,2026 info request,Other,Nothing specific given in email,,,OMIT,,https://app.hubspot.com/contacts/7762472/deal/59180969019
59225150241,Manhattan School of Computer Technology- MA,2400.0,2400.0,2026-04-15,Q2,2026-05-11,Q2,Bookings,Closed Lost,Shawna Granger,Clinical Record Keeping,,Website,,2026 info request,Bad timing,No students registered,,,OMIT,,https://app.hubspot.com/contacts/7762472/deal/59225150241
59275371408,Touro University New York - ADN Nursing,6000.0,6000.0,2026-04-20,Q2,2026-05-29,Q2,Bookings,Closed Lost,Mandy Ray,Clinical Record Keeping,,Conference/Trade Show,,2026 CADN/NYLN,Bad timing,Leadership re-organization,,,OMIT,,https://app.hubspot.com/contacts/7762472/deal/59275371408
59369539943,Rise Wellness Lounge & Aesthetic Institute - New Deal,11520.0,11520.0,2026-04-20,Q2,2026-06-30,Q2,Bookings,Closed Lost,Jackson Batchelder,Student,,Website,Marketing,,No contact,prospect went dark on us after discovery - couldn't track her down for a demo,,,OMIT,,https://app.hubspot.com/contacts/7762472/deal/59369539943
59545553485,Mayo Clinic - Vascular Interventional Radiologic Technology ,100.0,100.0,2026-04-24,Q2,2026-04-29,Q2,Bookings,Closed Lost,Shawna Granger,Clinical Record Keeping,,Website,,2026 info request,Other,Duplicate,,,OMIT,,https://app.hubspot.com/contacts/7762472/deal/59545553485
59728148230,Haywood Community College - Clyde - CM,3360.0,3360.0,2026-04-27,Q2,2026-05-06,Q2,Bookings,Closed Lost,Noel Suarez,Clinical Record Keeping,,Website,,,,,,,OMIT,,https://app.hubspot.com/contacts/7762472/deal/59728148230
60078287753,Bakersfield College - Bakersfield - Radiologic Technology,7200.0,7200.0,2026-05-07,Q2,2026-05-09,Q2,Bookings,Closed Lost,Shawna Granger,Clinical Record Keeping,,Conference/Trade Show,,2025 COADN,Other,Already a customer- administration did not know PD started w/ us,,,OMIT,,https://app.hubspot.com/contacts/7762472/deal/60078287753
60083583275,Orangeburg-Calhoun Technical College - Nursing,17250.0,17250.0,2026-05-11,Q2,2026-06-15,Q2,Bookings,Closed Lost,Mandy Ray,Clinical Record Keeping,,,,,Bad timing,"Using Trac prac, want to see how integration with Rad goes and asked to revisit in January",,,OMIT,,https://app.hubspot.com/contacts/7762472/deal/60083583275
60330304542,York College of Pennsylvania - York - Graduate Nursing,1500.0,1500.0,2026-05-18,Q2,2026-06-03,Q2,Bookings,Closed Lost,Georgia Grey,Clinical Record Keeping,,Website,,2026 Info Request,Other,Info request - said no longer interested,,,OMIT,,https://app.hubspot.com/contacts/7762472/deal/60330304542
60525015447,Ember Education - Payments,153600.0,153600.0,2026-05-22,Q2,2026-06-29,Q2,Bookings,Closed Lost,Jackson Batchelder,Payments,,,,,Competitor,chose student first,,,OMIT,,https://app.hubspot.com/contacts/7762472/deal/60525015447
60785753926,Minnesota State University - Dietetics,3600.0,3600.0,2026-06-02,Q2,2026-06-22,Q2,Bookings,Closed Lost,Mark Moore,Clinical Record Keeping,,Organic Search,,2026 info request,Competitor,Typhon,,,OMIT,,https://app.hubspot.com/contacts/7762472/deal/60785753926
60786203306,Miami University - Oxford - [Dietetic Internship ],1800.0,1800.0,2026-06-02,Q2,2026-06-24,Q2,Bookings,Closed Lost,Mark Moore,Clinical Record Keeping,,Organic Search,,2026 info request ,Competitor,typhon,,,OMIT,,https://app.hubspot.com/contacts/7762472/deal/60786203306
60844018535,ConvenientMD - Limited Rad Tech - Mass,1950.0,1950.0,2026-06-03,Q2,2026-06-25,Q2,Bookings,Closed Lost,Shawna Granger,Clinical Record Keeping,,Organic Search,,2026 info request,Bad timing,Budgeting for 2027,,,OMIT,,https://app.hubspot.com/contacts/7762472/deal/60844018535
61355835056,University of West Florida - CM- MLS Certificate,1500.0,1500.0,2026-06-22,Q2,2026-06-25,Q2,Bookings,Closed Lost,Shawna Granger,Clinical Record Keeping,,Association,,,Other,Not a new degree-creating a new payment arrangement,,,OMIT,,https://app.hubspot.com/contacts/7762472/deal/61355835056
