id,deal,bookings,amount,create_date,create_quarter,close_date,close_quarter,pipeline,stage,owner,product_group,programmatic,deal_source,source_new,source_free_text,lost_reason,lost_reason_text,competing_against,won_reason,forecast_category,likelihood,link
2371349577,Saint Michael College of Allied Health deal,0.0,4700.0,2018-10-17,2018,2026-05-02,Q2,Bookings,Closed Lost,Jackson Batchelder,,,,,,,,,,OMIT,,https://app.hubspot.com/contacts/7762472/deal/2371349577
22251605062,ECPI University - Virginia Beach - New Deal,187200.0,187200.0,2024-09-13,2024,2026-01-06,Q1,Bookings,Closed Lost,644733013,Attendance_,,,Cold Outreach,,Bad timing,Bad timing,,,OMIT,,https://app.hubspot.com/contacts/7762472/deal/22251605062
29371072858,California Aeronautical University - sync payments and nudges,36540.0,36540.0,2024-11-19,2024,2026-01-07,Q1,Bookings,Closed Lost,Cayla Christoplis,Attendance_;Forms,,,Cold Outreach,,No contact,No contact,,,OMIT,,https://app.hubspot.com/contacts/7762472/deal/29371072858
29547268628,Swedish Institute a College of Health Sciences - New York - CRM and SIS,334776.0,334776.0,2024-11-25,2024,2026-06-29,Q2,Bookings,Closed Lost,Noel Suarez,Attendance_;Skills Tracker;Verity Dialog,,Cold outreach,Cold Outreach,,Bad timing,"school purchased by a Universidad Tres Culturas, from outside US.  New entity has salesforce as well and want to continue using it.  Bad timing to move off Vias with the sale",,,OMIT,,https://app.hubspot.com/contacts/7762472/deal/29547268628
32022866012,"First Institute - SIS, Paperless, CRM",43608.0,43608.0,2025-01-14,2025,2026-01-20,Q1,Bookings,Closed Lost,Jackson Batchelder,Verity Dialog,,,Cold Outreach,,No access to EB,champions don't think the owner will be receptive to new tech during a lull in enrollments,,,OMIT,,https://app.hubspot.com/contacts/7762472/deal/32022866012
32342315064,SAE Institute - FA Services,174979.88,174979.88,2025-01-22,2025,2026-03-02,Q1,Bookings,Closed Lost,Noel Suarez,FA Service,,,,,Bad timing,"Bad timing, going through ECMC implementation and COO departing",None,,OMIT,,https://app.hubspot.com/contacts/7762472/deal/32342315064
32313226049,Porter and Chester Institute - Verity,345600.0,345600.0,2025-01-22,2025,2026-01-06,Q1,Bookings,Closed Lost,Jackson Batchelder,Verity Professional Services,,,Cold Outreach,,No contact,Couldn't get a champion or receive consistent communication even though we know they are shopping and interested,"Orbund, Modern Campus",,OMIT,,https://app.hubspot.com/contacts/7762472/deal/32313226049
54955881537,Dymond Design Beauty School - Campus Ivy,12528.0,12528.0,2025-01-22,2025,2026-01-29,Q1,Bookings,Closed Lost,Noel Suarez,FA Service;FA Software,,,,,Bad timing,Need to push out to at least Q2 for other administrative priorities,BEN,,OMIT,,https://app.hubspot.com/contacts/7762472/deal/54955881537
32340730972,Westcliff University - New Deal - FA ,0.0,216000.0,2025-01-22,2025,2026-02-06,Q1,Bookings,Closed Lost,Noel Suarez,,,,,,No contact,"No contact or response from the client, but we are aware they selected student first and PowerFaids.  ",ECM,,OMIT,,https://app.hubspot.com/contacts/7762472/deal/32340730972
32324541286,Amberton University,0.0,62400.0,2025-01-22,2025,2026-01-28,Q1,Bookings,Closed Lost,Noel Suarez,,,,,,No contact,"Stopped engaging after demo, more traditional use case",None,,OMIT,,https://app.hubspot.com/contacts/7762472/deal/32324541286
32326606733,Kentucky Welding - FA Software/Service,0.0,18528.0,2025-01-22,2025,2026-01-07,Q1,Bookings,Closed Lost,William Carey,,,,,,No contact,Giving FAME a second chance,FAME,,OMIT,,https://app.hubspot.com/contacts/7762472/deal/32326606733
32578605938,California Aeronautical University - Bakersfield - Campus Ivy FA Software,0.0,41988.0,2025-01-27,2025,2026-01-07,Q1,Bookings,Closed Lost,Noel Suarez,,,,Cold Outreach,,No contact,Not engaged,,,OMIT,,https://app.hubspot.com/contacts/7762472/deal/32578605938
33350426426,Denmark Technical College - Denmark - New Deal,49177.2,49177.2,2025-02-11,2025,2026-01-28,Q1,Bookings,Closed Lost,Noel Suarez,FA Software,,,Cold Outreach,,No contact,"No contact, multiple no shows, no responses",,,OMIT,,https://app.hubspot.com/contacts/7762472/deal/33350426426
34096453444,Ancora Education - sync and nudges - phase 2,288000.0,288000.0,2025-02-28,2025,2026-01-06,Q1,Bookings,Closed Lost,644733013,Attendance_,,,,,Lack of Integration,Not happy with current products,,,OMIT,,https://app.hubspot.com/contacts/7762472/deal/34096453444
34799890518,Ohio Business College - Corporate Office - New Deal SIS,88278.0,88278.0,2025-03-18,2025,2026-02-06,Q1,Bookings,Closed Lost,Noel Suarez,Payments;Verity Dialog,,,,,Bad timing,"Greg says now is not a great time, they are in the middle of consolidating databases down from 4 to 1. ECD March-April. At that point he will be interested in taking a closer look into a new system and asked me to give him a ring then. (Asked for a meeting, but he reminded me he already sat through a demo, so at this point it doesn't make sense to meet until he's ready. Welcomed my call in March/April).",,,OMIT,,https://app.hubspot.com/contacts/7762472/deal/34799890518
34811980956,Florida Education Institute - Miami - SIS,68867.88,68867.88,2025-03-19,2025,2026-04-02,Q2,Bookings,Closed Lost,Noel Suarez,Verity Dialog,,,,,Other,"Unfortunately, we cannot make the conference.  Also, we are not interested in the SIS since we have resolved our needs in this area.
 
Best",,,OMIT,,https://app.hubspot.com/contacts/7762472/deal/34811980956
35183799839,Ross College - Attendance,156700.0,156700.0,2025-03-28,2025,2026-01-06,Q1,Bookings,Closed Lost,Jackson Batchelder,Attendance_;Verity Professional Services,,,Conference,,No contact,Our champion moved schools,,,OMIT,,https://app.hubspot.com/contacts/7762472/deal/35183799839
35387565184,Hardon Education - SIS Deal,19128.0,19128.0,2025-04-02,2025,2026-01-16,Q1,Bookings,Closed Lost,Noel Suarez,,,,,,No contact,No response.  Selected another vendor for FA Professional Services,,,OMIT,,https://app.hubspot.com/contacts/7762472/deal/35387565184
35538091922,Angeles College - attendance and nudges,21600.0,21600.0,2025-04-07,2025,2026-01-13,Q1,Bookings,Closed Lost,644733013,Attendance_,,,Cold Outreach,,Unqualified,Its been in Disco 1 since Oct 2025 with no activity.,,,OMIT,,https://app.hubspot.com/contacts/7762472/deal/35538091922
36065526345,Auguste Escoffier School of Culinary Arts - CRM,315000.0,315000.0,2025-04-22,2025,2026-02-09,Q1,Bookings,Closed Lost,Noel Suarez,Verity Dialog,,,Cold Outreach,,Bad timing,Want to revisit in summer ,,,OMIT,,https://app.hubspot.com/contacts/7762472/deal/36065526345
37113370025,Abcott Institute - Southfield - SIS,39480.88,39480.88,2025-05-12,2025,2026-01-12,Q1,Bookings,Closed Lost,Noel Suarez,FA Service;Payments;Verity Dialog,,,Cold Outreach,,Bad timing,New building is priority at the moment,,,OMIT,,https://app.hubspot.com/contacts/7762472/deal/37113370025
37879814217,Antigua College International - CK Solutions Bundle,27000.0,27000.0,2025-05-23,2025,2026-03-16,Q1,Bookings,Closed Lost,680215912,Attendance_;Skills Tracker,,User Conference,Partnership,,Other,Non responsive,,,OMIT,,https://app.hubspot.com/contacts/7762472/deal/37879814217
38284460405,Auguste Escoffier School of Culinary Arts - attendance and nudges,252000.0,252000.0,2025-05-31,2025,2026-02-09,Q1,Bookings,Closed Lost,Noel Suarez,Attendance_,,,Cold Outreach,,Bad timing,Want to revisit in the summer ,,,OMIT,,https://app.hubspot.com/contacts/7762472/deal/38284460405
38291149828,"West Coast University - Corporate Office - sync, async",360000.0,360000.0,2025-05-31,2025,2026-01-13,Q1,Bookings,Closed Lost,,Attendance_,,Conference/Trade Show,Conference,,Bad timing,No Budget,,,OMIT,,https://app.hubspot.com/contacts/7762472/deal/38291149828
39280158496,Paul Mitchell the School - Chicago - PMTS Best Bundle - ,31200.0,31200.0,2025-06-25,2025,2026-01-22,Q1,Bookings,Closed Lost,680215912,Attendance_;FA Service;FA Software;Paperless Campus;Payments;Skills Tracker;Smart Nudges;Verity Dialog;Verity Student,,Webinar,Marketing,,No contact,stopped responding,,,OMIT,,https://app.hubspot.com/contacts/7762472/deal/39280158496
39281643660,West Coast University - payments,177118.75,177118.75,2025-06-25,2025,2026-01-13,Q1,Bookings,Closed Lost,644733013,Payments,,Conference/Trade Show,Cold Outreach,,Bad timing,No resources to support,,,OMIT,,https://app.hubspot.com/contacts/7762472/deal/39281643660
39286868227,Paul Mitchell the School - San Jose - New Deal,24960.0,24960.0,2025-06-25,2025,2026-02-28,Q1,Bookings,Closed Lost,Noel Suarez,Attendance_;FA Service;FA Software;Paperless Campus;Payments;Skills Tracker;Smart Nudges;Verity Dialog;Verity Professional Services;Verity Student,,,,,Bad timing,"Thank you for all the information. 
We have some external factors in our business that is still uncertain. 
We are working through those negotiations  that affect our future. 
Based on that, we are going to hold off on moving forward with implementation. ",,,OMIT,,https://app.hubspot.com/contacts/7762472/deal/39286868227
39349110323,Meridian West Central College - FA,13188.0,13188.0,2025-06-26,2025,2026-01-06,Q1,Bookings,Closed Lost,644733013,FA Service,,Website,Marketing,,Bad timing,Passing rate was too low,,,OMIT,,https://app.hubspot.com/contacts/7762472/deal/39349110323
39385733438,Paul Mitchell The School - Pasadena & NYC -Portico Bundle,51500.0,51500.0,2025-06-27,2025,2026-03-18,Q1,Bookings,Closed Lost,Jackson Batchelder,Attendance_;FA Service;FA Software;Paperless Campus;Payments;Skills Tracker;Smart Nudges;Verity Dialog;Verity Professional Services;Verity Student,,,,,Competitor,Staying with FAME for now,,,OMIT,,https://app.hubspot.com/contacts/7762472/deal/39385733438
39904947813,"Paul Mitchell the School - Michigan - Great Lakes, Fort Myers, Farmington Hills, Sarasota - New Deal",93600.0,93600.0,2025-07-09,2025,2026-01-20,Q1,Bookings,Closed Lost,Jackson Batchelder,Attendance_;FA Service;FA Software;Paperless Campus;Payments;Skills Tracker;Smart Nudges;Verity Dialog;Verity Student,,,,,Open to Revisiting,Needs to see success from other PMTS before considering. Not an early adopter,,,OMIT,,https://app.hubspot.com/contacts/7762472/deal/39904947813
40397302325,"PMTS Delaware- Best Bundle (SIS,FA,CRM)",35880.0,40880.0,2025-07-17,2025,2026-01-16,Q1,Bookings,Closed Lost,680215912,Attendance_;FA Service;FA Software;Paperless Campus;Payments;Skills Tracker;Smart Nudges;Verity Dialog;Verity Student,,Webinar,Marketing,,Lack of Integration,Don't run the same reports as FAME that she wants,,,OMIT,,https://app.hubspot.com/contacts/7762472/deal/40397302325
41339588696,The College of Health Care Professions - nudges for sync,60000.0,60000.0,2025-08-04,2025,2026-03-13,Q1,Bookings,Closed Lost,680215912,,,Organic Search,,,Open to Revisiting,Currently in discussion around scope with them as a partner. ,,,OMIT,,https://app.hubspot.com/contacts/7762472/deal/41339588696
41345641476,Beal University - SIS,61776.0,61776.0,2025-08-04,2025,2026-02-10,Q1,Bookings,Closed Lost,Noel Suarez,,,Referral,,,Bad timing,"Hi Siana-

Thanks for the intro.  We aren't looking to change SIS this year but something we are looking at possibly for 2027-2028.  
",,,OMIT,,https://app.hubspot.com/contacts/7762472/deal/41345641476
41437892239,St Joseph School of Nursing - Nashua - CRM & SIS,63837.0,63837.0,2025-08-05,2025,2026-02-11,Q1,Bookings,Closed Lost,Noel Suarez,Verity Dialog,,,,,Bad timing,"Leadership challenges, interim dean in place as current Dean fell ill, currently implementing Slate CRM (which has also been delayed because of leadership issues).  SIS still on the plate as a project, but needs to re-evaluate in May. Budgets are in June.  If the move from Sonis, they currently pay for service and maintenance, so the move would not be difficult.  Reconnect in May",,,OMIT,,https://app.hubspot.com/contacts/7762472/deal/41437892239
42407982459,Antigua College International - Payments,5950.0,5950.0,2025-08-18,2025,2026-01-27,Q1,Bookings,Closed Lost,680215912,Payments,,Cold outreach,,,Other,Integration to Portico SIS is not ready as planned.,,,OMIT,,https://app.hubspot.com/contacts/7762472/deal/42407982459
42920453999,PMTS Raleigh- Best Bundle,26525.52,26525.52,2025-08-26,2025,2026-01-06,Q1,Bookings,Closed Lost,644733013,Attendance_;FA Service;FA Software;Paperless Campus;Payments;Skills Tracker;Smart Nudges;Verity Dialog;Verity Student,,Cold outreach,,,Bad timing,Renewed FAME contract,,,OMIT,,https://app.hubspot.com/contacts/7762472/deal/42920453999
43063165502,StrataTech Education Group - FA Software,180528.0,180528.0,2025-08-28,2025,2026-01-06,Q1,Bookings,Closed Lost,680215912,FA Software,,Referral,,,Other,Change in Priorities,,,OMIT,,https://app.hubspot.com/contacts/7762472/deal/43063165502
43170845780,Nova Academy of Cosmetology -FA Expansion,0.0,17000.0,2025-09-02,2025,2026-01-30,Q1,Bookings,Closed Lost,Dylan Harmon,,,Cold outreach,,,No contact,Went underground ,,,OMIT,,https://app.hubspot.com/contacts/7762472/deal/43170845780
43331296618,Verve College - Payments,12556.25,12556.25,2025-09-03,2025,2026-01-13,Q1,Bookings,Closed Lost,680215912,Payments,,Cold outreach,,,Open to Revisiting,not a priority rn,,,OMIT,,https://app.hubspot.com/contacts/7762472/deal/43331296618
43319427346,Verve College - Sync Attendance and Smart Nudges,20320.0,20320.0,2025-09-03,2025,2026-01-13,Q1,Bookings,Closed Lost,680215912,Attendance_;Verity Professional Services,,Cold outreach,Cold Outreach,,Bad timing,not a priority rn,,,OMIT,,https://app.hubspot.com/contacts/7762472/deal/43319427346
43347735211,Career Center of Southern Illinois - SIS,19368.0,19368.0,2025-09-04,2025,2026-01-14,Q1,Bookings,Closed Lost,Jackson Batchelder,,,Webinar,,,Budget,couldn't secure budget from the board,,,OMIT,,https://app.hubspot.com/contacts/7762472/deal/43347735211
43542992985,Nurtur Holdings - Payments,40000.0,40000.0,2025-09-11,2025,2026-05-12,Q2,Bookings,Closed Lost,Dylan Harmon,Payments,,User Conference,,,,,,,OMIT,,https://app.hubspot.com/contacts/7762472/deal/43542992985
44858946104,ATA College- Skills Tracker,3600.0,3600.0,2025-09-29,2025,2026-03-24,Q1,Bookings,Closed Lost,Jackson Batchelder,Skills Tracker,,Referral,,,No contact,Haven't been in contact and will be a manual process for them,,,OMIT,,https://app.hubspot.com/contacts/7762472/deal/44858946104
44855985201,ATA College- FA,0.0,20000.0,2025-09-29,2025,2026-01-06,Q1,Bookings,Closed Lost,644733013,FA Service,,Referral,,,No contact,Not interested,,,OMIT,,https://app.hubspot.com/contacts/7762472/deal/44855985201
45417120892,"Florida National University - SIS, FA and CRM",660582.0,660582.0,2025-10-07,2025,2026-02-24,Q1,Bookings,Closed Lost,Jackson Batchelder,FA Software;Verity Dialog,,User Conference,,,Lack of Integration,Too big of a lift with our lack of integrations before they have a big accreditor visit. Our speed to close also effected the deal. Our inability to deliver a contract in a timely manner put things off course. ,,,OMIT,,https://app.hubspot.com/contacts/7762472/deal/45417120892
45748744347,StrataTech Education Group - Payments,400812.5,400812.5,2025-10-10,2025,2026-01-06,Q1,Bookings,Closed Lost,680215912,Payments,,Cold outreach,,,Other,Change in Priorities,,,OMIT,,https://app.hubspot.com/contacts/7762472/deal/45748744347
46637475073,Medix College - CRM,73296.0,73296.0,2025-10-21,2025,2026-01-20,Q1,Bookings,Closed Lost,Jackson Batchelder,Verity Dialog,,Referral,,,Lack of Integration,Need some Canadian requirements we aren't ready for yet,,,OMIT,,https://app.hubspot.com/contacts/7762472/deal/46637475073
46637536807,Little Priest Tribal College - Attendance,25000.0,25000.0,2025-10-21,2025,2026-04-02,Q2,Bookings,Closed Lost,Jackson Batchelder,Attendance_;Verity Professional Services,,Website,,,Budget,They were worried about budget after a grant ran out,,,OMIT,,https://app.hubspot.com/contacts/7762472/deal/46637536807
46825398879,Mary Baldwin University - Staunton - FA Services,135633.0,135633.0,2025-10-23,2025,2026-02-13,Q1,Bookings,Closed Lost,Noel Suarez,FA Service,,Referral,,,Bad timing,Champion shared that said she was told to look for another job. The President that just started is leaving and her boss is leaving and told her to leave. It's all related to the board- the staff/her is stuck and they are not listening to her on how to fix the process which would include us coming on.  ,,,OMIT,,https://app.hubspot.com/contacts/7762472/deal/46825398879
47660421283,Ancora Education - New Deal,225000.0,225000.0,2025-10-30,2025,2026-02-27,Q1,Bookings,Closed Lost,Jackson Batchelder,Payments,,Cold outreach,,,Other,Poor account health ,,,OMIT,,https://app.hubspot.com/contacts/7762472/deal/47660421283
48358996794,ICR Florida Education - Attendance and Skills,28800.0,28800.0,2025-11-05,2025,2026-02-06,Q1,Bookings,Closed Lost,Noel Suarez,Attendance_;Skills Tracker,,CS Product Add-On,,,Bad timing,needs to convert from clock to credit first. PPA is still in provisional.  ,,,OMIT,,https://app.hubspot.com/contacts/7762472/deal/48358996794
48886856765,JT's Cuts Academy - CRM Deal,32907.0,32907.0,2025-11-11,2025,2026-01-05,Q1,Bookings,Closed Lost,Noel Suarez,Verity Dialog,,Website,,,Budget,"Uses Go High level and FATSTAFF for FA, pricing too low at the moment for prospect to give up.  ",,,OMIT,,https://app.hubspot.com/contacts/7762472/deal/48886856765
48987452506,"American National University - Corporate Office - Sync, Async   Attendance and Smart Nudges",193200.0,193200.0,2025-11-13,2025,2026-03-13,Q1,Bookings,Closed Lost,680215912,Attendance_,,Conference/Trade Show,,,Bad timing,Other priorities,,,OMIT,,https://app.hubspot.com/contacts/7762472/deal/48987452506
49134562073,Miami Regional University - Springs - CRM/SIS/FA,170400.0,170400.0,2025-11-14,2025,2026-02-24,Q1,Bookings,Closed Lost,Noel Suarez,,,Marketing Email,,,Lack of Integration,"Feedback from point of contact ""they really want a company that also provides finance/accounting and HR software.""",,,OMIT,,https://app.hubspot.com/contacts/7762472/deal/49134562073
49733478484,San Francisco Institute of Esthetics & Cosmetology Inc (PMTS Partner) - Portico Best Bundle,18000.0,18000.0,2025-11-20,2025,2026-02-10,Q1,Bookings,Closed Lost,680215912,Attendance_;FA Service;FA Software;Paperless Campus;Payments;Skills Tracker;Smart Nudges;Verity Dialog;Verity Student,,Cold outreach,,,Bad timing,Owner and team not ready for transition to another solution partner.,,,OMIT,,https://app.hubspot.com/contacts/7762472/deal/49733478484
50435644598,Academy of Massage and Bodywork - CRM/SIS,69372.0,69372.0,2025-11-25,2025,2026-01-13,Q1,Bookings,Closed Lost,680215912,,,Conference/Trade Show,,,Open to Revisiting,putting on hold,,,OMIT,,https://app.hubspot.com/contacts/7762472/deal/50435644598
50435826057,VCC - SYNC Attendance,6000.0,6000.0,2025-11-25,2025,2026-03-23,Q1,Bookings,Closed Lost,Jackson Batchelder,Attendance_;Verity Professional Services,,Website,,,No access to EB,went dark ,,,OMIT,,https://app.hubspot.com/contacts/7762472/deal/50435826057
51268366649,DeHart Technical School - Modesto - Smart Nudges,3240.0,3240.0,2025-12-05,2025,2026-02-10,Q1,Bookings,Closed Lost,680215912,,,Cold outreach,,,No Product Fit,Our smart nudges do not align with the way that their classes are set up.,,,OMIT,,https://app.hubspot.com/contacts/7762472/deal/51268366649
51340169348,St Louis College of Health Careers - St Louis - FA Student Services,17883.51,17883.51,2025-12-05,2025,2026-04-30,Q2,Bookings,Closed Lost,Noel Suarez,FA Service,,CS Product Add-On,,,No contact,No contact,,,OMIT,,https://app.hubspot.com/contacts/7762472/deal/51340169348
51846884133,Northland Community and Technical College - Rad Tech New Deal,50.0,0.0,2025-12-14,2025,2026-04-07,Q2,Bookings,Closed Lost,Shawna Granger,Clinical Record Keeping,,,,2025 ACERT,Other,Data integration error-current client,,,OMIT,,https://app.hubspot.com/contacts/7762472/deal/51846884133
51843192726,Georgia Northwestern Technical College - Human Lactation New Deal,50.0,0.0,2025-12-14,2025,2026-05-06,Q2,Bookings,Closed Lost,Mandy Ray,Clinical Record Keeping,,,,,Other,Program no longer oiffered,,,OMIT,,https://app.hubspot.com/contacts/7762472/deal/51843192726
51846138940,FVI School of Nursing and Technology - Corporate Office - Nursing-ADN New Deal,50.0,0.0,2025-12-14,2025,2026-03-03,Q1,Bookings,Closed Lost,Ron Bright,Clinical Record Keeping,,,,2025 NLN,No contact,,,,OMIT,,https://app.hubspot.com/contacts/7762472/deal/51846138940
51843204465,Albany State University - MLT New Deal,50.0,0.0,2025-12-14,2025,2026-03-24,Q1,Bookings,Closed Lost,Shawna Granger,Clinical Record Keeping,,,,NAACLS,,Not responding,,,OMIT,,https://app.hubspot.com/contacts/7762472/deal/51843204465
51800259348,Porter and Chester Institute - YTI Career Institute - Multiple New Deal,50.0,0.0,2025-12-14,2025,2026-02-28,Q1,Bookings,Closed Lost,Ron Bright,Clinical Record Keeping,,,,CECU,,Duplicate Deal,,,OMIT,,https://app.hubspot.com/contacts/7762472/deal/51800259348
51831093146,Chattahoochee Technical College - Radiologic Technology New Deal,50.0,0.0,2025-12-14,2025,2026-04-13,Q2,Bookings,Closed Lost,Shawna Granger,Clinical Record Keeping,,,,,Bad timing,Preceptor concern,,,OMIT,,https://app.hubspot.com/contacts/7762472/deal/51831093146
51804817837,Sumner College - Portland - Nursing-ADN New Deal,50.0,0.0,2025-12-14,2025,2026-03-06,Q1,Bookings,Closed Lost,Ron Bright,Clinical Record Keeping,,,,,Other,,,,OMIT,,https://app.hubspot.com/contacts/7762472/deal/51804817837
51843214389,Baptist Health System School of Health Professions - Radiography,4000.0,4000.0,2025-12-14,2025,2026-04-13,Q2,Bookings,Closed Lost,Shawna Granger,Clinical Record Keeping,,,,Information Request 2024,Other,Duplicate,,,OMIT,,https://app.hubspot.com/contacts/7762472/deal/51843214389
51802848133,Medical Career College - LXR & LXR MA New Deal,50.0,0.0,2025-12-14,2025,2026-04-09,Q2,Bookings,Closed Lost,Shawna Granger,Clinical Record Keeping,,,,Information Request 2023,No contact,Silent,,,OMIT,,https://app.hubspot.com/contacts/7762472/deal/51802848133
51843303450,Chippewa Valley Technical College - Respiratory Therapy New Deal,50.0,0.0,2025-12-14,2025,2026-03-24,Q1,Bookings,Closed Lost,Mark Moore,Clinical Record Keeping,,,,,,,,,OMIT,,https://app.hubspot.com/contacts/7762472/deal/51843303450
51783620248,Florida Institute of Ultrasound -  New Deal,50.0,0.0,2025-12-14,2025,2026-03-24,Q1,Bookings,Closed Lost,Mandy Ray,Clinical Record Keeping,,,,,,Not responding,,,OMIT,,https://app.hubspot.com/contacts/7762472/deal/51783620248
51801027917,Bevill State Community College - Paramedic New Deal,50.0,0.0,2025-12-14,2025,2026-03-23,Q1,Bookings,Closed Lost,Mark Moore,Clinical Record Keeping,,,,2025 CAAHEP WS,,No responses,,,OMIT,,https://app.hubspot.com/contacts/7762472/deal/51801027917
51843271580,"Platt College - Aurora - Nursing-CNA, LVN New Deal",50.0,0.0,2025-12-14,2025,2026-03-06,Q1,Bookings,Closed Lost,Ron Bright,Clinical Record Keeping,,,,AARC Summer Conference 2018,Other,,,,OMIT,,https://app.hubspot.com/contacts/7762472/deal/51843271580
51843167798,Central Maine Community College - Nursing-ADN New Deal,50.0,0.0,2025-12-14,2025,2026-04-05,Q2,Bookings,Closed Lost,Ron Bright,Clinical Record Keeping,,,,2023 ACEN,Other,Georgia lost,,,OMIT,,https://app.hubspot.com/contacts/7762472/deal/51843167798
51846111150,Triton College - Ophthalmic Technician New Deal,50.0,0.0,2025-12-14,2025,2026-05-08,Q2,Bookings,Closed Lost,Mark Moore,Clinical Record Keeping,,,,Ophthalmic ICA Site,,,,,OMIT,,https://app.hubspot.com/contacts/7762472/deal/51846111150
51825162528,Ozarks Technical Community College - MLT New Deal,50.0,0.0,2025-12-14,2025,2026-03-05,Q1,Bookings,Closed Lost,Shawna Granger,Clinical Record Keeping,,,,,,,,,OMIT,,https://app.hubspot.com/contacts/7762472/deal/51825162528
51843243826,American Career College - LXR & LXR MA New Deal,50.0,0.0,2025-12-14,2025,2026-04-09,Q2,Bookings,Closed Lost,Shawna Granger,Clinical Record Keeping,,,,Information Request 2023,No contact,Silent,,,OMIT,,https://app.hubspot.com/contacts/7762472/deal/51843243826
51834545552,West Coast University - North Hollywood - Nursing-BSN New Deal,50.0,0.0,2025-12-14,2025,2026-03-12,Q1,Bookings,Closed Lost,Cara Heinrich,Clinical Record Keeping,,,,,,,,,OMIT,,https://app.hubspot.com/contacts/7762472/deal/51834545552
51843211939,"Bostoncareer - MA,DA New Deal",50.0,0.0,2025-12-14,2025,2026-03-06,Q1,Bookings,Closed Lost,Shawna Granger,Clinical Record Keeping,,,,,Unqualified,,,,OMIT,,https://app.hubspot.com/contacts/7762472/deal/51843211939
51804355972,Ivy Tech - Nursing-ADN New Deal,50.0,0.0,2025-12-14,2025,2026-03-06,Q1,Bookings,Closed Lost,Ron Bright,Clinical Record Keeping,,,,Top 20 OADN/Matrix/Big Fish,,,,,OMIT,,https://app.hubspot.com/contacts/7762472/deal/51804355972
51846886932,"Platt College - Los Angeles - Nursing-CNA, LVN New Deal",50.0,0.0,2025-12-14,2025,2026-03-06,Q1,Bookings,Closed Lost,Ron Bright,Clinical Record Keeping,,,,AARC Summer Conference 2018,Other,,,,OMIT,,https://app.hubspot.com/contacts/7762472/deal/51846886932
51843234116,"Mikhail Education Corporation - Nursing-PN, ADN New Deal",50.0,0.0,2025-12-14,2025,2026-03-06,Q1,Bookings,Closed Lost,Ron Bright,Clinical Record Keeping,,,,2025 CECU,Other,,,,OMIT,,https://app.hubspot.com/contacts/7762472/deal/51843234116
51846852469,Francis Tuttle Technology Center - Nursing-PN New Deal,50.0,0.0,2025-12-14,2025,2026-03-06,Q1,Bookings,Closed Lost,Ron Bright,Clinical Record Keeping,,,,2024 ACEN,No contact,,,,OMIT,,https://app.hubspot.com/contacts/7762472/deal/51846852469
51804355973,Med College - Hialeah - Multiple New Deal,50.0,0.0,2025-12-14,2025,2026-03-06,Q1,Bookings,Closed Lost,Ron Bright,Clinical Record Keeping,,,,,No contact,,,,OMIT,,https://app.hubspot.com/contacts/7762472/deal/51804355973
51846912894,"Eastwick College - Nursing-ADN, BSN New Deal",50.0,0.0,2025-12-14,2025,2026-03-12,Q1,Bookings,Closed Lost,Ron Bright,Clinical Record Keeping,,,,Matrix,,,,,OMIT,,https://app.hubspot.com/contacts/7762472/deal/51846912894
51802848134,Lebanon County Area Vocational Technical School - Lebanon - PN New Deal,50.0,0.0,2025-12-14,2025,2026-03-06,Q1,Bookings,Closed Lost,Ron Bright,Clinical Record Keeping,,,,2023 Fall PAPNA,School closed,,,,OMIT,,https://app.hubspot.com/contacts/7762472/deal/51802848134
51843221789,"Northwest Suburban College - Multiple-DA, MA, Pharmacy Tech New Deal",50.0,0.0,2025-12-14,2025,2026-03-06,Q1,Bookings,Closed Lost,Ron Bright,Clinical Record Keeping,,,,2025 ABHES,Other,,,,OMIT,,https://app.hubspot.com/contacts/7762472/deal/51843221789
51845689971,Universidad Ana G. Mendez - Gurabo Campus - Vet Tech New Deal,50.0,0.0,2025-12-14,2025,2026-04-13,Q2,Bookings,Closed Lost,Shawna Granger,Clinical Record Keeping,,,,AVMA website,No contact,Silent,,,OMIT,,https://app.hubspot.com/contacts/7762472/deal/51845689971
51846872111,Southeastern Community College - Whiteville - Nursing - ADN New Deal,50.0,0.0,2025-12-14,2025,2026-03-12,Q1,Bookings,Closed Lost,Ron Bright,Clinical Record Keeping,,,,2025 NCADN,,,,,OMIT,,https://app.hubspot.com/contacts/7762472/deal/51846872111
51838737719,Southeastern Community College - Whiteville - MLT New Deal,50.0,0.0,2025-12-14,2025,2026-03-24,Q1,Bookings,Closed Lost,Shawna Granger,Clinical Record Keeping,,,,Matrix,,Not responding,,,OMIT,,https://app.hubspot.com/contacts/7762472/deal/51838737719
51804817840,Education Evolve LLC - Nursing New Deal,50.0,0.0,2025-12-14,2025,2026-03-06,Q1,Bookings,Closed Lost,Ron Bright,Clinical Record Keeping,,,,,No contact,,,,OMIT,,https://app.hubspot.com/contacts/7762472/deal/51804817840
51843226785,"Denver College of Nursing - Denver (Main Campus) - Nursing-ADN, BSN, MSN New Deal",50.0,0.0,2025-12-14,2025,2026-03-06,Q1,Bookings,Closed Lost,Ron Bright,Clinical Record Keeping,,,,,Competitor,,,,OMIT,,https://app.hubspot.com/contacts/7762472/deal/51843226785
51843251273,"High Desert Medical College - Lancaster - Nursing-PN (VN Cert Program), ADN (VN Assoc. Program) New Deal",50.0,0.0,2025-12-14,2025,2026-03-06,Q1,Bookings,Closed Lost,Ron Bright,Clinical Record Keeping,,,,,No contact,,,,OMIT,,https://app.hubspot.com/contacts/7762472/deal/51843251273
51843194502,Virginia State University - Petersburg - Nursing-RN to BSN online New Deal,50.0,0.0,2025-12-14,2025,2026-03-13,Q1,Bookings,Closed Lost,Ron Bright,Clinical Record Keeping,,,,2024 AACN,,,,,OMIT,,https://app.hubspot.com/contacts/7762472/deal/51843194502
51796990835,Ivy Tech - Nursing-ADN New Deal,50.0,0.0,2025-12-14,2025,2026-03-06,Q1,Bookings,Closed Lost,Ron Bright,Clinical Record Keeping,,,,Top 20 OADN/Matrix/Big Fish,,,,,OMIT,,https://app.hubspot.com/contacts/7762472/deal/51796990835
51843288919,Tri-County Technical College - Nursing-PN New Deal,50.0,0.0,2025-12-14,2025,2026-03-06,Q1,Bookings,Closed Lost,Ron Bright,Clinical Record Keeping,,,,MARILN,No contact,,,,OMIT,,https://app.hubspot.com/contacts/7762472/deal/51843288919
51714442804,"Mount Mercy University - Rapids - Nursing-BSN, MSN New Deal",50.0,0.0,2025-12-14,2025,2026-03-03,Q1,Bookings,Closed Lost,Ron Bright,Clinical Record Keeping,,,,2024 AACN,Bad timing,,,,OMIT,,https://app.hubspot.com/contacts/7762472/deal/51714442804
51842978076,Indiana University - Corporate Office - School of Health & Human Sciences New Deal,50.0,0.0,2025-12-14,2025,2026-03-03,Q1,Bookings,Closed Lost,Shawna Granger,Clinical Record Keeping,,,,2025 ASAHP,Other,,,,OMIT,,https://app.hubspot.com/contacts/7762472/deal/51842978076
51846848293,University at Buffalo - Buffalo - Pharmacy Practice New Deal,50.0,0.0,2025-12-14,2025,2026-03-06,Q1,Bookings,Closed Lost,Mark Moore,Clinical Record Keeping,,,,2025 ASAHP,Other,,,,OMIT,,https://app.hubspot.com/contacts/7762472/deal/51846848293
51804203104,Saint Edward's University - Austin - Health Sciences & Nursing New Deal,50.0,0.0,2025-12-14,2025,2026-03-06,Q1,Bookings,Closed Lost,Ron Bright,Clinical Record Keeping,,,,2024 AACN,No contact,,,,OMIT,,https://app.hubspot.com/contacts/7762472/deal/51804203104
51843301245,Hardin-Simmons University - Nursing-BSN New Deal,4500.0,0.0,2025-12-14,2025,2026-03-13,Q1,Bookings,Closed Lost,Mandy Ray,Clinical Record Keeping,,,,2024 AACN,,,,,OMIT,,https://app.hubspot.com/contacts/7762472/deal/51843301245
51843154828,Bristol Community College - Nursing-ADN New Deal,50.0,0.0,2025-12-14,2025,2026-03-03,Q1,Bookings,Closed Lost,Ron Bright,Clinical Record Keeping,,,,2023 MARILN,,,,,OMIT,,https://app.hubspot.com/contacts/7762472/deal/51843154828
51846872113,"Purdue University Northwest - Hammond - Nursing-BSN, MSN, DNP New Deal",50.0,0.0,2025-12-14,2025,2026-03-12,Q1,Bookings,Closed Lost,Ron Bright,Clinical Record Keeping,,,,SIGMA 2023,,,,,OMIT,,https://app.hubspot.com/contacts/7762472/deal/51846872113
51843243831,East Carolina University - Greenville - College of Nursing New Deal,50.0,0.0,2025-12-14,2025,2026-03-06,Q1,Bookings,Closed Lost,Ron Bright,Clinical Record Keeping,,,,SIGMA 2023,No contact,,,,OMIT,,https://app.hubspot.com/contacts/7762472/deal/51843243831
51846905941,University of Cincinnati - ST New Deal,3000.0,3000.0,2025-12-14,2025,2026-04-02,Q2,Bookings,Closed Lost,Mark Moore,Clinical Record Keeping,,Conference/Trade Show,,2026 AST ED,Bad timing,next year,,,OMIT,,https://app.hubspot.com/contacts/7762472/deal/51846905941
51803456880,Texas A & M University - Corpus Christi - Multi New Deal,50.0,0.0,2025-12-14,2025,2026-03-03,Q1,Bookings,Closed Lost,Ron Bright,Clinical Record Keeping,,,,2025 ASAHP,Other,,,,OMIT,,https://app.hubspot.com/contacts/7762472/deal/51803456880
51815285810,"Wallace Community College - Nursing-PN, ADN New Deal",50.0,0.0,2025-12-14,2025,2026-03-06,Q1,Bookings,Closed Lost,Ron Bright,Clinical Record Keeping,,,,,Budget,,,,OMIT,,https://app.hubspot.com/contacts/7762472/deal/51815285810
51800408194,Tarrant County College District - Multi New Deal,50.0,0.0,2025-12-14,2025,2026-03-03,Q1,Bookings,Closed Lost,Ron Bright,Clinical Record Keeping,,,,2025 CAAHEP WS,Other,,,,OMIT,,https://app.hubspot.com/contacts/7762472/deal/51800408194
51817295643,"Union College - Nursing-BSN, MSN, DNP New Deal",50.0,0.0,2025-12-14,2025,2026-03-12,Q1,Bookings,Closed Lost,Cara Heinrich,Clinical Record Keeping,,,,Matrix/2019 Sigma,,,,,OMIT,,https://app.hubspot.com/contacts/7762472/deal/51817295643
51846903703,"West Virginia University - Nursing-BSN, MSN, DNP New Deal",50.0,0.0,2025-12-14,2025,2026-05-18,Q2,Bookings,Closed Lost,Georgia Grey,Clinical Record Keeping,,Conference/Trade Show,,2024 AACN,,,,,OMIT,,https://app.hubspot.com/contacts/7762472/deal/51846903703
51846111155,Aultman College - MLT New Deal,50.0,0.0,2025-12-14,2025,2026-03-24,Q1,Bookings,Closed Lost,Shawna Granger,Clinical Record Keeping,,,,CLEC 23,,Not responding,,,OMIT,,https://app.hubspot.com/contacts/7762472/deal/51846111155
51843187799,Augusta University - Augusta - Dental Hygiene New Deal,50.0,0.0,2025-12-14,2025,2026-04-15,Q2,Bookings,Closed Lost,Mark Moore,Clinical Record Keeping,,,,web site,Competitor,Radiographs,,,OMIT,,https://app.hubspot.com/contacts/7762472/deal/51843187799
51845689973,College of DuPage - Medical Assisting,900.0,900.0,2025-12-14,2025,2026-04-27,Q2,Bookings,Closed Lost,Shawna Granger,Clinical Record Keeping,,,,CAHEEP Website,No contact,silent,,,OMIT,,https://app.hubspot.com/contacts/7762472/deal/51845689973
51804203105,"Greenfield Community College - Greenfield - Nursing-CNA, PN, ADN New Deal",50.0,0.0,2025-12-14,2025,2026-03-03,Q1,Bookings,Closed Lost,Ron Bright,Clinical Record Keeping,,,,2025 ST Falmouth,Bad timing,,,,OMIT,,https://app.hubspot.com/contacts/7762472/deal/51804203105
51825162534,Bucks County Community College - Pharm Tech,50.0,0.0,2025-12-14,2025,2026-04-13,Q2,Bookings,Closed Lost,Shawna Granger,Clinical Record Keeping,,,,matrix,No Product Fit,No externship at this time,,,OMIT,,https://app.hubspot.com/contacts/7762472/deal/51825162534
51831093153,Northeast State Community College - EMT/AEMT New Deal,50.0,0.0,2025-12-14,2025,2026-03-23,Q1,Bookings,Closed Lost,Mark Moore,Clinical Record Keeping,,,,Information Request 2024,,Could not get budget approved,,,OMIT,,https://app.hubspot.com/contacts/7762472/deal/51831093153
51843259182,"Tacoma Community College - Nursing-CNA, ADN, Pre-Nursing Transfer, LPN to RN New Deal",50.0,0.0,2025-12-14,2025,2026-03-06,Q1,Bookings,Closed Lost,Ron Bright,Clinical Record Keeping,,,,2024 ACEN,Budget,,,,OMIT,,https://app.hubspot.com/contacts/7762472/deal/51843259182
51846681997,Cape Cod Community College - Nursing-ADN New Deal,22500.0,22500.0,2025-12-14,2025,2026-03-26,Q1,Bookings,Closed Lost,Ron Bright,Clinical Record Keeping,,,,2025 ST Falmouth,,,,,OMIT,,https://app.hubspot.com/contacts/7762472/deal/51846681997
51843142158,Sistema Universitario Ana G. Mendez - Piedras - Vet Tech New Deal,50.0,0.0,2025-12-14,2025,2026-04-13,Q2,Bookings,Closed Lost,Shawna Granger,Clinical Record Keeping,,,,AVMA,No contact,Silent,,,OMIT,,https://app.hubspot.com/contacts/7762472/deal/51843142158
51846918070,Estrella Mountain Community College - Speech Language Pathology Assistant New Deal,50.0,0.0,2025-12-14,2025,2026-05-08,Q2,Bookings,Closed Lost,Mark Moore,Clinical Record Keeping,,,,Matrix,,,,,OMIT,,https://app.hubspot.com/contacts/7762472/deal/51846918070
51846852472,University of Connecticut - Peri Op New Deal,50.0,0.0,2025-12-14,2025,2026-03-06,Q1,Bookings,Closed Lost,Ron Bright,Clinical Record Keeping,,,,2025 Info Request,Unqualified,,,,OMIT,,https://app.hubspot.com/contacts/7762472/deal/51846852472
51843187800,- Nursing-ADN New Deal,50.0,0.0,2025-12-14,2025,2026-03-06,Q1,Bookings,Closed Lost,Ron Bright,Clinical Record Keeping,,,,OADN Member,Other,,,,OMIT,,https://app.hubspot.com/contacts/7762472/deal/51843187800
51843279014,Jackson College - Veterinary Technology New Deal,50.0,0.0,2025-12-14,2025,2026-04-13,Q2,Bookings,Closed Lost,Shawna Granger,Clinical Record Keeping,,,,2025 AVTE registration list,Competitor,exploring a new tool that is free to use within our Canvas shell.,,,OMIT,,https://app.hubspot.com/contacts/7762472/deal/51843279014
51843286571,College of the Canyons - Pharm Tech,50.0,0.0,2025-12-14,2025,2026-03-06,Q1,Bookings,Closed Lost,Mark Moore,Clinical Record Keeping,,,,PTEC site/matrix,No contact,,,,OMIT,,https://app.hubspot.com/contacts/7762472/deal/51843286571
51797650967,Delaware County Community College - Media - Surgical Technology New Deal,50.0,0.0,2025-12-14,2025,2026-03-17,Q1,Bookings,Closed Lost,Mark Moore,Clinical Record Keeping,,,,2023 AST National,,,,,OMIT,,https://app.hubspot.com/contacts/7762472/deal/51797650967
51843142259,Hazard Community and Technical College - MLT New Deal,50.0,0.0,2025-12-14,2025,2026-03-18,Q1,Bookings,Closed Lost,Shawna Granger,Clinical Record Keeping,,,,matrix,,"Unable to connect with anyone at institution. Linda is part time instructor. Do not know if it is a 
true MLT program",,,OMIT,,https://app.hubspot.com/contacts/7762472/deal/51843142259
51839797634,St. John's Riverside Hospital - Nursing-ADN New Deal,50.0,0.0,2025-12-14,2025,2026-03-12,Q1,Bookings,Closed Lost,Mandy Ray,Clinical Record Keeping,,,,OADN Member,,,,,OMIT,,https://app.hubspot.com/contacts/7762472/deal/51839797634
51782085784,American National University - Corporate Office - Multiple New Deal,50.0,0.0,2025-12-14,2025,2026-03-03,Q1,Bookings,Closed Lost,Ron Bright,Clinical Record Keeping,,,,Web reach out,Other,,,,OMIT,,https://app.hubspot.com/contacts/7762472/deal/51782085784
51783468042,MA Dept of Higher Ed - Nursing-ADN New Deal,50.0,0.0,2025-12-14,2025,2026-03-12,Q1,Bookings,Closed Lost,Ron Bright,Clinical Record Keeping,,,,Matrix,,,,,OMIT,,https://app.hubspot.com/contacts/7762472/deal/51783468042
51843236482,Lanier Technical College - PN New Deal,50.0,0.0,2025-12-14,2025,2026-03-06,Q1,Bookings,Closed Lost,Ron Bright,Clinical Record Keeping,,,,PDL,Other,,,,OMIT,,https://app.hubspot.com/contacts/7762472/deal/51843236482
51846879832,Benedictine College - Atchison - Nursing - BSN New Deal,50.0,0.0,2025-12-14,2025,2026-03-12,Q1,Bookings,Closed Lost,Ron Bright,Clinical Record Keeping,,,,2025 AACN,,,,,OMIT,,https://app.hubspot.com/contacts/7762472/deal/51846879832
51846910385,Ivy  Tech - Medical Assisting New Deal,50.0,0.0,2025-12-14,2025,2026-04-13,Q2,Bookings,Closed Lost,Shawna Granger,Clinical Record Keeping,,,,Matrix/CAHEEP website,Budget,Not all MA program leaders have approved new fees,,,OMIT,,https://app.hubspot.com/contacts/7762472/deal/51846910385
51843241870,New River Community College - Dublin - Nursing- ADN New Deal,7500.0,7500.0,2025-12-14,2025,2026-06-26,Q2,Bookings,Closed Lost,Ron Bright,Clinical Record Keeping,,Cold outreach,,Cold Outreach,Other,Dean Died - New Dean getting up to speed with no budget or priority,,,OMIT,,https://app.hubspot.com/contacts/7762472/deal/51843241870
51846840720,Columbia Basin College - Nursing-ADN New Deal,11250.0,11250.0,2025-12-14,2025,2026-03-12,Q1,Bookings,Closed Lost,Ron Bright,Clinical Record Keeping,,,,2023 oadn,,,,,OMIT,,https://app.hubspot.com/contacts/7762472/deal/51846840720
51846898984,Wichita State University - MLS New Deal,50.0,0.0,2025-12-14,2025,2026-03-20,Q1,Bookings,Closed Lost,Shawna Granger,Clinical Record Keeping,,,,NAACLS website,,No response from contacts,,,OMIT,,https://app.hubspot.com/contacts/7762472/deal/51846898984
51843201819,Mott Community College - Nursing-ADN New Deal,50.0,0.0,2025-12-14,2025,2026-03-14,Q1,Bookings,Closed Lost,Georgia Grey,Clinical Record Keeping,,,,OADN member/Matrix,,,,,OMIT,,https://app.hubspot.com/contacts/7762472/deal/51843201819
51839797637,Columbus Regional Hospital - Rad Tech,50.0,0.0,2025-12-14,2025,2026-04-08,Q2,Bookings,Closed Lost,Shawna Granger,Clinical Record Keeping,,,,JRCERT website,Budget,budget freeze,,,OMIT,,https://app.hubspot.com/contacts/7762472/deal/51839797637
51821122120,Collins Career Technical Center - Vet Tech New Deal,50.0,0.0,2025-12-14,2025,2026-04-13,Q2,Bookings,Closed Lost,Shawna Granger,Clinical Record Keeping,,,,2024 AVTE registration list,Other,Silent,,,OMIT,,https://app.hubspot.com/contacts/7762472/deal/51821122120
51846850192,Florida Technical College - Corporate Office - Nursing-BSN New Deal,50.0,0.0,2025-12-14,2025,2026-03-12,Q1,Bookings,Closed Lost,Ron Bright,Clinical Record Keeping,,,,2025 NLN,,,,,OMIT,,https://app.hubspot.com/contacts/7762472/deal/51846850192
51843180210,Lake Superior College - PTA New Deal,50.0,0.0,2025-12-14,2025,2026-04-08,Q2,Bookings,Closed Lost,Mark Moore,Clinical Record Keeping,,,,Matrix,Competitor,stayed with what they had,,,OMIT,,https://app.hubspot.com/contacts/7762472/deal/51843180210
51806821462,Bridge Valley Community and Technical College - Vet Tech New Deal,50.0,0.0,2025-12-14,2025,2026-04-13,Q2,Bookings,Closed Lost,Shawna Granger,Clinical Record Keeping,,,,School website,Other,Program closing,,,OMIT,,https://app.hubspot.com/contacts/7762472/deal/51806821462
51806821463,"Bon Secours - Nursing-BSN, RSN to BSN New Deal",50.0,0.0,2025-12-14,2025,2026-03-03,Q1,Bookings,Closed Lost,Ron Bright,Clinical Record Keeping,,,,,Open to Revisiting,,,,OMIT,,https://app.hubspot.com/contacts/7762472/deal/51806821463
51806054978,"University of Alaska, Anchorage - ADN, BSN, MS, DNP New Deal",50.0,0.0,2025-12-14,2025,2026-03-12,Q1,Bookings,Closed Lost,Mandy Ray,Clinical Record Keeping,,,,Top 20 OADN/Matrix,,,,,OMIT,,https://app.hubspot.com/contacts/7762472/deal/51806054978
51802848142,SUNY Canton - Nursing-ADN New Deal,50.0,0.0,2025-12-14,2025,2026-03-12,Q1,Bookings,Closed Lost,Mandy Ray,Clinical Record Keeping,,,,2025 CADN-NYLN,,,,,OMIT,,https://app.hubspot.com/contacts/7762472/deal/51802848142
51843187803,Community College of Allegheny County - Pittsburgh - Respiratory Therapy New Deal,50.0,0.0,2025-12-14,2025,2026-03-05,Q1,Bookings,Closed Lost,Mark Moore,Clinical Record Keeping,,,,,,,,,OMIT,,https://app.hubspot.com/contacts/7762472/deal/51843187803
51846071680,Cleveland Clinic Lerner College of Medicine of Case Western Reserve University - School of Health Professions -Multi New Deal,50.0,0.0,2025-12-14,2025,2026-03-03,Q1,Bookings,Closed Lost,Ron Bright,Clinical Record Keeping,,,,2025 ASAHP,Other,,,,OMIT,,https://app.hubspot.com/contacts/7762472/deal/51846071680
51802994601,Independence University - Salt Lake City - Multiple New Deal,50.0,0.0,2025-12-14,2025,2026-03-06,Q1,Bookings,Closed Lost,Ron Bright,Clinical Record Keeping,,,,,No contact,,,,OMIT,,https://app.hubspot.com/contacts/7762472/deal/51802994601
51802848143,Aurora University - Aurora - Nursing-FNP New Deal,50.0,0.0,2025-12-14,2025,2026-03-03,Q1,Bookings,Closed Lost,Ron Bright,Clinical Record Keeping,,,,2024 AACN,Bad timing,,,,OMIT,,https://app.hubspot.com/contacts/7762472/deal/51802848143
51833567341,"Henderson Community College - Nursing-PN, ADN New Deal",50.0,0.0,2025-12-14,2025,2026-03-12,Q1,Bookings,Closed Lost,Ron Bright,Clinical Record Keeping,,,,Top 20 OADN/Matrix,,,,,OMIT,,https://app.hubspot.com/contacts/7762472/deal/51833567341
51842978078,Ivy Tech - Nursing-ADN New Deal,50.0,0.0,2025-12-14,2025,2026-03-06,Q1,Bookings,Closed Lost,Ron Bright,Clinical Record Keeping,,,,2024 Ivy Tech - Vend Prof Dev Day,,,,,OMIT,,https://app.hubspot.com/contacts/7762472/deal/51842978078
51843264038,Piedmont Technical College - Paramedic New Deal,50.0,0.0,2025-12-14,2025,2026-03-05,Q1,Bookings,Closed Lost,Mark Moore,Clinical Record Keeping,,,,Matrix,,,,,OMIT,,https://app.hubspot.com/contacts/7762472/deal/51843264038
51846884141,Scott Community College - Nursing New Deal,50.0,0.0,2025-12-14,2025,2026-03-06,Q1,Bookings,Closed Lost,Ron Bright,Clinical Record Keeping,,,,Matrix,No contact,,,,OMIT,,https://app.hubspot.com/contacts/7762472/deal/51846884141
51843241875,Union County College - Cranford - Nursing New Deal,50.0,0.0,2025-12-14,2025,2026-03-06,Q1,Bookings,Closed Lost,Ron Bright,Clinical Record Keeping,,,,OADN 22 Post Conference,No contact,,,,OMIT,,https://app.hubspot.com/contacts/7762472/deal/51843241875
51803456884,Cerro Coso Community College - Ridgecrest - Nursing-LVN New Deal,3500.0,4500.0,2025-12-14,2025,2026-03-10,Q1,Bookings,Closed Lost,Ron Bright,Clinical Record Keeping,,,,2025 COADN,,,,,OMIT,,https://app.hubspot.com/contacts/7762472/deal/51803456884
51843288923,Northwestern Health Sciences University - MLT/MLS New Deal,50.0,0.0,2025-12-14,2025,2026-03-23,Q1,Bookings,Closed Lost,Shawna Granger,Clinical Record Keeping,,,,NAACLS website,,Use ZoHo ,,,OMIT,,https://app.hubspot.com/contacts/7762472/deal/51843288923
51843155005,College of Lake County - Surgical Technology New Deal,50.0,0.0,2025-12-14,2025,2026-05-08,Q2,Bookings,Closed Lost,Mark Moore,Clinical Record Keeping,,Conference/Trade Show,,AccredX 2022,,,,,OMIT,,https://app.hubspot.com/contacts/7762472/deal/51843155005
51843293778,Jefferson State Community College - Birmingham - Histotechnician/MLT New Deal,50.0,0.0,2025-12-14,2025,2026-04-23,Q2,Bookings,Closed Lost,Shawna Granger,Clinical Record Keeping,,,,College Website,No contact,Silent- in sequence,,,OMIT,,https://app.hubspot.com/contacts/7762472/deal/51843293778
51797805425,Washington State College of Ohio - Nursing-ADN New Deal,50.0,0.0,2025-12-14,2025,2026-03-13,Q1,Bookings,Closed Lost,Ron Bright,Clinical Record Keeping,,,,2024 ACEN,,,,,OMIT,,https://app.hubspot.com/contacts/7762472/deal/51797805425
51846862383,Penn State - MLT New Deal,50.0,0.0,2025-12-14,2025,2026-03-18,Q1,Bookings,Closed Lost,Shawna Granger,Clinical Record Keeping,,,,2025 CLEC,,"6/6/25 Lori stated she is not interested, does not want to pass cost to students",,,OMIT,,https://app.hubspot.com/contacts/7762472/deal/51846862383
51797805427,North Georgia Nursing Academy - Medical Assisting ,50.0,0.0,2025-12-14,2025,2026-03-06,Q1,Bookings,Closed Lost,Shawna Granger,Clinical Record Keeping,,,,,No contact,,,,OMIT,,https://app.hubspot.com/contacts/7762472/deal/51797805427
51714442813,Texas A & M University - Commerce - Nursing-ADN New Deal,50.0,0.0,2025-12-14,2025,2026-03-06,Q1,Bookings,Closed Lost,Ron Bright,Clinical Record Keeping,,,,2024 ACEN/Matrix,No contact,,,,OMIT,,https://app.hubspot.com/contacts/7762472/deal/51714442813
51843253815,Columbia State Community College - MLT New Deal,50.0,0.0,2025-12-14,2025,2026-03-05,Q1,Bookings,Closed Lost,Shawna Granger,Clinical Record Keeping,,,,NAACLS website,,,,,OMIT,,https://app.hubspot.com/contacts/7762472/deal/51843253815
51843286576,Moore Norman Technology Center - Norman - Medical Assisting ,50.0,0.0,2025-12-14,2025,2026-04-28,Q2,Bookings,Closed Lost,Shawna Granger,Clinical Record Keeping,,,,CAAHEP Website,Bad timing,I have and I am not moving forward with the system at this time. Thank you. ,,,OMIT,,https://app.hubspot.com/contacts/7762472/deal/51843286576
51806054980,Ivy Tech - Nursing-ADN New Deal,50.0,0.0,2025-12-14,2025,2026-03-06,Q1,Bookings,Closed Lost,Ron Bright,Clinical Record Keeping,,,,Matrix,,,,,OMIT,,https://app.hubspot.com/contacts/7762472/deal/51806054980
51843226796,Brigham Young University - Corporate Office - Nursing-BSN New Deal,50.0,0.0,2025-12-14,2025,2026-03-03,Q1,Bookings,Closed Lost,Ron Bright,Clinical Record Keeping,,,,2024 AACN,Competitor,,,,OMIT,,https://app.hubspot.com/contacts/7762472/deal/51843226796
51846886943,"Bellevue College - Bellevue - CT, MRI, Mammo New Deal",50.0,0.0,2025-12-14,2025,2026-04-23,Q2,Bookings,Closed Lost,Shawna Granger,Clinical Record Keeping,,,,Matrix/school website,No Product Fit,"I’m the program chair for the program that includes CT, MRI, and mammography. Students in those modalities are credentialed already, and their goal is to earn comps for the relevant credentialing exams. So we don’t have a need to document clock hours. My clinical instructors have plans in place to track competencies earned, for the purposes of the clinical courses. So while I love Trajecsys for my nuc med program, I don’t have a need for it with the advanced modalities.",,,OMIT,,https://app.hubspot.com/contacts/7762472/deal/51846886943
51800104715,Philadelphia College of Osteopathic Medicine - Philadelphia - Medical Laboratory Science New Deal,50.0,0.0,2025-12-14,2025,2026-03-23,Q1,Bookings,Closed Lost,Shawna Granger,Clinical Record Keeping,,,,Web Inquiry,,College purchased software for institution,,,OMIT,,https://app.hubspot.com/contacts/7762472/deal/51800104715
51843209217,South College - PTA New Deal,50.0,0.0,2025-12-14,2025,2026-04-08,Q2,Bookings,Closed Lost,Mark Moore,Clinical Record Keeping,,,,,Bad timing,timing,,,OMIT,,https://app.hubspot.com/contacts/7762472/deal/51843209217
51801644975,Healthcare Career College - DMS New Deal,50.0,0.0,2025-12-14,2025,2026-04-23,Q2,Bookings,Closed Lost,Shawna Granger,Clinical Record Keeping,,,,2025 SDMS,Other,for profit,,,OMIT,,https://app.hubspot.com/contacts/7762472/deal/51801644975
51821122122,Lone Star College-Kingwood - MLT New Deal,50.0,0.0,2025-12-14,2025,2026-03-24,Q1,Bookings,Closed Lost,Shawna Granger,Clinical Record Keeping,,,,Matrix,,Not responding,,,OMIT,,https://app.hubspot.com/contacts/7762472/deal/51821122122
51843271609,THE COLLEGE of HEALTH CARE PROFESSIONS - LVN to ADN New Deal,50.0,0.0,2025-12-14,2025,2026-03-06,Q1,Bookings,Closed Lost,Ron Bright,Clinical Record Keeping,,,,Matrix,No contact,,,,OMIT,,https://app.hubspot.com/contacts/7762472/deal/51843271609
51801335600,College of Lake County - Nursing-ADN New Deal,50.0,0.0,2025-12-14,2025,2026-03-01,Q1,Bookings,Closed Lost,Ron Bright,Clinical Record Keeping,,,,,Budget,,,,OMIT,,https://app.hubspot.com/contacts/7762472/deal/51801335600
51846852477,Harrisburg Area Community College - CT New Deal,50.0,0.0,2025-12-14,2025,2026-04-23,Q2,Bookings,Closed Lost,Shawna Granger,Clinical Record Keeping,,,,School website,No contact,silent,,,OMIT,,https://app.hubspot.com/contacts/7762472/deal/51846852477
51797805430,Community College of Allegheny County - Pittsburgh - Phlebotomy New Deal,50.0,0.0,2025-12-14,2025,2026-03-05,Q1,Bookings,Closed Lost,Shawna Granger,Clinical Record Keeping,,,,,,,,,OMIT,,https://app.hubspot.com/contacts/7762472/deal/51797805430
51804668992,Clackamas Community College - Phlebotomy New Deal,50.0,0.0,2025-12-14,2025,2026-03-24,Q1,Bookings,Closed Lost,Shawna Granger,Clinical Record Keeping,,,,Information Request 2024,,Not needed,,,OMIT,,https://app.hubspot.com/contacts/7762472/deal/51804668992
51843198899,- School of Radiologic Technology New Deal,50.0,0.0,2025-12-14,2025,2026-04-13,Q2,Bookings,Closed Lost,Shawna Granger,Clinical Record Keeping,,,,,Other,Duplicate,,,OMIT,,https://app.hubspot.com/contacts/7762472/deal/51843198899
51843241879,Malcolm X College - Funeral Services New Deal,50.0,0.0,2025-12-14,2025,2026-03-18,Q1,Bookings,Closed Lost,Mark Moore,Clinical Record Keeping,,,,Matrix,Bad timing,,,,OMIT,,https://app.hubspot.com/contacts/7762472/deal/51843241879
51843224489,Erwin Technical College - MLT New Deal,50.0,0.0,2025-12-14,2025,2026-04-23,Q2,Bookings,Closed Lost,Shawna Granger,Clinical Record Keeping,,,,,No contact,Silent- in sequence,,,OMIT,,https://app.hubspot.com/contacts/7762472/deal/51843224489
51846840745,"Western Nebraska Community College - Nursing-PN, ADN, RN to BSN New Deal",50.0,0.0,2025-12-14,2025,2026-03-06,Q1,Bookings,Closed Lost,Ron Bright,Clinical Record Keeping,,,,Matrix,Budget,,,,OMIT,,https://app.hubspot.com/contacts/7762472/deal/51846840745
51829105035,Southwest Minnesota State University - Marshall - Nursing-BSN New Deal,50.0,0.0,2025-12-14,2025,2026-03-12,Q1,Bookings,Closed Lost,Mandy Ray,Clinical Record Keeping,,,,,,,,,OMIT,,https://app.hubspot.com/contacts/7762472/deal/51829105035
51846882179,"Wheaton College - Norton - Nursing-BSN, New Deal",50.0,0.0,2025-12-14,2025,2026-03-12,Q1,Bookings,Closed Lost,Ron Bright,Clinical Record Keeping,,,,,,,,,OMIT,,https://app.hubspot.com/contacts/7762472/deal/51846882179
51802848147,Rush University Medical Center - MLS New Deal,50.0,0.0,2025-12-14,2025,2026-04-23,Q2,Bookings,Closed Lost,Shawna Granger,Clinical Record Keeping,,,,NAACLS website,No contact,Silent- moved to sequence,,,OMIT,,https://app.hubspot.com/contacts/7762472/deal/51802848147
51783468048,Mayo Clinic - Histotechnology New Deal,50.0,0.0,2025-12-14,2025,2026-03-11,Q1,Bookings,Closed Lost,Shawna Granger,Clinical Record Keeping,,,,Matrix,,PD is no longer interested in Trajecsys for her program,,,OMIT,,https://app.hubspot.com/contacts/7762472/deal/51783468048
51714442815,Ivy Tech - Nursing-ADN New Deal,50.0,0.0,2025-12-14,2025,2026-03-06,Q1,Bookings,Closed Lost,Ron Bright,Clinical Record Keeping,,,,Top 20 OADN/Matrix/Big Fish,,,,,OMIT,,https://app.hubspot.com/contacts/7762472/deal/51714442815
51846882180,Immokalee Technical College - Immokalee - Medical Assistant New Deal,50.0,0.0,2025-12-14,2025,2026-04-23,Q2,Bookings,Closed Lost,Shawna Granger,Clinical Record Keeping,,,,CAAHEP Website,No contact,Silent- moved to sequence,,,OMIT,,https://app.hubspot.com/contacts/7762472/deal/51846882180
51813579645,"Bay de Noc Community College - Nursing-PN, ADN New Deal",16000.0,16000.0,2025-12-14,2025,2026-04-10,Q2,Bookings,Closed Lost,Georgia Grey,Clinical Record Keeping,,,,,Bad timing,Reconnect next year,,,OMIT,,https://app.hubspot.com/contacts/7762472/deal/51813579645
51843211954,AdventHealth University - Nursing-BSN New Deal,50.0,0.0,2025-12-14,2025,2026-03-12,Q1,Bookings,Closed Lost,Ron Bright,Clinical Record Keeping,,,,,,,,,OMIT,,https://app.hubspot.com/contacts/7762472/deal/51843211954
51843268650,Baptist Medical Center South - MLS New Deal,50.0,0.0,2025-12-14,2025,2026-04-23,Q2,Bookings,Closed Lost,Shawna Granger,Clinical Record Keeping,,,,NAACLS,No contact,Silent,,,OMIT,,https://app.hubspot.com/contacts/7762472/deal/51843268650
51802848149,Ivy Tech - Nursing-ADN New Deal,50.0,0.0,2025-12-14,2025,2026-03-06,Q1,Bookings,Closed Lost,Ron Bright,Clinical Record Keeping,,,,Top 20 OADN/Matrix/Big Fish,,,,,OMIT,,https://app.hubspot.com/contacts/7762472/deal/51802848149
51843187809,Independence Community College - Vet Tech New Deal,50.0,0.0,2025-12-14,2025,2026-04-23,Q2,Bookings,Closed Lost,Shawna Granger,Clinical Record Keeping,,,,,No contact,Silent- in sequence,,,OMIT,,https://app.hubspot.com/contacts/7762472/deal/51843187809
51843187811,"Miami Dade College - Nursing-BSN, MSN New Deal",50.0,0.0,2025-12-14,2025,2026-03-12,Q1,Bookings,Closed Lost,Ron Bright,Clinical Record Keeping,,,,SIGMA 2023,,,,,OMIT,,https://app.hubspot.com/contacts/7762472/deal/51843187811
51843167813,"Unitek College - Corporate Office - Nursing-BSN, VN/PN New Deal",50.0,0.0,2025-12-14,2025,2026-03-06,Q1,Bookings,Closed Lost,Ron Bright,Clinical Record Keeping,,,,2025 AACN,Other,,,,OMIT,,https://app.hubspot.com/contacts/7762472/deal/51843167813
51846866807,"Technical College of the Lowcountry - Nursing-ADN, PN New Deal",50.0,0.0,2025-12-14,2025,2026-03-06,Q1,Bookings,Closed Lost,Ron Bright,Clinical Record Keeping,,,,OADN Member,Bad timing,,,,OMIT,,https://app.hubspot.com/contacts/7762472/deal/51846866807
51834545564,Craven Community College - Medical Assisting New Deal,50.0,0.0,2025-12-14,2025,2026-04-23,Q2,Bookings,Closed Lost,Shawna Granger,Clinical Record Keeping,,,,CAAHEP Database,No contact,Silent- in sequence,,,OMIT,,https://app.hubspot.com/contacts/7762472/deal/51834545564
51800259364,Clackamas Community College - EMT New Deal,50.0,0.0,2025-12-14,2025,2026-03-24,Q1,Bookings,Closed Lost,Mark Moore,Clinical Record Keeping,,,,Information Request 2024,,No clinical placement,,,OMIT,,https://app.hubspot.com/contacts/7762472/deal/51800259364
51800259366,"West Virginia University - Morgantown - Nursing-BSN, MSN, DNP New Deal",50.0,0.0,2025-12-14,2025,2026-05-20,Q2,Bookings,Closed Lost,Georgia Grey,Clinical Record Keeping,,Conference/Trade Show,,2024 AACN,,,,,OMIT,,https://app.hubspot.com/contacts/7762472/deal/51800259366
51843142270,Rappahannock Center for Education - Rad Tech New Deal,50.0,0.0,2025-12-14,2025,2026-04-23,Q2,Bookings,Closed Lost,Shawna Granger,Clinical Record Keeping,,,,2025 Info Request,No contact,Silent after info request submitted,,,OMIT,,https://app.hubspot.com/contacts/7762472/deal/51843142270
51843236488,Cleveland Clinic - School of Health Professions -Multi New Deal,50.0,0.0,2025-12-14,2025,2026-03-03,Q1,Bookings,Closed Lost,Ron Bright,Clinical Record Keeping,,,,2025 ASAHP,Other,,,,OMIT,,https://app.hubspot.com/contacts/7762472/deal/51843236488
51846906032,Drake University - Nursing-ABSN New Deal,50.0,0.0,2025-12-14,2025,2026-03-12,Q1,Bookings,Closed Lost,Mandy Ray,Clinical Record Keeping,,,,2024 ACEN,,,,,OMIT,,https://app.hubspot.com/contacts/7762472/deal/51846906032
51843308422,Florence-Darlington Technical College - MLT New Deal,50.0,0.0,2025-12-14,2025,2026-04-23,Q2,Bookings,Closed Lost,Shawna Granger,Clinical Record Keeping,,,,information request,Bad timing,"We are currently in the process of preparing our Self-Study for the MLT program. At this stage, I believe it is best to maintain consistency with our current clinical documentation requirements to ensure a smooth accreditation process, which is expected to conclude around July 1, 2027. My planned retirement is July 1, 2028, and I feel it would be beneficial for the incoming Program Director to have the opportunity to explore potential enhancements, such as a transition to Trajecsys, at a time when the program is not simultaneously navigating accreditation.",,,OMIT,,https://app.hubspot.com/contacts/7762472/deal/51843308422
51842978082,Hawkeye Community College - PTA New Deal,50.0,0.0,2025-12-14,2025,2026-05-18,Q2,Bookings,Closed Lost,Mark Moore,Clinical Record Keeping,,,,Matrix,,,,,OMIT,,https://app.hubspot.com/contacts/7762472/deal/51842978082
51804203112,Shoreline Community College - MLT New Deal,50.0,0.0,2025-12-14,2025,2026-04-23,Q2,Bookings,Closed Lost,Shawna Granger,Clinical Record Keeping,,,,NAACLS website,No contact,Silent-in sequence,,,OMIT,,https://app.hubspot.com/contacts/7762472/deal/51804203112
51843253816,Journey Allied Health Training Center - Allied Health New Deal,50.0,0.0,2025-12-14,2025,2026-03-23,Q1,Bookings,Closed Lost,Mandy Ray,Clinical Record Keeping,,,,,,No response,,,OMIT,,https://app.hubspot.com/contacts/7762472/deal/51843253816
51804203113,Pellissippi State Community College - Knoxville - Nursing-ADN New Deal,50.0,0.0,2025-12-14,2025,2026-03-12,Q1,Bookings,Closed Lost,Cara Heinrich,Clinical Record Keeping,,,,Matrix,,,,,OMIT,,https://app.hubspot.com/contacts/7762472/deal/51804203113
51843283769,South College - ST New Deal,50.0,0.0,2025-12-14,2025,2026-05-18,Q2,Bookings,Closed Lost,Mark Moore,Clinical Record Keeping,,,,Matrix,,,,,OMIT,,https://app.hubspot.com/contacts/7762472/deal/51843283769
51843246459,Wiregrass Georgia Technical College - EMT New Deal,50.0,0.0,2025-12-14,2025,2026-03-05,Q1,Bookings,Closed Lost,Mark Moore,Clinical Record Keeping,,,,Client referral,,,,,OMIT,,https://app.hubspot.com/contacts/7762472/deal/51843246459
51843216775,Colby Community College - Nursing-ADN New Deal,50.0,0.0,2025-12-14,2025,2026-03-06,Q1,Bookings,Closed Lost,Ron Bright,Clinical Record Keeping,,,,2025 OADN Webinar,Competitor,,,,OMIT,,https://app.hubspot.com/contacts/7762472/deal/51843216775
51846877110,Western Technical College - North El Paso - Nursing-BSN New Deal,50.0,0.0,2025-12-14,2025,2026-03-06,Q1,Bookings,Closed Lost,Ron Bright,Clinical Record Keeping,,,,2025 Web Inquiry,Budget,,,,OMIT,,https://app.hubspot.com/contacts/7762472/deal/51846877110
51826908321,University of New Mexico - Radiography,50.0,0.0,2025-12-14,2025,2026-04-13,Q2,Bookings,Closed Lost,Shawna Granger,Clinical Record Keeping,,,,2024 ASRT,No contact,Silent,,,OMIT,,https://app.hubspot.com/contacts/7762472/deal/51826908321
51797805437,Vanderbilt University Medical Cente - MLS New Deal,50.0,0.0,2025-12-14,2025,2026-04-23,Q2,Bookings,Closed Lost,Shawna Granger,Clinical Record Keeping,,,,CLEC 2020,No contact,Silent- in sequence,,,OMIT,,https://app.hubspot.com/contacts/7762472/deal/51797805437
51786930254,- MLS New Deal,50.0,0.0,2025-12-14,2025,2026-03-05,Q1,Bookings,Closed Lost,Shawna Granger,Clinical Record Keeping,,,,Matrix,,,,,OMIT,,https://app.hubspot.com/contacts/7762472/deal/51786930254
51806821479,"Duplicate-Beckfield College - Nursing-PN, ADN, BSN New Deal",50.0,0.0,2025-12-14,2025,2026-03-12,Q1,Bookings,Closed Lost,Ron Bright,Clinical Record Keeping,,,,Matrix,,,,,OMIT,,https://app.hubspot.com/contacts/7762472/deal/51806821479
51843236491,GateWay Community College - Corporate Office - Medical Assisting New Deal,50.0,0.0,2025-12-14,2025,2026-04-23,Q2,Bookings,Closed Lost,Shawna Granger,Clinical Record Keeping,,,,CAAHEP Website,Budget,We are making cuts to fit the budget and keep the program as affordable as possible for our students. ,,,OMIT,,https://app.hubspot.com/contacts/7762472/deal/51843236491
51826908322,Lake Land College - Mattoon - Medical Assisting New Deal,50.0,0.0,2025-12-14,2025,2026-04-23,Q2,Bookings,Closed Lost,Shawna Granger,Clinical Record Keeping,,,,CAAHEP Database,Bad timing,I don’t think it’s something we’re gonna be able to utilize for this academic year.,,,OMIT,,https://app.hubspot.com/contacts/7762472/deal/51826908322
51846869544,West Virginia Northern Community College - EMS New Deal,50.0,0.0,2025-12-14,2025,2026-03-24,Q1,Bookings,Closed Lost,Mark Moore,Clinical Record Keeping,,,,,,,,,OMIT,,https://app.hubspot.com/contacts/7762472/deal/51846869544
51803456888,- Rad Tech New Deal,50.0,0.0,2025-12-14,2025,2026-04-13,Q2,Bookings,Closed Lost,Shawna Granger,Clinical Record Keeping,,,,JRCERT website,Other,Duplicate,,,OMIT,,https://app.hubspot.com/contacts/7762472/deal/51803456888
51843253818,East Carolina University - Greenville - MLS New Deal,50.0,0.0,2025-12-14,2025,2026-04-23,Q2,Bookings,Closed Lost,Shawna Granger,Clinical Record Keeping,,,,information request,Competitor,"We are going with Typhon. Another department in our College had experience with that platform already. We also looked at EXXAT, which some of our departments use – but it is a much more expensive product.",,,OMIT,,https://app.hubspot.com/contacts/7762472/deal/51843253818
51843303458,The Ohio State University - Division Of Medical Laboratory Science New Deal,50.0,0.0,2025-12-14,2025,2026-03-24,Q1,Bookings,Closed Lost,Shawna Granger,Clinical Record Keeping,,,,,,Using another system,,,OMIT,,https://app.hubspot.com/contacts/7762472/deal/51843303458
51843283773,Mohave Community College - Nursing-ADN New Deal,50.0,0.0,2025-12-14,2025,2026-03-06,Q1,Bookings,Closed Lost,Ron Bright,Clinical Record Keeping,,,,Matrix/OADN Member,Bad timing,,,,OMIT,,https://app.hubspot.com/contacts/7762472/deal/51843283773
51846124177,-  New Deal,50.0,0.0,2025-12-14,2025,2026-03-05,Q1,Bookings,Closed Lost,Mandy Ray,Clinical Record Keeping,,,,Information Request 2024,,,,,OMIT,,https://app.hubspot.com/contacts/7762472/deal/51846124177
51846891439,Texas State Technical College - Nursing-LVN New Deal,18400.0,18400.0,2025-12-14,2025,2026-03-30,Q1,Bookings,Closed Lost,Mandy Ray,Clinical Record Keeping,,,,Matrix/OADN Member,Other,Looking at other options,,,OMIT,,https://app.hubspot.com/contacts/7762472/deal/51846891439
51804668996,osumc.edu - Division Of Medical Laboratory Science New Deal,50.0,0.0,2025-12-14,2025,2026-04-23,Q2,Bookings,Closed Lost,Shawna Granger,Clinical Record Keeping,,,,,No contact,Silent-in sequence,,,OMIT,,https://app.hubspot.com/contacts/7762472/deal/51804668996
51834545568,Auburn University at Montgomery - MLS New Deal,50.0,0.0,2025-12-14,2025,2026-04-23,Q2,Bookings,Closed Lost,Shawna Granger,Clinical Record Keeping,,,,NAACLS,No contact,silent-moved to sequence,,,OMIT,,https://app.hubspot.com/contacts/7762472/deal/51834545568
51846869545,Galen College of Nursing - Corporate Office - Nursing New Deal,50.0,0.0,2025-12-14,2025,2026-03-06,Q1,Bookings,Closed Lost,Ron Bright,Clinical Record Keeping,,,,Top 20 OADN/Big Fish,,,,,OMIT,,https://app.hubspot.com/contacts/7762472/deal/51846869545
51833567350,Sauk Valley Community College - Dixon - Nursing-ADN New Deal,6000.0,6000.0,2025-12-14,2025,2026-04-21,Q2,Bookings,Closed Lost,Ron Bright,Clinical Record Keeping,,,,Matrix/OADN Member,Other,Faculty voted no,,,OMIT,,https://app.hubspot.com/contacts/7762472/deal/51833567350
51843177608,Moberly Area Community College - MLT New Deal,50.0,0.0,2025-12-14,2025,2026-03-05,Q1,Bookings,Closed Lost,Shawna Granger,Clinical Record Keeping,,,,NAACLS website,,,,,OMIT,,https://app.hubspot.com/contacts/7762472/deal/51843177608
51843187818,Mayo Clinic - MLS New Deal,50.0,0.0,2025-12-14,2025,2026-04-23,Q2,Bookings,Closed Lost,Shawna Granger,Clinical Record Keeping,,,,,No Product Fit,"1/16/25 Called and spoke with Sue, shared what we do here at Trajecsys as well as all of the programs at the Mayo clinical that are utilizing Trajecsys.  She stated taht she does not need it for her program and she is not the preson to make that decision, that we would have to go through the registrars office.",,,OMIT,,https://app.hubspot.com/contacts/7762472/deal/51843187818
51799024659,Wake Technical Community College - Medical Assisting ,50.0,0.0,2025-12-14,2025,2026-03-06,Q1,Bookings,Closed Lost,Shawna Granger,Clinical Record Keeping,,,,,No Product Fit,,,,OMIT,,https://app.hubspot.com/contacts/7762472/deal/51799024659
51846874543,Ivy Tech - Nursing-ADN New Deal,50.0,0.0,2025-12-14,2025,2026-03-06,Q1,Bookings,Closed Lost,Ron Bright,Clinical Record Keeping,,,,Matrix,,,,,OMIT,,https://app.hubspot.com/contacts/7762472/deal/51846874543
51843301254,Jacksonville State University - Masters in Athletic Training New Deal,50.0,0.0,2025-12-14,2025,2026-03-03,Q1,Bookings,Closed Lost,Mark Moore,Clinical Record Keeping,,,,2024 ASAHP,Unqualified,,,,OMIT,,https://app.hubspot.com/contacts/7762472/deal/51843301254
51795298940,Pitt Community College - CT New Deal,50.0,0.0,2025-12-14,2025,2026-04-23,Q2,Bookings,Closed Lost,Shawna Granger,Clinical Record Keeping,,,,Group demo,No Product Fit,I don't think I will use it at this time. ,,,OMIT,,https://app.hubspot.com/contacts/7762472/deal/51795298940
51843226978,Concorde Career College - DMS New Deal,50.0,0.0,2025-12-14,2025,2026-04-23,Q2,Bookings,Closed Lost,Shawna Granger,Clinical Record Keeping,,,,caahep website,Other,For profit,,,OMIT,,https://app.hubspot.com/contacts/7762472/deal/51843226978
51846918147,Portland Community College - EMS New Deal,50.0,0.0,2025-12-14,2025,2026-03-17,Q1,Bookings,Closed Lost,Mark Moore,Clinical Record Keeping,,,,2025 Info Request,,Using platinum planners testing component and cannot switch,,,OMIT,,https://app.hubspot.com/contacts/7762472/deal/51846918147
51843189585,Santa Fe Community College - Respiratory Therapy New Deal,50.0,0.0,2025-12-14,2025,2026-03-19,Q1,Bookings,Closed Lost,Mark Moore,Clinical Record Keeping,,,,,,Not responding to emails/calls,,,OMIT,,https://app.hubspot.com/contacts/7762472/deal/51843189585
51843204482,"MA Dept of Higher Ed - Nursing-CNA, PN, ADN New Deal",50.0,0.0,2025-12-14,2025,2026-03-03,Q1,Bookings,Closed Lost,Ron Bright,Clinical Record Keeping,,,,,Unqualified,,,,OMIT,,https://app.hubspot.com/contacts/7762472/deal/51843204482
51843273853,City College of San Francisco - Nursing-ADN New Deal,50.0,0.0,2025-12-14,2025,2026-03-06,Q1,Bookings,Closed Lost,Ron Bright,Clinical Record Keeping,,,,2025 COADN,Bad timing,,,,OMIT,,https://app.hubspot.com/contacts/7762472/deal/51843273853
51846888826,"Southern New Hampshire University - Manchester - Nursing-online BSN, MSN New Deal",50.0,0.0,2025-12-14,2025,2026-03-12,Q1,Bookings,Closed Lost,Ron Bright,Clinical Record Keeping,,,,2024 NLN,,,,,OMIT,,https://app.hubspot.com/contacts/7762472/deal/51846888826
51846138948,"Hohokus School of Trade and Technical Sciences - Nursing-ADN, BSN New Deal",50.0,0.0,2025-12-14,2025,2026-03-12,Q1,Bookings,Closed Lost,Ron Bright,Clinical Record Keeping,,,,Matrix,,,,,OMIT,,https://app.hubspot.com/contacts/7762472/deal/51846138948
51843150352,Lorenzo Walker Technical College - Medical Assistant New Deal,50.0,0.0,2025-12-14,2025,2026-04-23,Q2,Bookings,Closed Lost,Shawna Granger,Clinical Record Keeping,,,,AAMA Conference,No contact,Silent-moved to sequence,,,OMIT,,https://app.hubspot.com/contacts/7762472/deal/51843150352
51843243847,Forsyth Technical Community College - Medical Sonography New Deal,50.0,0.0,2025-12-14,2025,2026-03-05,Q1,Bookings,Closed Lost,Shawna Granger,Clinical Record Keeping,,,,,,,,,OMIT,,https://app.hubspot.com/contacts/7762472/deal/51843243847
51843226979,"Pikes Peak State College - Nursing-PN,ADN, BSN & AH New Deal",50.0,0.0,2025-12-14,2025,2026-03-06,Q1,Bookings,Closed Lost,Ron Bright,Clinical Record Keeping,,,,Matrix,Competitor,,,,OMIT,,https://app.hubspot.com/contacts/7762472/deal/51843226979
51843192740,Patty Hanks Shelton School of Nursing - Nursing-BSN New Deal,50.0,0.0,2025-12-14,2025,2026-03-13,Q1,Bookings,Closed Lost,Mandy Ray,Clinical Record Keeping,,,,SIGMA 2023,,,,,OMIT,,https://app.hubspot.com/contacts/7762472/deal/51843192740
51802848155,North Idaho College - MLT New Deal,50.0,0.0,2025-12-14,2025,2026-04-23,Q2,Bookings,Closed Lost,Shawna Granger,Clinical Record Keeping,,,,CLEC,No contact,Silent-moved to sequence,,,OMIT,,https://app.hubspot.com/contacts/7762472/deal/51802848155
51843296263,"Hudson County Community College - Nursing-PN, ADN New Deal",50.0,0.0,2025-12-14,2025,2026-03-06,Q1,Bookings,Closed Lost,Ron Bright,Clinical Record Keeping,,,,Matrix,Other,,,,OMIT,,https://app.hubspot.com/contacts/7762472/deal/51843296263
51797805440,Hennepin County Medical Center - MLS New Deal,50.0,0.0,2025-12-14,2025,2026-03-24,Q1,Bookings,Closed Lost,Shawna Granger,Clinical Record Keeping,,,,CLEC,,duplicate entry,,,OMIT,,https://app.hubspot.com/contacts/7762472/deal/51797805440
51843177610,"Saint Joseph's College of Maine - Standish - Nursing-BSN, RN to BSN, MSN, and RN to MSN New Deal",50.0,0.0,2025-12-14,2025,2026-03-06,Q1,Bookings,Closed Lost,Ron Bright,Clinical Record Keeping,,,,,No contact,,,,OMIT,,https://app.hubspot.com/contacts/7762472/deal/51843177610
51846893709,Labette Community College - Nursing-ADN New Deal,50.0,0.0,2025-12-14,2025,2026-03-06,Q1,Bookings,Closed Lost,Ron Bright,Clinical Record Keeping,,,,2024 OADN,Bad timing,,,,OMIT,,https://app.hubspot.com/contacts/7762472/deal/51846893709
51843268653,Cox Health - MLS New Deal,50.0,0.0,2025-12-14,2025,2026-04-23,Q2,Bookings,Closed Lost,Shawna Granger,Clinical Record Keeping,,,,CLEC 23,No contact,Silent-moved to sequence,,,OMIT,,https://app.hubspot.com/contacts/7762472/deal/51843268653
51843271707,Pennsylvania Hospital - MLS New Deal,50.0,0.0,2025-12-14,2025,2026-04-23,Q2,Bookings,Closed Lost,Shawna Granger,Clinical Record Keeping,,,,CLEC 23,No contact,Silent-moved to sequence,,,OMIT,,https://app.hubspot.com/contacts/7762472/deal/51843271707
51831093160,Laurel Technical Institute - Corporate Office - Nursing-ADN New Deal,50.0,0.0,2025-12-14,2025,2026-03-06,Q1,Bookings,Closed Lost,Ron Bright,Clinical Record Keeping,,,,Matrix,No contact,,,,OMIT,,https://app.hubspot.com/contacts/7762472/deal/51831093160
51846138949,Stanly Community College - Medical Assisting New Deal,50.0,0.0,2025-12-14,2025,2026-04-23,Q2,Bookings,Closed Lost,Shawna Granger,Clinical Record Keeping,,,,2025 AAMA,No contact,Silent-moved to sequence,,,OMIT,,https://app.hubspot.com/contacts/7762472/deal/51846138949
51800259370,New England Aquarium - MRI New Deal,50.0,0.0,2025-12-14,2025,2026-04-23,Q2,Bookings,Closed Lost,Shawna Granger,Clinical Record Keeping,,,,support call,Other,Not interested,,,OMIT,,https://app.hubspot.com/contacts/7762472/deal/51800259370
51846111336,The City University of New York - Nursing-ADN New Deal,50.0,0.0,2025-12-14,2025,2026-03-12,Q1,Bookings,Closed Lost,Mandy Ray,Clinical Record Keeping,,,,Matrix,,,,,OMIT,,https://app.hubspot.com/contacts/7762472/deal/51846111336
51843293795,Thomas Jefferson University -  New Deal,50.0,0.0,2025-12-14,2025,2026-03-23,Q1,Bookings,Closed Lost,Mandy Ray,Clinical Record Keeping,,,,,,Using Exxact,,,OMIT,,https://app.hubspot.com/contacts/7762472/deal/51843293795
51834153109,Northern Maine Community College - Isle - Medical Assistant New Deal,50.0,0.0,2025-12-14,2025,2026-04-09,Q2,Bookings,Closed Lost,Shawna Granger,Clinical Record Keeping,,,,2025 AAMA,No contact,Silent,,,OMIT,,https://app.hubspot.com/contacts/7762472/deal/51834153109
51846124181,"Southeastern College - Corporate Office - Nursing, PN New Deal",50.0,0.0,2025-12-14,2025,2026-03-12,Q1,Bookings,Closed Lost,Ron Bright,Clinical Record Keeping,,,,,,,,,OMIT,,https://app.hubspot.com/contacts/7762472/deal/51846124181
51838737737,Technical College of the Lowcountry - Surg Tech New Deal,3000.0,3000.0,2025-12-14,2025,2026-05-13,Q2,Bookings,Closed Lost,Mark Moore,Clinical Record Keeping,,Website;Conference/Trade Show,,2026 AST ED,,,,,OMIT,,https://app.hubspot.com/contacts/7762472/deal/51838737737
51843209224,Elgin Community College - Histotechnician New Deal,50.0,0.0,2025-12-14,2025,2026-04-23,Q2,Bookings,Closed Lost,Shawna Granger,Clinical Record Keeping,,,,NAACLS website,No contact,Silent-moved to sequence,,,OMIT,,https://app.hubspot.com/contacts/7762472/deal/51843209224
51843198979,Tarrant County - Vascular Interventional Rad New Deal,50.0,0.0,2025-12-14,2025,2026-04-23,Q2,Bookings,Closed Lost,Shawna Granger,Clinical Record Keeping,,,,School webiste,No contact,Silent-moved to sequence,,,OMIT,,https://app.hubspot.com/contacts/7762472/deal/51843198979
51796990999,Ashland Community & Technical College - Orthotic and Prosthetic Technology New Deal,50.0,0.0,2025-12-14,2025,2026-04-23,Q2,Bookings,Closed Lost,Shawna Granger,Clinical Record Keeping,,,,Top 20 Matrix,No contact,Silent-moved to sequence,,,OMIT,,https://app.hubspot.com/contacts/7762472/deal/51796990999
51794544908,"Trenholm State Community College - Nursing-PN, ADN New Deal",50.0,0.0,2025-12-14,2025,2026-03-06,Q1,Bookings,Closed Lost,Ron Bright,Clinical Record Keeping,,,,Internal,Unqualified,,,,OMIT,,https://app.hubspot.com/contacts/7762472/deal/51794544908
51843241889,Baker College of Muskegon - Medical Assisting,50.0,0.0,2025-12-14,2025,2026-04-13,Q2,Bookings,Closed Lost,Shawna Granger,Clinical Record Keeping,,,,Support email,Bad timing,First year as program director,,,OMIT,,https://app.hubspot.com/contacts/7762472/deal/51843241889
51846906036,Northern Virginia CC - Vet Tech New Deal,50.0,0.0,2025-12-14,2025,2026-04-23,Q2,Bookings,Closed Lost,Shawna Granger,Clinical Record Keeping,,,,Top 20 Matrix,No contact,moved to sequence,,,OMIT,,https://app.hubspot.com/contacts/7762472/deal/51846906036
51846886953,Westmoreland County Community College - Nursing-ADN New Deal,50.0,0.0,2025-12-14,2025,2026-03-06,Q1,Bookings,Closed Lost,Ron Bright,Clinical Record Keeping,,,,2024 PCADN,Other,,,,OMIT,,https://app.hubspot.com/contacts/7762472/deal/51846886953
51846850207,College of the Mainland - Pharmacy Tech,2000.0,2000.0,2025-12-14,2025,2026-03-13,Q1,Bookings,Closed Lost,Mark Moore,Clinical Record Keeping,,,,2025 PTEC,Budget,,,,OMIT,,https://app.hubspot.com/contacts/7762472/deal/51846850207
51803456895,RMR - Rad Tech New Deal,50.0,0.0,2025-12-14,2025,2026-04-08,Q2,Bookings,Closed Lost,Shawna Granger,Clinical Record Keeping,,,,Matrix/JRCERT website,Building Internally,Trying new internal systems,,,OMIT,,https://app.hubspot.com/contacts/7762472/deal/51803456895
51843207071,Cochise College - Nursing-ADN New Deal,50.0,0.0,2025-12-14,2025,2026-03-03,Q1,Bookings,Closed Lost,Ron Bright,Clinical Record Keeping,,,,2025 AACN,No Champion,,,,OMIT,,https://app.hubspot.com/contacts/7762472/deal/51843207071
51846877186,Arkansas State University-Jonesboro - Vet Medicine- DVM New Deal,50.0,0.0,2025-12-14,2025,2026-04-23,Q2,Bookings,Closed Lost,Shawna Granger,Clinical Record Keeping,,,,2025 AVTE,Competitor,The Dean has a specific program she wants to use and we are going with that system. ,,,OMIT,,https://app.hubspot.com/contacts/7762472/deal/51846877186
51846146658,"High Desert Medical College - Bakersfield - Nursing-PN (VN Cert Program), ADN (VN Assoc. Program) New Deal",50.0,0.0,2025-12-14,2025,2026-03-06,Q1,Bookings,Closed Lost,Ron Bright,Clinical Record Keeping,,,,,No contact,,,,OMIT,,https://app.hubspot.com/contacts/7762472/deal/51846146658
51839236870,Nash Community College - Vet Tech New Deal,50.0,0.0,2025-12-14,2025,2026-04-23,Q2,Bookings,Closed Lost,Shawna Granger,Clinical Record Keeping,,,,AVTE 2022,Competitor,Salthouse,,,OMIT,,https://app.hubspot.com/contacts/7762472/deal/51839236870
51843266311,Atlanta Technical College - Phlebotomy New Deal,50.0,0.0,2025-12-14,2025,2026-04-23,Q2,Bookings,Closed Lost,Shawna Granger,Clinical Record Keeping,,,,Top 20 Matrix,No contact,Silent- in sequence,,,OMIT,,https://app.hubspot.com/contacts/7762472/deal/51843266311
51843180291,"UMass Memorial Health - Nursing-CNA, PN, ADN New Deal",50.0,0.0,2025-12-14,2025,2026-03-03,Q1,Bookings,Closed Lost,Ron Bright,Clinical Record Keeping,,,,2025 ST Falmouth,No contact,,,,OMIT,,https://app.hubspot.com/contacts/7762472/deal/51843180291
51804203120,Delaware Technical Community College - Histotechnician New Deal,50.0,0.0,2025-12-14,2025,2026-04-23,Q2,Bookings,Closed Lost,Shawna Granger,Clinical Record Keeping,,,,NAACLS website,No contact,Silent,,,OMIT,,https://app.hubspot.com/contacts/7762472/deal/51804203120
51815285825,Bethel University - Corporate Office - Nursing - BSN New Deal,50.0,0.0,2025-12-14,2025,2026-03-12,Q1,Bookings,Closed Lost,Ron Bright,Clinical Record Keeping,,,,CCNE Site Directory,,,,,OMIT,,https://app.hubspot.com/contacts/7762472/deal/51815285825
51843228997,Anna Maria College -BSN New Deal,50.0,0.0,2025-12-14,2025,2026-03-12,Q1,Bookings,Closed Lost,Ron Bright,Clinical Record Keeping,,,,MARILN,,,,,OMIT,,https://app.hubspot.com/contacts/7762472/deal/51843228997
51838737738,Lackawanna College - Medical Assisting New Deal,50.0,0.0,2025-12-14,2025,2026-04-23,Q2,Bookings,Closed Lost,Shawna Granger,Clinical Record Keeping,,,,CAAHEP Website,No contact,Moved to sequence,,,OMIT,,https://app.hubspot.com/contacts/7762472/deal/51838737738
51843279023,Ulster County Community College - Ridge - Nursing-ADN New Deal,50.0,0.0,2025-12-14,2025,2026-04-02,Q2,Bookings,Closed Lost,Mandy Ray,Clinical Record Keeping,,,,2025 CADN-NYLN,Bad timing,Accreditation visit,,,OMIT,,https://app.hubspot.com/contacts/7762472/deal/51843279023
51806821483,Del Mar College - Medical Assisting New Deal,50.0,0.0,2025-12-14,2025,2026-04-17,Q2,Bookings,Closed Lost,Shawna Granger,Clinical Record Keeping,,,,Matrix/CAAHEP Website,No contact,moved to sequence,,,OMIT,,https://app.hubspot.com/contacts/7762472/deal/51806821483
51846896435,Northern Virginia Community College - MLT New Deal,50.0,0.0,2025-12-14,2025,2026-03-24,Q1,Bookings,Closed Lost,Shawna Granger,Clinical Record Keeping,,,,Matrix,,Clinical sites not on board,,,OMIT,,https://app.hubspot.com/contacts/7762472/deal/51846896435
51801490603,Radford University - MLS New Deal,50.0,0.0,2025-12-14,2025,2026-04-30,Q2,Bookings,Closed Lost,Shawna Granger,Clinical Record Keeping,,Conference/Trade Show,,2025 CLEC,Bad timing,Working on other projects,,,OMIT,,https://app.hubspot.com/contacts/7762472/deal/51801490603
51843253831,Wittenberg University - Springfield - Nursing - BSN New Deal,50.0,0.0,2025-12-14,2025,2026-03-06,Q1,Bookings,Closed Lost,Ron Bright,Clinical Record Keeping,,,,CCNE web site for Accred,Other,,,,OMIT,,https://app.hubspot.com/contacts/7762472/deal/51843253831
51829105042,Galen College of Nursing - Cincinnati - MLS New Deal,50.0,0.0,2025-12-14,2025,2026-04-23,Q2,Bookings,Closed Lost,Shawna Granger,Clinical Record Keeping,,,,Matrix,No contact,Silent,,,OMIT,,https://app.hubspot.com/contacts/7762472/deal/51829105042
51843187820,Healthcare Training Institute - Corporate Office - Multi New Deal,50.0,0.0,2025-12-14,2025,2026-03-06,Q1,Bookings,Closed Lost,Ron Bright,Clinical Record Keeping,,,,,No contact,,,,OMIT,,https://app.hubspot.com/contacts/7762472/deal/51843187820
51843256406,Riveroak Technical College - Surgical Technology New Deal,50.0,1600.0,2025-12-14,2025,2026-04-02,Q2,Bookings,Closed Lost,Mark Moore,Clinical Record Keeping,,,,Web Inquiry,Open to Revisiting,not changing right now. maybe next semester,,,OMIT,,https://app.hubspot.com/contacts/7762472/deal/51843256406
51843234134,University of Hawaii Maui College - Kahului - Nursing-BSN New Deal,50.0,0.0,2025-12-14,2025,2026-03-12,Q1,Bookings,Closed Lost,Mandy Ray,Clinical Record Keeping,,,,Matrix,,,,,OMIT,,https://app.hubspot.com/contacts/7762472/deal/51843234134
51842978108,"Prairie View A & M University - View - Nursing-BSN, MSN New Deal",50.0,0.0,2025-12-14,2025,2026-03-13,Q1,Bookings,Closed Lost,Mandy Ray,Clinical Record Keeping,,,,SIGMA 2023,,,,,OMIT,,https://app.hubspot.com/contacts/7762472/deal/51842978108
51843236493,Glendale Community College - Maricopa - Nursing-ADN New Deal,8250.0,8250.0,2025-12-14,2025,2026-03-06,Q1,Bookings,Closed Lost,Ron Bright,Clinical Record Keeping,,,,Web Search,Other,,,,OMIT,,https://app.hubspot.com/contacts/7762472/deal/51843236493
51843142281,Truckee Meadows Community College - Veterinary Nursing New Deal,50.0,0.0,2025-12-14,2025,2026-04-23,Q2,Bookings,Closed Lost,Shawna Granger,Clinical Record Keeping,,,,Matrix,No contact,silent,,,OMIT,,https://app.hubspot.com/contacts/7762472/deal/51843142281
51846903715,Ivy Tech - Nursing-ADN New Deal,50.0,0.0,2025-12-14,2025,2026-03-06,Q1,Bookings,Closed Lost,Ron Bright,Clinical Record Keeping,,,,Top 20 OADN/Matrix/Big Fish,,,,,OMIT,,https://app.hubspot.com/contacts/7762472/deal/51846903715
51843279024,Ivy Tech - Pharmacy Tech ,525.0,525.0,2025-12-14,2025,2026-03-06,Q1,Bookings,Closed Lost,Mark Moore,Clinical Record Keeping,,,,Matrix,No contact,,,,OMIT,,https://app.hubspot.com/contacts/7762472/deal/51843279024
51846850208,Mayland Community College - Pine - Medical Assisting New Deal,50.0,0.0,2025-12-14,2025,2026-04-23,Q2,Bookings,Closed Lost,Shawna Granger,Clinical Record Keeping,,,,CAAHEP Website,No contact,Moved to sequence,,,OMIT,,https://app.hubspot.com/contacts/7762472/deal/51846850208
51834545571,JFK Muhlenberg Snyder - DMS New Deal,50.0,0.0,2025-12-14,2025,2026-04-23,Q2,Bookings,Closed Lost,Shawna Granger,Clinical Record Keeping,,,,Matrix/CAHEEP website,No contact,moved to sequence,,,OMIT,,https://app.hubspot.com/contacts/7762472/deal/51834545571
51803456898,Maine Community College System - Nursing-ADN New Deal,50.0,0.0,2025-12-14,2025,2026-03-12,Q1,Bookings,Closed Lost,Georgia Grey,Clinical Record Keeping,,,,OADN member/Matrix,,,,,OMIT,,https://app.hubspot.com/contacts/7762472/deal/51803456898
51837562698,Bucks County Community College - Paramedic New Deal,50.0,0.0,2025-12-14,2025,2026-03-05,Q1,Bookings,Closed Lost,Mark Moore,Clinical Record Keeping,,,,Top 20 Matrix,,,,,OMIT,,https://app.hubspot.com/contacts/7762472/deal/51837562698
51843194539,Morehead State - Vet Tech New Deal,50.0,0.0,2025-12-14,2025,2026-04-23,Q2,Bookings,Closed Lost,Shawna Granger,Clinical Record Keeping,,,,,No contact,Silent,,,OMIT,,https://app.hubspot.com/contacts/7762472/deal/51843194539
51843283781,South Puget Sound Community College - Medical Assisting New Deal,50.0,0.0,2025-12-14,2025,2026-04-23,Q2,Bookings,Closed Lost,Shawna Granger,Clinical Record Keeping,,,,CAAHEP Website,No contact,Silent,,,OMIT,,https://app.hubspot.com/contacts/7762472/deal/51843283781
51846896438,"St Francis College - Heights - Nursing-BSN, RN to BSN New Deal",50.0,0.0,2025-12-14,2025,2026-03-06,Q1,Bookings,Closed Lost,Ron Bright,Clinical Record Keeping,,,,2025 Info Request,No contact,,,,OMIT,,https://app.hubspot.com/contacts/7762472/deal/51846896438
51799024663,CBD College - DMS New Deal,50.0,0.0,2025-12-14,2025,2026-04-23,Q2,Bookings,Closed Lost,Shawna Granger,Clinical Record Keeping,,,,Matrix/CAHEEP website,No contact,moved to sequence,,,OMIT,,https://app.hubspot.com/contacts/7762472/deal/51799024663
51821739899,UCLA - MA New Deal,50.0,0.0,2025-12-14,2025,2026-04-23,Q2,Bookings,Closed Lost,Shawna Granger,Clinical Record Keeping,,,,New email address,No contact,silent,,,OMIT,,https://app.hubspot.com/contacts/7762472/deal/51821739899
51796991003,"Excelsior College - Albany - Nursing-BSN, MSN New Deal",50.0,0.0,2025-12-14,2025,2026-03-12,Q1,Bookings,Closed Lost,Mandy Ray,Clinical Record Keeping,,,,,,,,,OMIT,,https://app.hubspot.com/contacts/7762472/deal/51796991003
51842984047,Concorde Career College - All New Deal,50.0,0.0,2025-12-14,2025,2026-03-02,Q1,Bookings,Closed Lost,Ron Bright,Clinical Record Keeping,,,,Web Inquiry 2024,Other,,,,OMIT,,https://app.hubspot.com/contacts/7762472/deal/51842984047
51846879851,Ivy Tech - Medical Assisting,50.0,0.0,2025-12-14,2025,2026-03-06,Q1,Bookings,Closed Lost,Shawna Granger,Clinical Record Keeping,,,,2025 AAMA,Open to Revisiting,,,,OMIT,,https://app.hubspot.com/contacts/7762472/deal/51846879851
51831093162,Eastern Kentucky University - Health Care Administration New Deal,50.0,0.0,2025-12-14,2025,2026-04-30,Q2,Bookings,Closed Lost,Mandy Ray,Clinical Record Keeping,,Website,,2025 Info Request,No contact,Went radio silent,,,OMIT,,https://app.hubspot.com/contacts/7762472/deal/51831093162
51846910474,Ivy Tech - Nursing-ADN New Deal,50.0,0.0,2025-12-14,2025,2026-03-06,Q1,Bookings,Closed Lost,Ron Bright,Clinical Record Keeping,,,,Matrix,,,,,OMIT,,https://app.hubspot.com/contacts/7762472/deal/51846910474
51846682017,Minnesota State University - Mankato- Nursing New Deal,57000.0,57000.0,2025-12-14,2025,2026-03-04,Q1,Bookings,Closed Lost,Mandy Ray,Clinical Record Keeping,,,,2025 AACN,Budget,,,,OMIT,,https://app.hubspot.com/contacts/7762472/deal/51846682017
51843248896,Springfield Technical Community College - ALL New Deal,50.0,0.0,2025-12-14,2025,2026-03-03,Q1,Bookings,Closed Lost,Ron Bright,Clinical Record Keeping,,,,,Other,,,,OMIT,,https://app.hubspot.com/contacts/7762472/deal/51843248896
51842978110,Northern Essex Community College - Paramedic New Deal,50.0,0.0,2025-12-14,2025,2026-03-24,Q1,Bookings,Closed Lost,Mark Moore,Clinical Record Keeping,,,,internal support,,Using Platinum,,,OMIT,,https://app.hubspot.com/contacts/7762472/deal/51842978110
51804356142,Los Angeles County College of Nursing and Allied Health - Los Angeles - Nursing-ADN New Deal,50.0,0.0,2025-12-14,2025,2026-03-01,Q1,Bookings,Closed Lost,Ron Bright,Clinical Record Keeping,,,,2024 St. A's Nurse Ed,Budget,,,,OMIT,,https://app.hubspot.com/contacts/7762472/deal/51804356142
51782085803,Portland Community College - MLT New Deal,50.0,0.0,2025-12-14,2025,2026-03-24,Q1,Bookings,Closed Lost,Shawna Granger,Clinical Record Keeping,,,,2025 CLEC,,Not interested in moving forward 5/25,,,OMIT,,https://app.hubspot.com/contacts/7762472/deal/51782085803
51714442822,Rowan College of South Jersey - Nuc Med New Deal,50.0,0.0,2025-12-14,2025,2026-04-22,Q2,Bookings,Closed Lost,Shawna Granger,Clinical Record Keeping,,,,2024 Info Request,Bad timing,New PD and new cirriculum,,,OMIT,,https://app.hubspot.com/contacts/7762472/deal/51714442822
51843253833,University of North Texas - Nutrition and Dietetics,3750.0,3750.0,2025-12-14,2025,2026-03-17,Q1,Bookings,Closed Lost,Mark Moore,Clinical Record Keeping,,,,2025 Info Request,No contact,,,,OMIT,,https://app.hubspot.com/contacts/7762472/deal/51843253833
51846838617,Central Arizona College - MLT New Deal,50.0,0.0,2025-12-14,2025,2026-04-21,Q2,Bookings,Closed Lost,Shawna Granger,Clinical Record Keeping,,,,Matrix,No contact,Silent,,,OMIT,,https://app.hubspot.com/contacts/7762472/deal/51846838617
51846909050,Trinity Health System School of Nursing - Steubenville - Nursing New Deal,50.0,0.0,2025-12-14,2025,2026-03-06,Q1,Bookings,Closed Lost,Ron Bright,Clinical Record Keeping,,,,OADN 22 Post Conference,Bad timing,,,,OMIT,,https://app.hubspot.com/contacts/7762472/deal/51846909050
51828924334,"Riverland Community College - Austin - Nursing-CNA, PN, ADN New Deal",50.0,0.0,2025-12-14,2025,2026-03-06,Q1,Bookings,Closed Lost,Ron Bright,Clinical Record Keeping,,,,Matrix,Other,,,,OMIT,,https://app.hubspot.com/contacts/7762472/deal/51828924334
51843150357,Louisiana State University Health Sciences Center - Corporate Office - Nursing-BSN New Deal,50.0,0.0,2025-12-14,2025,2026-03-12,Q1,Bookings,Closed Lost,Ron Bright,Clinical Record Keeping,,,,2024 AACN,,,,,OMIT,,https://app.hubspot.com/contacts/7762472/deal/51843150357
51783929181,"Brightpoint Community College - Nursing - ADN, LPN-RN New Deal",50.0,0.0,2025-12-14,2025,2026-03-13,Q1,Bookings,Closed Lost,Ron Bright,Clinical Record Keeping,,,,2025 NLN,,,,,OMIT,,https://app.hubspot.com/contacts/7762472/deal/51783929181
51846896536,"Midwestern State University - Nursing-BSN, MSN, DNP New Deal",50.0,0.0,2025-12-14,2025,2026-03-13,Q1,Bookings,Closed Lost,Mandy Ray,Clinical Record Keeping,,,,,,,,,OMIT,,https://app.hubspot.com/contacts/7762472/deal/51846896536
51846918152,"University of Mary Hardin-Baylor - Nursing-BSN, RN to BSN (online) MSN, DNP New Deal",50.0,0.0,2025-12-14,2025,2026-03-06,Q1,Bookings,Closed Lost,Ron Bright,Clinical Record Keeping,,,,2024 NLN,Other,,,,OMIT,,https://app.hubspot.com/contacts/7762472/deal/51846918152
51846840845,Owens Community College - DH New Deal,50.0,0.0,2025-12-14,2025,2026-04-08,Q2,Bookings,Closed Lost,Mark Moore,Clinical Record Keeping,,,,Matrix,Bad timing,bad timing ,,,OMIT,,https://app.hubspot.com/contacts/7762472/deal/51846840845
51846860321,Fairleigh Dickinson University - Florham Campus - CLS New Deal,50.0,0.0,2025-12-14,2025,2026-04-21,Q2,Bookings,Closed Lost,Shawna Granger,Clinical Record Keeping,,,,Matrix,Bad timing,I am still working on launching the Phlebotomy Program.  The MLA is put on the back burner for now. ,,,OMIT,,https://app.hubspot.com/contacts/7762472/deal/51846860321
51843187822,Deanza College - MLT New Deal,500.0,500.0,2025-12-14,2025,2026-04-08,Q2,Bookings,Closed Lost,Mandy Ray,Clinical Record Keeping,,,,NAACLS website,No contact,Not responding to emails or phone messages,,,OMIT,,https://app.hubspot.com/contacts/7762472/deal/51843187822
51846866814,Cleveland Community College - Medical Assisting,800.0,800.0,2025-12-14,2025,2026-03-06,Q1,Bookings,Closed Lost,Shawna Granger,Clinical Record Keeping,,,,CAAHEP Database,,,,,OMIT,,https://app.hubspot.com/contacts/7762472/deal/51846866814
51801645057,American National University - Corporate Office - Medical Assisting New Deal,50.0,0.0,2025-12-14,2025,2026-04-03,Q2,Bookings,Closed Lost,Shawna Granger,Clinical Record Keeping,,,,CAAHEP Website,Other,Enterprise Account-with Deal,,,OMIT,,https://app.hubspot.com/contacts/7762472/deal/51801645057
51843165540,Front Range Community College - Vet Tech New Deal,50.0,0.0,2025-12-14,2025,2026-04-21,Q2,Bookings,Closed Lost,Shawna Granger,Clinical Record Keeping,,,,,No contact,Silent,,,OMIT,,https://app.hubspot.com/contacts/7762472/deal/51843165540
51846862395,Sullivan Univ - Louisville - Medical Assisting New Deal,50.0,0.0,2025-12-14,2025,2026-04-08,Q2,Bookings,Closed Lost,Shawna Granger,Clinical Record Keeping,,,,CAAHEP Website,Budget,Not approved for budget,,,OMIT,,https://app.hubspot.com/contacts/7762472/deal/51846862395
51846877189,Lake Sumter State College - MLT New Deal,50.0,0.0,2025-12-14,2025,2026-03-24,Q1,Bookings,Closed Lost,Shawna Granger,Clinical Record Keeping,,,,Matrix/NAACLS,,Couldn't get clinical sites on board,,,OMIT,,https://app.hubspot.com/contacts/7762472/deal/51846877189
51846840846,"Guilford Technical Community College - Nursing-PN, ADN New Deal",50.0,0.0,2025-12-14,2025,2026-03-12,Q1,Bookings,Closed Lost,Ron Bright,Clinical Record Keeping,,,,2025 NCADN,,,,,OMIT,,https://app.hubspot.com/contacts/7762472/deal/51846840846
51843177613,"Quinsigamond Community College - Nursing-CNA, PN, ADN New Deal",15000.0,15000.0,2025-12-14,2025,2026-05-11,Q2,Bookings,Closed Lost,Georgia Grey,Clinical Record Keeping,,Association,,OADN/Matrix,Other,Leadership Change,,,OMIT,,https://app.hubspot.com/contacts/7762472/deal/51843177613
51846891443,Navarro College - Nursing- ADN New Deal,50.0,0.0,2025-12-14,2025,2026-03-13,Q1,Bookings,Closed Lost,Mandy Ray,Clinical Record Keeping,,,,Matrix,,,,,OMIT,,https://app.hubspot.com/contacts/7762472/deal/51846891443
51843293802,Aultman College - Radiography,0.0,0.0,2025-12-14,2025,2026-03-17,Q1,Bookings,Closed Lost,Shawna Granger,,,,,,Bad timing,,,,OMIT,,https://app.hubspot.com/contacts/7762472/deal/51843293802
51843279026,"Camp Ollin - Phlebotomy, MLT New Deal",50.0,0.0,2025-12-14,2025,2026-04-21,Q2,Bookings,Closed Lost,Shawna Granger,Clinical Record Keeping,,,,CLEC,No contact,Silent,,,OMIT,,https://app.hubspot.com/contacts/7762472/deal/51843279026
51806821485,Angelina College - Respiratory Therapy New Deal,50.0,0.0,2025-12-14,2025,2026-03-19,Q1,Bookings,Closed Lost,Mark Moore,Clinical Record Keeping,,,,,,Using Clinical Trac and happy with it,,,OMIT,,https://app.hubspot.com/contacts/7762472/deal/51806821485
51783929182,United Education Institute - Huntington Park Campus - ESL New Deal,50.0,0.0,2025-12-14,2025,2026-03-06,Q1,Bookings,Closed Lost,Shawna Granger,Clinical Record Keeping,,,,,Other,,,,OMIT,,https://app.hubspot.com/contacts/7762472/deal/51783929182
51802689029,Alamance Community College - Histotechnician New Deal,50.0,0.0,2025-12-14,2025,2026-04-21,Q2,Bookings,Closed Lost,Shawna Granger,Clinical Record Keeping,,,,NAACLS website,No contact,silent,,,OMIT,,https://app.hubspot.com/contacts/7762472/deal/51802689029
51843266315,College of Lake County -  New Deal,50.0,0.0,2025-12-14,2025,2026-03-05,Q1,Bookings,Closed Lost,Mandy Ray,Clinical Record Keeping,,,,NAACLS,,,,,OMIT,,https://app.hubspot.com/contacts/7762472/deal/51843266315
51839797653,Ivy Tech - Nursing-ADN New Deal,50.0,0.0,2025-12-14,2025,2026-03-06,Q1,Bookings,Closed Lost,Ron Bright,Clinical Record Keeping,,,,Top 20 OADN/Matrix/Big Fish,,,,,OMIT,,https://app.hubspot.com/contacts/7762472/deal/51839797653
51846840847,Ashland Community & Technical College - MLT New Deal,50.0,0.0,2025-12-14,2025,2026-04-21,Q2,Bookings,Closed Lost,Shawna Granger,Clinical Record Keeping,,,,Top 20 Matrix,No contact,not interested in Trajecsys at this time.,,,OMIT,,https://app.hubspot.com/contacts/7762472/deal/51846840847
51843241894,Coastal Alabama Community College - Vet Tech New Deal,50.0,0.0,2025-12-14,2025,2026-04-13,Q2,Bookings,Closed Lost,Shawna Granger,Clinical Record Keeping,,,,2025 AVTE,No contact,Silent,,,OMIT,,https://app.hubspot.com/contacts/7762472/deal/51843241894
51804356145,Central Georgia Technical College - Dental Assisting New Deal,50.0,0.0,2025-12-14,2025,2026-04-09,Q2,Bookings,Closed Lost,Mark Moore,Clinical Record Keeping,,,,matrix,No contact,ghost,,,OMIT,,https://app.hubspot.com/contacts/7762472/deal/51804356145
51843187824,Oklahoma State University - Corporate Office - Vet Tech New Deal,50.0,0.0,2025-12-14,2025,2026-04-21,Q2,Bookings,Closed Lost,Shawna Granger,Clinical Record Keeping,,,,2024 AVTE registration list,Competitor,Platinum,,,OMIT,,https://app.hubspot.com/contacts/7762472/deal/51843187824
51843266318,Southwest U - Nursing-ADN New Deal,50.0,0.0,2025-12-14,2025,2026-03-12,Q1,Bookings,Closed Lost,Cara Heinrich,Clinical Record Keeping,,,,2025 MLN,,,,,OMIT,,https://app.hubspot.com/contacts/7762472/deal/51843266318
51843198986,Greenville Technical College - Nursing-ADN New Deal,50.0,0.0,2025-12-14,2025,2026-03-04,Q1,Bookings,Closed Lost,Ron Bright,Clinical Record Keeping,,,,,Building Internally,,,,OMIT,,https://app.hubspot.com/contacts/7762472/deal/51843198986
51846840848,Garrett College - McHenry - Limited X-ray New Deal,50.0,0.0,2025-12-14,2025,2026-04-13,Q2,Bookings,Closed Lost,Shawna Granger,Clinical Record Keeping,,,,Support referral,No contact,Unresponsive,,,OMIT,,https://app.hubspot.com/contacts/7762472/deal/51846840848
51843229000,Cochran School of Nursing - Nursing-ADN New Deal,50.0,0.0,2025-12-14,2025,2026-03-12,Q1,Bookings,Closed Lost,Cara Heinrich,Clinical Record Keeping,,,,2025 CADN-NYLN,,,,,OMIT,,https://app.hubspot.com/contacts/7762472/deal/51843229000
51804356146,San Jacinto College - MLT New Deal,50.0,0.0,2025-12-14,2025,2026-04-21,Q2,Bookings,Closed Lost,Shawna Granger,Clinical Record Keeping,,,,CLEC2020,No contact,moved to sequence,,,OMIT,,https://app.hubspot.com/contacts/7762472/deal/51804356146
51846682021,"Edgecombe Community College - Nursing-PN, ADN New Deal",7500.0,0.0,2025-12-14,2025,2026-03-12,Q1,Bookings,Closed Lost,,Clinical Record Keeping,true,,,2025 NCADN,,,,,OMIT,,https://app.hubspot.com/contacts/7762472/deal/51846682021
51843279028,Mountain Empire Community College - Respiratory Therapy New Deal,50.0,0.0,2025-12-14,2025,2026-03-05,Q1,Bookings,Closed Lost,Mark Moore,Clinical Record Keeping,,,,,,,,,OMIT,,https://app.hubspot.com/contacts/7762472/deal/51843279028
51843291499,Butte College - Nursing-ADN New Deal,18000.0,18000.0,2025-12-14,2025,2026-03-11,Q1,Bookings,Closed Lost,Ron Bright,Clinical Record Keeping,,,,2025 COADN,,,,,OMIT,,https://app.hubspot.com/contacts/7762472/deal/51843291499
51843283784,Parkview School of Medical Laboratory Science - Medical Assisting New Deal,50.0,0.0,2025-12-14,2025,2026-04-21,Q2,Bookings,Closed Lost,Shawna Granger,Clinical Record Keeping,,,,2025 AAMA,No contact,moved to a sequence,,,OMIT,,https://app.hubspot.com/contacts/7762472/deal/51843283784
51843192745,"University of South Dakota - Vermillion - Nursing - BSN, MSN, DNP New Deal",50.0,0.0,2025-12-14,2025,2026-03-12,Q1,Bookings,Closed Lost,Cara Heinrich,Clinical Record Keeping,,,,Big Fish,,,,,OMIT,,https://app.hubspot.com/contacts/7762472/deal/51843192745
51806054993,Tarleton State University - MLS New Deal,50.0,0.0,2025-12-14,2025,2026-04-21,Q2,Bookings,Closed Lost,Shawna Granger,Clinical Record Keeping,,,,CLEC 23,No contact,silent,,,OMIT,,https://app.hubspot.com/contacts/7762472/deal/51806054993
51783929184,Beaumont Health System - School of Histotech New Deal,50.0,0.0,2025-12-14,2025,2026-03-05,Q1,Bookings,Closed Lost,Shawna Granger,Clinical Record Keeping,,,,NAACLS website,,,,,OMIT,,https://app.hubspot.com/contacts/7762472/deal/51783929184
51802994708,"California State University - Sacramento - Nursing-BSN, RN to BSN, MSN New Deal",50.0,0.0,2025-12-14,2025,2026-03-12,Q1,Bookings,Closed Lost,Cara Heinrich,Clinical Record Keeping,,,,Web Search/Sales Matrix,,,,,OMIT,,https://app.hubspot.com/contacts/7762472/deal/51802994708
51846903717,Academy of Healthcare Excellence - Multiple New Deal,50.0,0.0,2025-12-14,2025,2026-03-06,Q1,Bookings,Closed Lost,Ron Bright,Clinical Record Keeping,,,,,Other,,,,OMIT,,https://app.hubspot.com/contacts/7762472/deal/51846903717
51806054994,Southwestern Illinois College - Nursing-ADN New Deal,50.0,0.0,2025-12-14,2025,2026-03-12,Q1,Bookings,Closed Lost,Mandy Ray,Clinical Record Keeping,,,,2025 MLN,,,,,OMIT,,https://app.hubspot.com/contacts/7762472/deal/51806054994
51846898997,Dona Ana Community College - Diagnostic Medical Sonography New Deal,50.0,0.0,2025-12-14,2025,2026-03-05,Q1,Bookings,Closed Lost,Shawna Granger,Clinical Record Keeping,,,,2023 CAAHEP workshop,,,,,OMIT,,https://app.hubspot.com/contacts/7762472/deal/51846898997
51796991009,Bladen Community College - Nursing ADN New Deal,4500.0,0.0,2025-12-14,2025,2026-03-12,Q1,Bookings,Closed Lost,Ron Bright,Clinical Record Keeping,,,,2025 NCADN,,,,,OMIT,,https://app.hubspot.com/contacts/7762472/deal/51796991009
51843288935,New England College of Business - Nursing-BSN New Deal,50.0,0.0,2025-12-14,2025,2026-03-12,Q1,Bookings,Closed Lost,Ron Bright,Clinical Record Keeping,,,,2024 St. A's Nurse Ed,,,,,OMIT,,https://app.hubspot.com/contacts/7762472/deal/51843288935
51843277060,Pima Medical Institute - Corporate Office - Vet Tech New Deal,50.0,0.0,2025-12-14,2025,2026-04-21,Q2,Bookings,Closed Lost,Shawna Granger,Clinical Record Keeping,,,,,Other,For profit,,,OMIT,,https://app.hubspot.com/contacts/7762472/deal/51843277060
51834545573,Arkansas State University-Jonesboro - MLS/MLT New Deal,50.0,0.0,2025-12-14,2025,2026-03-17,Q1,Bookings,Closed Lost,Shawna Granger,Clinical Record Keeping,,,,NAACLS website,,Using Platinum Planner,,,OMIT,,https://app.hubspot.com/contacts/7762472/deal/51834545573
51833114410,Front Range Community College - Phelb New Deal,50.0,0.0,2025-12-14,2025,2026-03-05,Q1,Bookings,Closed Lost,Shawna Granger,Clinical Record Keeping,,,,,,,,,OMIT,,https://app.hubspot.com/contacts/7762472/deal/51833114410
51843231563,The University of Vermont Health Network - CVPH - Radiography New Deal,50.0,0.0,2025-12-14,2025,2026-04-21,Q2,Bookings,Closed Lost,Shawna Granger,Clinical Record Keeping,,,,,Other,Duplicate to Champlain Valley Physicans Hospital,,,OMIT,,https://app.hubspot.com/contacts/7762472/deal/51843231563
51801335611,ExpressCare - Limited X-Ray,450.0,450.0,2025-12-14,2025,2026-04-13,Q2,Bookings,Closed Lost,Shawna Granger,Clinical Record Keeping,,,,2025 Info Request,Other,"we have not received approval from leadership to move forward with Trajecsys, and we’ve decided not to pursue this direction for the foreseeable future.",,,OMIT,,https://app.hubspot.com/contacts/7762472/deal/51801335611
51831093167,Harrisburg Area Community College - Medical Assisting ,1800.0,1800.0,2025-12-14,2025,2026-04-13,Q2,Bookings,Closed Lost,Shawna Granger,Clinical Record Keeping,,,,2024 AAMA,No contact,Silent,,,OMIT,,https://app.hubspot.com/contacts/7762472/deal/51831093167
51800408221,Guthrie - MLS New Deal,50.0,0.0,2025-12-14,2025,2026-05-06,Q2,Bookings,Closed Lost,Mandy Ray,Clinical Record Keeping,,Conference/Trade Show,,CLEC,Other,Process they have in place is working and could not get preceptors on board to move to an electronic system,,,OMIT,,https://app.hubspot.com/contacts/7762472/deal/51800408221
51803456901,"Moraine Valley Community College - Nursing-CNA, ADN New Deal",10500.0,10500.0,2025-12-14,2025,2026-03-12,Q1,Bookings,Closed Lost,Mandy Ray,Clinical Record Keeping,,,,,,,,,OMIT,,https://app.hubspot.com/contacts/7762472/deal/51803456901
51846909055,LawrenceburgTech - Veterinary Nursing New Deal,50.0,0.0,2025-12-14,2025,2026-04-13,Q2,Bookings,Closed Lost,Shawna Granger,Clinical Record Keeping,,,,Information Request 2024,Competitor,Lost to Platinum,,,OMIT,,https://app.hubspot.com/contacts/7762472/deal/51846909055
51796991011,Ivy Tech - MA New Deal,50.0,0.0,2025-12-14,2025,2026-04-13,Q2,Bookings,Closed Lost,Shawna Granger,Clinical Record Keeping,,,,Matrix/CAHEEP website,Budget,Additional fees not approved by all MA leaders,,,OMIT,,https://app.hubspot.com/contacts/7762472/deal/51796991011
51714442826,West Hills College - Corporate Office - Nursing-ADN New Deal,50.0,0.0,2025-12-14,2025,2026-03-06,Q1,Bookings,Closed Lost,Ron Bright,Clinical Record Keeping,,,,OADN Member,No contact,,,,OMIT,,https://app.hubspot.com/contacts/7762472/deal/51714442826
51843155016,Graham Hospital School of Nursing - Nursing-ADN New Deal,50.0,0.0,2025-12-14,2025,2026-03-12,Q1,Bookings,Closed Lost,Cara Heinrich,Clinical Record Keeping,,,,2025 CADN-NYLN,,,,,OMIT,,https://app.hubspot.com/contacts/7762472/deal/51843155016
51846896539,Columbia State Community College - Respiratory Therapy New Deal,50.0,0.0,2025-12-14,2025,2026-04-30,Q2,Bookings,Closed Lost,Mark Moore,Clinical Record Keeping,,Association,,CoARC PD List,Other,DCE happy with process,,,OMIT,,https://app.hubspot.com/contacts/7762472/deal/51846896539
51843234137,Indiana University School of Medicine - Radiation Therapy New Deal,50.0,0.0,2025-12-14,2025,2026-04-21,Q2,Bookings,Closed Lost,Shawna Granger,Clinical Record Keeping,,,,JRCERT website,Bad timing,"Unfortunately, at this time we are not able to consider Trajecsys. ",,,OMIT,,https://app.hubspot.com/contacts/7762472/deal/51843234137
51846111341,"Imperial Valley College - Imperial - Nursing-LVN, ADN New Deal",50.0,0.0,2025-12-14,2025,2026-03-06,Q1,Bookings,Closed Lost,Ron Bright,Clinical Record Keeping,,,,2023 oadn,No contact,,,,OMIT,,https://app.hubspot.com/contacts/7762472/deal/51846111341
51846838620,South Arkansas College - Rad Tech New Deal,50.0,0.0,2025-12-14,2025,2026-04-21,Q2,Bookings,Closed Lost,Shawna Granger,Clinical Record Keeping,,,,JRCERT website,No contact,added to sequence,,,OMIT,,https://app.hubspot.com/contacts/7762472/deal/51846838620
51797805443,Mizzou - MLS New Deal,50.0,0.0,2025-12-14,2025,2026-04-21,Q2,Bookings,Closed Lost,Shawna Granger,Clinical Record Keeping,,,,Referral from colleague,Competitor,E-Value,,,OMIT,,https://app.hubspot.com/contacts/7762472/deal/51797805443
51846882191,"California State University - Nursing- BSN, MSN, DNP New Deal",50.0,0.0,2025-12-14,2025,2026-04-30,Q2,Bookings,Closed Lost,Cara Heinrich,Clinical Record Keeping,,Conference/Trade Show,,2025 SIGMA,Competitor,verifying who they went with in 2025. I plan to reach out before Oct COADN,,,OMIT,,https://app.hubspot.com/contacts/7762472/deal/51846882191
51802689031,Jefferson Community College - Watertown - Nursing -ADN New Deal,10500.0,10500.0,2025-12-14,2025,2026-03-12,Q1,Bookings,Closed Lost,Mandy Ray,Clinical Record Keeping,,,,2025 CADN-NYLN,,,,,OMIT,,https://app.hubspot.com/contacts/7762472/deal/51802689031
51797805445,"Vermont State University - Nursing-PN, ADN, BSN New Deal",50.0,0.0,2025-12-14,2025,2026-03-13,Q1,Bookings,Closed Lost,Cara Heinrich,Clinical Record Keeping,,,,Matrix,,,,,OMIT,,https://app.hubspot.com/contacts/7762472/deal/51797805445
51846913085,Pearl River Community College - Multiple New Deal,50.0,0.0,2025-12-14,2025,2026-03-05,Q1,Bookings,Closed Lost,Mandy Ray,Clinical Record Keeping,,,,2024 SDMS,,,,,OMIT,,https://app.hubspot.com/contacts/7762472/deal/51846913085
51843219273,Santa Fe Community College - Nursing-ADN New Deal,50.0,0.0,2025-12-14,2025,2026-03-06,Q1,Bookings,Closed Lost,Ron Bright,Clinical Record Keeping,,,,,Competitor,,,,OMIT,,https://app.hubspot.com/contacts/7762472/deal/51843219273
51806054995,Great Falls College Montana State University - Vet Tech New Deal,50.0,0.0,2025-12-14,2025,2026-04-21,Q2,Bookings,Closed Lost,Shawna Granger,Clinical Record Keeping,,,,2024 AVTE,No contact,Silent,,,OMIT,,https://app.hubspot.com/contacts/7762472/deal/51806054995
51843194546,"College of the Ouachitas - Nursing-PN, ADN New Deal",50.0,0.0,2025-12-14,2025,2026-03-06,Q1,Bookings,Closed Lost,Ron Bright,Clinical Record Keeping,,,,,School closed,,,,OMIT,,https://app.hubspot.com/contacts/7762472/deal/51843194546
51786930263,Illinois Central College - Medical Assisting,1500.0,1500.0,2025-12-14,2025,2026-03-13,Q1,Bookings,Closed Lost,Shawna Granger,Clinical Record Keeping,,,,Matrix/CAHEEP website,Bad timing,,,,OMIT,,https://app.hubspot.com/contacts/7762472/deal/51786930263
51826908330,Orange County Community College - Middletown - Nursing-ADN New Deal,50.0,0.0,2025-12-14,2025,2026-03-12,Q1,Bookings,Closed Lost,Mandy Ray,Clinical Record Keeping,,,,OADN member/Matrix,,,,,OMIT,,https://app.hubspot.com/contacts/7762472/deal/51826908330
51846915627,Trident Technical College - Pharm Tech ,1000.0,1000.0,2025-12-14,2025,2026-03-13,Q1,Bookings,Closed Lost,Mark Moore,Clinical Record Keeping,,,,referral from HIM PD,Bad timing,,,,OMIT,,https://app.hubspot.com/contacts/7762472/deal/51846915627
51842984050,Asnuntuck Community College - Enfield - Medical Assisting New Deal,50.0,0.0,2025-12-14,2025,2026-04-21,Q2,Bookings,Closed Lost,Shawna Granger,Clinical Record Keeping,,,,Top 20 Matrix,Other,need a new contact,,,OMIT,,https://app.hubspot.com/contacts/7762472/deal/51842984050
51801645061,Cuyahoga Community College - MLT/Phelb New Deal,50.0,0.0,2025-12-14,2025,2026-04-21,Q2,Bookings,Closed Lost,Shawna Granger,Clinical Record Keeping,,,,matrix,No contact,moved to a sequence,,,OMIT,,https://app.hubspot.com/contacts/7762472/deal/51801645061
51846848315,University of Hawaii Maui College - Kahului - Vet Tech New Deal,50.0,0.0,2025-12-14,2025,2026-04-21,Q2,Bookings,Closed Lost,Shawna Granger,Clinical Record Keeping,,,,***NO longer there***,No contact,added to sequence,,,OMIT,,https://app.hubspot.com/contacts/7762472/deal/51846848315
51843229004,Carver Career Center / BridgeValley CTC - Vet Tech,50.0,1500.0,2025-12-14,2025,2026-03-13,Q1,Bookings,Closed Lost,Shawna Granger,Clinical Record Keeping,,,,AST conference,Budget,,,,OMIT,,https://app.hubspot.com/contacts/7762472/deal/51843229004
51800408223,College of Southern Maryland - Plata - MLT New Deal,50.0,0.0,2025-12-14,2025,2026-03-17,Q1,Bookings,Closed Lost,Shawna Granger,Clinical Record Keeping,,,,NAACLS website,,Just switched to a new system will keep us in mind if it doesn't work,,,OMIT,,https://app.hubspot.com/contacts/7762472/deal/51800408223
51828924339,hcps.net - MLT New Deal,50.0,0.0,2025-12-14,2025,2026-04-21,Q2,Bookings,Closed Lost,Shawna Granger,Clinical Record Keeping,,,,,No contact,added to sequence,,,OMIT,,https://app.hubspot.com/contacts/7762472/deal/51828924339
51846901144,"Texas Southmost College - Nursing-CNA, ADN, LVN New Deal",50.0,0.0,2025-12-14,2025,2026-03-06,Q1,Bookings,Closed Lost,Ron Bright,Clinical Record Keeping,,,,Matrix/OADN Member,No contact,,,,OMIT,,https://app.hubspot.com/contacts/7762472/deal/51846901144
51804508960,The College of Health Care Professions - Health and Medical Administrative Services New Deal,50.0,0.0,2025-12-14,2025,2026-05-06,Q2,Bookings,Closed Lost,Mandy Ray,Clinical Record Keeping,,,,Matrix,Other,"Enterprise sales, for profit institution",,,OMIT,,https://app.hubspot.com/contacts/7762472/deal/51804508960
51843187827,"Folsom Lake College - Nursing-CNA, Rad Tech New Deal",1000.0,1000.0,2025-12-14,2025,2026-03-12,Q1,Bookings,Closed Lost,Cara Heinrich,Clinical Record Keeping,,,,Matrix,,,,,OMIT,,https://app.hubspot.com/contacts/7762472/deal/51843187827
51826908331,Northern Michigan University - MLT/MLS New Deal,50.0,0.0,2025-12-14,2025,2026-03-24,Q1,Bookings,Closed Lost,Shawna Granger,Clinical Record Keeping,,,,Matrix,,Not ready now 8/25,,,OMIT,,https://app.hubspot.com/contacts/7762472/deal/51826908331
51846852486,Broward College - EMS New Deal,50.0,0.0,2025-12-14,2025,2026-03-24,Q1,Bookings,Closed Lost,Mark Moore,Clinical Record Keeping,,,,CAAHEP Database,,Not responding,,,OMIT,,https://app.hubspot.com/contacts/7762472/deal/51846852486
51846146663,LawrenceburgTech - MA New Deal,50.0,0.0,2025-12-14,2025,2026-04-13,Q2,Bookings,Closed Lost,Shawna Granger,Clinical Record Keeping,,,,Matrix/CAHEEP website,Budget,Not all MA leaders have approved this added fee,,,OMIT,,https://app.hubspot.com/contacts/7762472/deal/51846146663
51833114411,"Central Piedmont Community College - Nursing - PN, ADN, LPN-ADN New Deal",50.0,0.0,2025-12-14,2025,2026-03-12,Q1,Bookings,Closed Lost,Ron Bright,Clinical Record Keeping,,,,Top 20 OADN/Matrix,,,,,OMIT,,https://app.hubspot.com/contacts/7762472/deal/51833114411
51802689034,York Technical college - Massage Therapy New Deal,50.0,0.0,2025-12-14,2025,2026-05-06,Q2,Bookings,Closed Lost,Mandy Ray,Clinical Record Keeping,,,,Matrix,No contact,,,,OMIT,,https://app.hubspot.com/contacts/7762472/deal/51802689034
51843204492,De Anza College - MLT New Deal,50.0,0.0,2025-12-14,2025,2026-03-05,Q1,Bookings,Closed Lost,Shawna Granger,Clinical Record Keeping,,,,NAACLS website,,,,,OMIT,,https://app.hubspot.com/contacts/7762472/deal/51843204492
51843248901,Ivy Tech - Nursing-ADN New Deal,50.0,0.0,2025-12-14,2025,2026-03-06,Q1,Bookings,Closed Lost,Ron Bright,Clinical Record Keeping,,,,2023 NLN,,,,,OMIT,,https://app.hubspot.com/contacts/7762472/deal/51843248901
51843239090,Santa Fe College - Gainesville - CLS New Deal,50.0,0.0,2025-12-14,2025,2026-03-05,Q1,Bookings,Closed Lost,Shawna Granger,Clinical Record Keeping,,,,CLEC2020,,,,,OMIT,,https://app.hubspot.com/contacts/7762472/deal/51843239090
51801335615,Rogers State University - Claremore - Nursing-BSN New Deal,50.0,0.0,2025-12-14,2025,2026-03-12,Q1,Bookings,Closed Lost,Mandy Ray,Clinical Record Keeping,,,,ACEN Pre-Conference List,,,,,OMIT,,https://app.hubspot.com/contacts/7762472/deal/51801335615
51846138959,Dallas College - MLT New Deal,50.0,0.0,2025-12-14,2025,2026-04-21,Q2,Bookings,Closed Lost,Shawna Granger,Clinical Record Keeping,,,,Matrix,Other,For profit,,,OMIT,,https://app.hubspot.com/contacts/7762472/deal/51846138959
51801490610,"Endicott College - Beverly - Nursing-BSN, MSN, DNP New Deal",50.0,0.0,2025-12-14,2025,2026-03-12,Q1,Bookings,Closed Lost,Ron Bright,Clinical Record Keeping,,,,MARILN,,,,,OMIT,,https://app.hubspot.com/contacts/7762472/deal/51801490610
51843229005,University of Memphis - Nursing-BSN New Deal,50.0,0.0,2025-12-14,2025,2026-03-12,Q1,Bookings,Closed Lost,Cara Heinrich,Clinical Record Keeping,,,,,,,,,OMIT,,https://app.hubspot.com/contacts/7762472/deal/51843229005
51795298946,St. Luke's Hospital - Nursing - ADN New Deal,50.0,0.0,2025-12-14,2025,2026-05-18,Q2,Bookings,Closed Lost,Georgia Grey,Clinical Record Keeping,,Conference/Trade Show,,2025 ACEN,,,,,OMIT,,https://app.hubspot.com/contacts/7762472/deal/51795298946
51843243852,Delaware Technical Community College - Paralegal New Deal,50.0,0.0,2025-12-14,2025,2026-04-08,Q2,Bookings,Closed Lost,Mandy Ray,Clinical Record Keeping,,,,,No contact,Not interested in moving forward,,,OMIT,,https://app.hubspot.com/contacts/7762472/deal/51843243852
51843296271,Quinebaug Valley Community College - Danielson - MA New Deal,50.0,0.0,2025-12-14,2025,2026-04-21,Q2,Bookings,Closed Lost,Shawna Granger,Clinical Record Keeping,,,,Top 20 Matrix,Other,Good process already in place,,,OMIT,,https://app.hubspot.com/contacts/7762472/deal/51843296271
51843286686,New River Community and Technical College - Paramedic New Deal,50.0,0.0,2025-12-14,2025,2026-03-12,Q1,Bookings,Closed Lost,Mark Moore,Clinical Record Keeping,,,,,,Using Phisdap and Platinum for testing.  Good with what they have not a good time to switch,,,OMIT,,https://app.hubspot.com/contacts/7762472/deal/51843286686
51801335616,Hagerstown Community College - MLT New Deal,50.0,0.0,2025-12-14,2025,2026-04-21,Q2,Bookings,Closed Lost,Shawna Granger,Clinical Record Keeping,,,,matrix,No contact,added to sequence,,,OMIT,,https://app.hubspot.com/contacts/7762472/deal/51801335616
51845689983,Loudon County Public Schools - Pharmacy Technician New Deal,50.0,0.0,2025-12-14,2025,2026-04-13,Q2,Bookings,Closed Lost,Shawna Granger,Clinical Record Keeping,,,,ASHP,Other,silent,,,OMIT,,https://app.hubspot.com/contacts/7762472/deal/51845689983
51846877192,Onondaga Community College - Nursing-ADN New Deal,50.0,0.0,2025-12-14,2025,2026-03-12,Q1,Bookings,Closed Lost,Mandy Ray,Clinical Record Keeping,,,,2025 CADN-NYLN,,,,,OMIT,,https://app.hubspot.com/contacts/7762472/deal/51846877192
51843142287,Baptist Health College - Nursing- ADN New Deal,50.0,0.0,2025-12-14,2025,2026-03-06,Q1,Bookings,Closed Lost,Ron Bright,Clinical Record Keeping,,Conference/Trade Show,,OADN Member,Budget,,,,OMIT,,https://app.hubspot.com/contacts/7762472/deal/51843142287
51843241896,Gaston College - Respiratory Therapy New Deal,50.0,0.0,2025-12-14,2025,2026-03-24,Q1,Bookings,Closed Lost,Mark Moore,Clinical Record Keeping,,,,,,Using binders and paper docs,,,OMIT,,https://app.hubspot.com/contacts/7762472/deal/51843241896
51846111344,Passaic County Community College - Paterson - Nursing-ADN New Deal,50.0,0.0,2025-12-14,2025,2026-03-06,Q1,Bookings,Closed Lost,Ron Bright,Clinical Record Keeping,,,,ACEN Pre-Conference List,Bad timing,,,,OMIT,,https://app.hubspot.com/contacts/7762472/deal/51846111344
51806054997,trinet - DH New Deal,50.0,0.0,2025-12-14,2025,2026-05-08,Q2,Bookings,Closed Lost,Mark Moore,Clinical Record Keeping,,,,Matrix,,,,,OMIT,,https://app.hubspot.com/contacts/7762472/deal/51806054997
51843236501,Highline College - Nursing-ADN New Deal,9750.0,9750.0,2025-12-14,2025,2026-03-12,Q1,Bookings,Closed Lost,Ron Bright,Clinical Record Keeping,,,,2024 MO-Nurse Edu Inst,,,,,OMIT,,https://app.hubspot.com/contacts/7762472/deal/51843236501
51846913087,Fayetteville TCC - PTA New Deal,50.0,0.0,2025-12-14,2025,2026-04-27,Q2,Bookings,Closed Lost,Mark Moore,Clinical Record Keeping,,,,Top 20 Matrix,No contact,ghost,,,OMIT,,https://app.hubspot.com/contacts/7762472/deal/51846913087
51846862400,National Institute for Medical Assistant Advancement - MA New Deal,50.0,0.0,2025-12-14,2025,2026-04-08,Q2,Bookings,Closed Lost,Shawna Granger,Clinical Record Keeping,,,,23 AAMA,Other,Staffing,,,OMIT,,https://app.hubspot.com/contacts/7762472/deal/51846862400
51803301171,"Independence University - Nursing-BSN, MSN New Deal",50.0,0.0,2025-12-14,2025,2026-03-12,Q1,Bookings,Closed Lost,Mandy Ray,Clinical Record Keeping,,,,2025 MLN,,,,,OMIT,,https://app.hubspot.com/contacts/7762472/deal/51803301171
51846896542,Technical College System of Georgia - Nursing New Deal,50.0,0.0,2025-12-14,2025,2026-03-02,Q1,Bookings,Closed Lost,Ron Bright,Clinical Record Keeping,,,,2024 ACEN,Other,,,,OMIT,,https://app.hubspot.com/contacts/7762472/deal/51846896542
51833567361,Ascension - School of Radiologic Technology,50.0,0.0,2025-12-14,2025,2026-03-17,Q1,Bookings,Closed Lost,Shawna Granger,Clinical Record Keeping,,,,PD update via email,Bad timing,eValue contract timing conflict,,,OMIT,,https://app.hubspot.com/contacts/7762472/deal/51833567361
51843308432,Bucks County Community College - Pharm Tech,1250.0,1250.0,2025-12-14,2025,2026-04-13,Q2,Bookings,Closed Lost,Shawna Granger,Clinical Record Keeping,,,,matrix,No Product Fit,Program does not have externship,,,OMIT,,https://app.hubspot.com/contacts/7762472/deal/51843308432
51800259400,Moberly Area Community College - Vet Tech New Deal,50.0,0.0,2025-12-14,2025,2026-04-21,Q2,Bookings,Closed Lost,Shawna Granger,Clinical Record Keeping,,,,,Bad timing,We are not interested at this time.,,,OMIT,,https://app.hubspot.com/contacts/7762472/deal/51800259400
51797805446,Ivy Tech - Nursing-ADN New Deal,50.0,0.0,2025-12-14,2025,2026-03-06,Q1,Bookings,Closed Lost,Ron Bright,Clinical Record Keeping,,,,Top 20 OADN/Matrix/Big Fish,,,,,OMIT,,https://app.hubspot.com/contacts/7762472/deal/51797805446
51846848317,"Tallahassee State College - Nursing-CNA, ADN, BSN New Deal",50.0,0.0,2025-12-14,2025,2026-03-04,Q1,Bookings,Closed Lost,Ron Bright,Clinical Record Keeping,,,,2024 OADN,Other,,,,OMIT,,https://app.hubspot.com/contacts/7762472/deal/51846848317
51796991016,"Indiana University - Corporate Office - Nursing-BSN, MSN New Deal",50.0,0.0,2025-12-14,2025,2026-03-12,Q1,Bookings,Closed Lost,Ron Bright,Clinical Record Keeping,,,,,,,,,OMIT,,https://app.hubspot.com/contacts/7762472/deal/51796991016
51843142289,Paris Junior College - Nursing-ADN New Deal,50.0,0.0,2025-12-14,2025,2026-03-06,Q1,Bookings,Closed Lost,Ron Bright,Clinical Record Keeping,,,,2024 ACEN,Budget,,,,OMIT,,https://app.hubspot.com/contacts/7762472/deal/51843142289
51843251293,"Galveston College - Nursing-ADN, BSN New Deal",12500.0,12500.0,2025-12-14,2025,2026-03-18,Q1,Bookings,Closed Lost,Mandy Ray,Clinical Record Keeping,,,,Top 20 Matrix,Bad timing,,,,OMIT,,https://app.hubspot.com/contacts/7762472/deal/51843251293
51796991017,Brookdale Community College - Respiratory Therapy New Deal,50.0,0.0,2025-12-14,2025,2026-03-24,Q1,Bookings,Closed Lost,Mark Moore,Clinical Record Keeping,,,,,,Not responding,,,OMIT,,https://app.hubspot.com/contacts/7762472/deal/51796991017
51846118956,Central New Mexico Community College - Radiography,0.0,0.0,2025-12-14,2025,2026-03-17,Q1,Bookings,Closed Lost,Shawna Granger,,,,,,Bad timing,Preceptor turnover rates & cooperation,,,OMIT,,https://app.hubspot.com/contacts/7762472/deal/51846118956
51821739906,River Valley Community College - Vet Tech New Deal,50.0,0.0,2025-12-14,2025,2026-04-21,Q2,Bookings,Closed Lost,Shawna Granger,Clinical Record Keeping,,,,,Competitor,Salthouse,,,OMIT,,https://app.hubspot.com/contacts/7762472/deal/51821739906
51813579667,Baylor Scott and White Medical Center-Temple - Dietetic Internship,200.0,200.0,2025-12-14,2025,2026-06-24,Q2,Bookings,Closed Lost,Shawna Granger,Clinical Record Keeping,,Conference/Trade Show,,2025 NDEP,No contact,Silent,,,OMIT,,https://app.hubspot.com/contacts/7762472/deal/51813579667
51843229009,Southwestern Community College - Surgical Technology New Deal,1200.0,1200.0,2025-12-14,2025,2026-06-22,Q2,Bookings,Closed Lost,Mark Moore,Clinical Record Keeping,,,,Matrix,Building Internally,dean,,,OMIT,,https://app.hubspot.com/contacts/7762472/deal/51843229009
51846899003,Hudson Valley Community College - Respiratory Therapy New Deal,50.0,0.0,2025-12-14,2025,2026-03-24,Q1,Bookings,Closed Lost,Mark Moore,Clinical Record Keeping,,,,,,DCE said not interested,,,OMIT,,https://app.hubspot.com/contacts/7762472/deal/51846899003
51804669015,Rose State College - Clinical Laboratory Technology New Deal,50.0,0.0,2025-12-14,2025,2026-04-07,Q2,Bookings,Closed Lost,Mandy Ray,Clinical Record Keeping,,,,,No contact,Reaching out with no response,,,OMIT,,https://app.hubspot.com/contacts/7762472/deal/51804669015
51824846139,Southwestern Michigan College - Dowagiac - Medical Assisting New Deal,50.0,0.0,2025-12-14,2025,2026-04-21,Q2,Bookings,Closed Lost,Shawna Granger,Clinical Record Keeping,,,,2024 AAMA,Bad timing,Not ready to move forward,,,OMIT,,https://app.hubspot.com/contacts/7762472/deal/51824846139
51843279106,University of California - Berkeley - Rad Tech New Deal,50.0,0.0,2025-12-14,2025,2026-04-21,Q2,Bookings,Closed Lost,Shawna Granger,Clinical Record Keeping,,,,***NO longer there***,Other,Duplicate,,,OMIT,,https://app.hubspot.com/contacts/7762472/deal/51843279106
51843308433,Memorial Sloan Kettering Cancer Center - Radiation Dosimetry New Deal,50.0,0.0,2025-12-14,2025,2026-04-21,Q2,Bookings,Closed Lost,Shawna Granger,Clinical Record Keeping,,,,Information Request 2024,No contact,Silent,,,OMIT,,https://app.hubspot.com/contacts/7762472/deal/51843308433
51846848319,Touro University California - Vallejo - Nursing-BSN New Deal,50.0,0.0,2025-12-14,2025,2026-03-12,Q1,Bookings,Closed Lost,Cara Heinrich,Clinical Record Keeping,,,,Matrix,,,,,OMIT,,https://app.hubspot.com/contacts/7762472/deal/51846848319
51846869549,"St Catherine University - Nursing-BSN, MSN, DNP New Deal",50.0,0.0,2025-12-14,2025,2026-03-12,Q1,Bookings,Closed Lost,Mandy Ray,Clinical Record Keeping,,,,,,,,,OMIT,,https://app.hubspot.com/contacts/7762472/deal/51846869549
51846910481,South Central College - Nursing-ADN New Deal,50.0,0.0,2025-12-14,2025,2026-02-25,Q1,Bookings,Closed Lost,Ron Bright,Clinical Record Keeping,,,,Matrix,Other,,,,OMIT,,https://app.hubspot.com/contacts/7762472/deal/51846910481
51846071713,Blinn College - Vet Tech New Deal,50.0,0.0,2025-12-14,2025,2026-04-21,Q2,Bookings,Closed Lost,Shawna Granger,Clinical Record Keeping,,,,2025 AVTE registration list,Competitor,Salthouse,,,OMIT,,https://app.hubspot.com/contacts/7762472/deal/51846071713
51802848160,Central Georgia Technical College - Pharmacy Tech ,800.0,800.0,2025-12-14,2025,2026-04-13,Q2,Bookings,Closed Lost,Shawna Granger,Clinical Record Keeping,,,,Matrix/ASHP website,Other,Concerned about preceptor adoption,,,OMIT,,https://app.hubspot.com/contacts/7762472/deal/51802848160
51839797664,West Georgia Technical College - Medical Assisting New Deal,50.0,0.0,2025-12-14,2025,2026-04-13,Q2,Bookings,Closed Lost,Shawna Granger,Clinical Record Keeping,,,,CAAHEP Website,No contact,Silent,,,OMIT,,https://app.hubspot.com/contacts/7762472/deal/51839797664
51800104737,"Central New Mexico Community College - Nursing-ADN, Refresher New Deal",37500.0,0.0,2025-12-14,2025,2026-03-12,Q1,Bookings,Closed Lost,Cara Heinrich,Clinical Record Keeping,,,,Top 20 OADN/Matrix,,,,,OMIT,,https://app.hubspot.com/contacts/7762472/deal/51800104737
51801490613,"Pittsburg State University - Pittsburg - Nursing - BSN, MSN, DNP New Deal",50.0,0.0,2025-12-14,2025,2026-03-12,Q1,Bookings,Closed Lost,Ron Bright,Clinical Record Keeping,,,,CCNE Site Directory,,,,,OMIT,,https://app.hubspot.com/contacts/7762472/deal/51801490613
51846682026,Sandhills Community College - Nursing-ADN New Deal,50.0,0.0,2025-12-14,2025,2026-03-12,Q1,Bookings,Closed Lost,Ron Bright,Clinical Record Keeping,,,,2025 NCADN,,,,,OMIT,,https://app.hubspot.com/contacts/7762472/deal/51846682026
51799024668,Northwest Mississippi Community College - Nursing-ADN New Deal,18750.0,18750.0,2025-12-14,2025,2026-05-28,Q2,Bookings,Closed Lost,Ron Bright,Clinical Record Keeping,,Cold outreach,,OADN Member,Other,TN Law passed for clinical sites-2yr pause,,,OMIT,,https://app.hubspot.com/contacts/7762472/deal/51799024668
51846909057,Northcentral Technical College - MLT New Deal,50.0,0.0,2025-12-14,2025,2026-03-19,Q1,Bookings,Closed Lost,Shawna Granger,Clinical Record Keeping,,,,NAACLS website,,Couldn't fit it in to clinical semester,,,OMIT,,https://app.hubspot.com/contacts/7762472/deal/51846909057
51846872134,Wake Technical Community College - Nursing-ADN New Deal,50.0,0.0,2025-12-14,2025,2026-03-12,Q1,Bookings,Closed Lost,Ron Bright,Clinical Record Keeping,,,,Matrix/Big Fish,,,,,OMIT,,https://app.hubspot.com/contacts/7762472/deal/51846872134
51845689985,Eastern New Mexico University Ruidoso Branch Community College - Ruidoso - EMS/Para New Deal,50.0,0.0,2025-12-14,2025,2026-03-19,Q1,Bookings,Closed Lost,Mark Moore,Clinical Record Keeping,,,,CAAHEP Database,,,,,OMIT,,https://app.hubspot.com/contacts/7762472/deal/51845689985
51846884156,Misericordia University - Dallas - Rad tech New Deal,50.0,0.0,2025-12-14,2025,2026-04-17,Q2,Bookings,Closed Lost,Shawna Granger,Clinical Record Keeping,,,,JRCERT website,Bad timing,"We have made some revisions to our current methods of tracking competencies, so we're going to see how that goes for this next year and then revisit paperless if needed.",,,OMIT,,https://app.hubspot.com/contacts/7762472/deal/51846884156
51846838624,Rock Valley College - DH New Deal,50.0,2300.0,2025-12-14,2025,2026-04-20,Q2,Bookings,Closed Lost,Mark Moore,Clinical Record Keeping,,,,Matrix,No contact,havent heard back,,,OMIT,,https://app.hubspot.com/contacts/7762472/deal/51846838624
51813579669,Gadsden State Community College - Paramedic New Deal,8250.0,8250.0,2025-12-14,2025,2026-04-17,Q2,Bookings,Closed Lost,Mandy Ray,Clinical Record Keeping,,,,Top 20 Matrix,No contact,Unable to get Tracy or John to respond,,,OMIT,,https://app.hubspot.com/contacts/7762472/deal/51813579669
51846111346,Mississippi Gulf Coast Community College - DA New Deal,50.0,0.0,2025-12-14,2025,2026-05-18,Q2,Bookings,Closed Lost,Mark Moore,Clinical Record Keeping,,,,Matrix,,,,,OMIT,,https://app.hubspot.com/contacts/7762472/deal/51846111346
51843185071,Seattle Children's - Radiography ,50.0,0.0,2025-12-14,2025,2026-03-13,Q1,Bookings,Closed Lost,Shawna Granger,Clinical Record Keeping,,,,2025 ASRT,Budget,,,,OMIT,,https://app.hubspot.com/contacts/7762472/deal/51843185071
51806821489,Rio Hondo College - Whittier - Nursing-ADN New Deal,7500.0,7500.0,2025-12-14,2025,2026-03-12,Q1,Bookings,Closed Lost,Cara Heinrich,Clinical Record Keeping,,,,OADN Member,,,,,OMIT,,https://app.hubspot.com/contacts/7762472/deal/51806821489
51846118957,Ogeechee Technical College - Sonography New Deal,50.0,0.0,2025-12-14,2025,2026-03-19,Q1,Bookings,Closed Lost,Shawna Granger,Clinical Record Keeping,,,,,,Previous PD signed up they did  not want to use,,,OMIT,,https://app.hubspot.com/contacts/7762472/deal/51846118957
51846848320,Lincoln Land Community College - Surgical Technology New Deal,50.0,0.0,2025-12-14,2025,2026-05-18,Q2,Bookings,Closed Lost,Mark Moore,Clinical Record Keeping,,Conference/Trade Show,,accredX 2025,,,,,OMIT,,https://app.hubspot.com/contacts/7762472/deal/51846848320
51820967431,St. Peter's Hospital College of Nursing - Albany - Nursing-ADN New Deal,50.0,0.0,2025-12-14,2025,2026-03-12,Q1,Bookings,Closed Lost,Mandy Ray,Clinical Record Keeping,,,,,,,,,OMIT,,https://app.hubspot.com/contacts/7762472/deal/51820967431
51843204494,University of Alaska Anchorage - Paramedic New Deal,50.0,0.0,2025-12-14,2025,2026-03-24,Q1,Bookings,Closed Lost,Mark Moore,Clinical Record Keeping,,,,2025 CAAHEP WS,,Not responding,,,OMIT,,https://app.hubspot.com/contacts/7762472/deal/51843204494
51843293803,- MLS New Deal,50.0,0.0,2025-12-14,2025,2026-04-17,Q2,Bookings,Closed Lost,Shawna Granger,Clinical Record Keeping,,,,CLEC2020,No contact,in sequence,,,OMIT,,https://app.hubspot.com/contacts/7762472/deal/51843293803
51846903721,York Technical college - Patient Care Tech New Deal,50.0,0.0,2025-12-14,2025,2026-04-17,Q2,Bookings,Closed Lost,Shawna Granger,Clinical Record Keeping,,,,Matrix,No contact,in sequence,,,OMIT,,https://app.hubspot.com/contacts/7762472/deal/51846903721
51846866825,Southern Illinois University - Rad Therapy New Deal,50.0,0.0,2025-12-14,2025,2026-04-17,Q2,Bookings,Closed Lost,Shawna Granger,Clinical Record Keeping,,,,JRCERT,No contact,in sequence,,,OMIT,,https://app.hubspot.com/contacts/7762472/deal/51846866825
51843286688,West Georgia Technical College - DA New Deal,50.0,0.0,2025-12-14,2025,2026-03-16,Q1,Bookings,Closed Lost,Mark Moore,Clinical Record Keeping,,,,Matrix,,,,,OMIT,,https://app.hubspot.com/contacts/7762472/deal/51843286688
51845689986,"Purdue University Global - Corporate Office - Nursing-BSN, MSN, DNP New Deal",50.0,0.0,2025-12-14,2025,2026-03-12,Q1,Bookings,Closed Lost,Ron Bright,Clinical Record Keeping,,,,OADN Member,,,,,OMIT,,https://app.hubspot.com/contacts/7762472/deal/51845689986
51843224501,Northcentral Technical College - Nursing-ADN New Deal,50.0,0.0,2025-12-14,2025,2026-03-06,Q1,Bookings,Closed Lost,Ron Bright,Clinical Record Keeping,,,,OADN Member,Competitor,,,,OMIT,,https://app.hubspot.com/contacts/7762472/deal/51843224501
51825162562,Center for Ultrasound Research & Education - Plains - DMS New Deal,50.0,0.0,2025-12-14,2025,2026-03-24,Q1,Bookings,Closed Lost,Shawna Granger,Clinical Record Keeping,,,,support call,,No replies,,,OMIT,,https://app.hubspot.com/contacts/7762472/deal/51825162562
51846886987,"St Petersburg College - Nursing-ADN, BSN New Deal",50.0,0.0,2025-12-14,2025,2026-03-12,Q1,Bookings,Closed Lost,Ron Bright,Clinical Record Keeping,,,,Matrix/Big Fish,,,,,OMIT,,https://app.hubspot.com/contacts/7762472/deal/51846886987
51838737752,"Salem State University - Salem - Nursing-BSN, MSN New Deal",50.0,0.0,2025-12-14,2025,2026-03-12,Q1,Bookings,Closed Lost,Ron Bright,Clinical Record Keeping,,,,Matrix/MARILN,,,,,OMIT,,https://app.hubspot.com/contacts/7762472/deal/51838737752
51846906115,Midlands Technical College - MLT New Deal,50.0,0.0,2025-12-14,2025,2026-04-17,Q2,Bookings,Closed Lost,Shawna Granger,Clinical Record Keeping,,,,Matrix,No contact,in sequence,,,OMIT,,https://app.hubspot.com/contacts/7762472/deal/51846906115
51843231569,Brookdale Community College - Nursing-ADN New Deal,50.0,0.0,2025-12-14,2025,2026-03-06,Q1,Bookings,Closed Lost,Ron Bright,Clinical Record Keeping,,,,,Budget,,,,OMIT,,https://app.hubspot.com/contacts/7762472/deal/51843231569
51846901148,Wichita State University - Campus of Applied Sciences and Technology - Nursing-BSN New Deal,50.0,0.0,2025-12-14,2025,2026-03-05,Q1,Bookings,Closed Lost,,Clinical Record Keeping,,,,2024 OADN,,,,,OMIT,,https://app.hubspot.com/contacts/7762472/deal/51846901148
51843147873,"Palo Alto College - Nursing-PN, ADN New Deal",50.0,0.0,2025-12-14,2025,2026-03-13,Q1,Bookings,Closed Lost,Mandy Ray,Clinical Record Keeping,,,,Top 20 Matrix,,,,,OMIT,,https://app.hubspot.com/contacts/7762472/deal/51843147873
51843209239,"Brookline College - Tucson - Nursing-BSN, VN/PN New Deal",50.0,0.0,2025-12-14,2025,2026-03-06,Q1,Bookings,Closed Lost,Ron Bright,Clinical Record Keeping,,,,2025 AACN,Other,,,,OMIT,,https://app.hubspot.com/contacts/7762472/deal/51843209239
51838737753,Great Plains Technology Center - Nursing-PN New Deal,3000.0,0.0,2025-12-14,2025,2026-03-12,Q1,Bookings,Closed Lost,Mandy Ray,Clinical Record Keeping,,,,2025 ACEN,,,,,OMIT,,https://app.hubspot.com/contacts/7762472/deal/51838737753
51843288941,Michigan Career and Technical Institute - Pharm Tech,300.0,300.0,2025-12-14,2025,2026-03-13,Q1,Bookings,Closed Lost,Mark Moore,Clinical Record Keeping,,,,2025 PTEC,Bad timing,,,,OMIT,,https://app.hubspot.com/contacts/7762472/deal/51843288941
51803145796,Marion Community Schools - Medical Lab Technician and Phlebotomy New Deal,50.0,0.0,2025-12-14,2025,2026-04-17,Q2,Bookings,Closed Lost,Shawna Granger,Clinical Record Keeping,,,,Web Inquiry,No contact,in sequence,,,OMIT,,https://app.hubspot.com/contacts/7762472/deal/51803145796
51843279107,Gadsden State Community College - Medical Laboratory Technology Programs New Deal,50.0,0.0,2025-12-14,2025,2026-04-17,Q2,Bookings,Closed Lost,Shawna Granger,Clinical Record Keeping,,,,,No contact,in sequence,,,OMIT,,https://app.hubspot.com/contacts/7762472/deal/51843279107
51843256417,Dallas College - Medical Assisting New Deal,50.0,0.0,2025-12-14,2025,2026-04-17,Q2,Bookings,Closed Lost,Shawna Granger,Clinical Record Keeping,,,,Matrix/CAAHEP Website,Other,For profit,,,OMIT,,https://app.hubspot.com/contacts/7762472/deal/51843256417
51846909058,"Nebraska Wesleyan University - Lincoln - Nursing - BSN, MSN New Deal",50.0,0.0,2025-12-14,2025,2026-03-12,Q1,Bookings,Closed Lost,Cara Heinrich,Clinical Record Keeping,,,,CCNE Site Directory,,,,,OMIT,,https://app.hubspot.com/contacts/7762472/deal/51846909058
51794544919,"Brightpoint Community College - Nursing - ADN, LPN-RN New Deal",22500.0,0.0,2025-12-14,2025,2026-03-13,Q1,Bookings,Closed Lost,Ron Bright,Clinical Record Keeping,,,,Matrix,,,,,OMIT,,https://app.hubspot.com/contacts/7762472/deal/51794544919
51783468059,Summit2 - Multiple New Deal,50.0,0.0,2025-12-14,2025,2026-03-06,Q1,Bookings,Closed Lost,Ron Bright,Clinical Record Keeping,,,,,No contact,,,,OMIT,,https://app.hubspot.com/contacts/7762472/deal/51783468059
51846888832,"College of Southern Idaho - Nursing-CNA, PN, ADN New Deal",50.0,0.0,2025-12-14,2025,2026-04-29,Q2,Bookings,Closed Lost,86214498,Clinical Record Keeping,true,Conference/Trade Show,,2023 oadn,Budget,Budget cut,,,OMIT,,https://app.hubspot.com/contacts/7762472/deal/51846888832
51843207093,Fortis College - Cuyahoga Falls - MA-MA/BXO New Deal,50.0,0.0,2025-12-14,2025,2026-04-17,Q2,Bookings,Closed Lost,Shawna Granger,Clinical Record Keeping,,,,,Other,For profit,,,OMIT,,https://app.hubspot.com/contacts/7762472/deal/51843207093
51802848162,Kirkwood Community College - Nursing-ADN New Deal,22500.0,22500.0,2025-12-14,2025,2026-05-18,Q2,Bookings,Closed Lost,Ron Bright,Clinical Record Keeping,,Conference/Trade Show,,2023 OADN,Bad timing,Missed budgeting,,,OMIT,,https://app.hubspot.com/contacts/7762472/deal/51802848162
51826908336,Augusta Technical College - Medical Assistant New Deal,50.0,0.0,2025-12-14,2025,2026-04-17,Q2,Bookings,Closed Lost,Shawna Granger,Clinical Record Keeping,,,,2025 CAAHEP WS,No contact,in sequence,,,OMIT,,https://app.hubspot.com/contacts/7762472/deal/51826908336
51843273857,Pennsylvania State University - Penn State Greater Allegheny - Rad Tech New Deal,50.0,0.0,2025-12-14,2025,2026-04-17,Q2,Bookings,Closed Lost,Shawna Granger,Clinical Record Keeping,,,,2025 Info Request,Budget,The cost to our students being the biggest reason.,,,OMIT,,https://app.hubspot.com/contacts/7762472/deal/51843273857
51843212036,Fayetteville TCC - Paramedic New Deal,50.0,0.0,2025-12-14,2025,2026-03-05,Q1,Bookings,Closed Lost,Mark Moore,Clinical Record Keeping,,,,Top 20 Matrix,,,,,OMIT,,https://app.hubspot.com/contacts/7762472/deal/51843212036
51846860327,Cape Fear Community College - Multi New Deal,50.0,0.0,2025-12-14,2025,2026-03-02,Q1,Bookings,Closed Lost,Ron Bright,Clinical Record Keeping,,,,2025 CAAHEP WS,Other,,,,OMIT,,https://app.hubspot.com/contacts/7762472/deal/51846860327
51846901149,Midlands Technical College - Vet Assistant New Deal,50.0,0.0,2025-12-14,2025,2026-04-17,Q2,Bookings,Closed Lost,Shawna Granger,Clinical Record Keeping,,,,School website,No contact,in sequence,,,OMIT,,https://app.hubspot.com/contacts/7762472/deal/51846901149
51843308458,CVPH Medical Center School of Radiologic Technology - Plattsburgh - Rad Tech New Deal,50.0,0.0,2025-12-14,2025,2026-04-17,Q2,Bookings,Closed Lost,Shawna Granger,Clinical Record Keeping,,,,JRCERT website,No Product Fit,Small hospital based program,,,OMIT,,https://app.hubspot.com/contacts/7762472/deal/51843308458
51846909061,"Cleveland Community College - Nursing-CNA, PN, ADN New Deal",9000.0,0.0,2025-12-14,2025,2026-03-12,Q1,Bookings,Closed Lost,Ron Bright,Clinical Record Keeping,,,,2025 NCADN,,,,,OMIT,,https://app.hubspot.com/contacts/7762472/deal/51846909061
51846682028,"Truckee Meadows Community College - Nursing-ADN, BSN New Deal",50.0,0.0,2025-12-14,2025,2026-03-06,Q1,Bookings,Closed Lost,Ron Bright,Clinical Record Keeping,,,,OADN member/Matrix,Competitor,,,,OMIT,,https://app.hubspot.com/contacts/7762472/deal/51846682028
51842978127,Ivy Tech - Nursing-ADN New Deal,50.0,0.0,2025-12-14,2025,2026-03-06,Q1,Bookings,Closed Lost,Ron Bright,Clinical Record Keeping,,,,matrix/CNEA/NLN,,,,,OMIT,,https://app.hubspot.com/contacts/7762472/deal/51842978127
51843271722,Vernon College - Vernon - Nursing-ADN New Deal,50.0,0.0,2025-12-14,2025,2026-03-13,Q1,Bookings,Closed Lost,Mandy Ray,Clinical Record Keeping,,,,,,,,,OMIT,,https://app.hubspot.com/contacts/7762472/deal/51843271722
51846146666,Manhattan Area Technical College - MLT New Deal,50.0,0.0,2025-12-14,2025,2026-04-17,Q2,Bookings,Closed Lost,Shawna Granger,Clinical Record Keeping,,,,CLEC 2024,Other,Turned in intake however never started,,,OMIT,,https://app.hubspot.com/contacts/7762472/deal/51846146666
51845689987,McLennan Community college - MLT New Deal,50.0,0.0,2025-12-14,2025,2026-04-17,Q2,Bookings,Closed Lost,Shawna Granger,Clinical Record Keeping,,,,NAACLS website,Competitor,Exxact,,,OMIT,,https://app.hubspot.com/contacts/7762472/deal/51845689987
51837562703,Ivy Tech - Nursing-ADN New Deal,50.0,0.0,2025-12-14,2025,2026-03-06,Q1,Bookings,Closed Lost,Ron Bright,Clinical Record Keeping,,,,Matrix,,,,,OMIT,,https://app.hubspot.com/contacts/7762472/deal/51837562703
51833567367,San Diego City College - San Diego - Nursing-ADN New Deal,50.0,0.0,2025-12-14,2025,2026-03-06,Q1,Bookings,Closed Lost,Ron Bright,Clinical Record Keeping,,,,2025 COADN,No contact,,,,OMIT,,https://app.hubspot.com/contacts/7762472/deal/51833567367
51783468060,Grossmont College - Cardiovascular Tech New Deal,50.0,0.0,2025-12-14,2025,2026-04-17,Q2,Bookings,Closed Lost,Shawna Granger,Clinical Record Keeping,,,,,Bad timing,I've discussed this with my faculty and they are currently not interested in using Trajecsys. I understand that it was used in the past and it was not very successful for our program. ,,,OMIT,,https://app.hubspot.com/contacts/7762472/deal/51783468060
51843241900,San Jacinto College - Early Childhood Ed New Deal,50.0,0.0,2025-12-14,2025,2026-04-30,Q2,Bookings,Closed Lost,Mandy Ray,Clinical Record Keeping,,,,,No contact,Not responding,,,OMIT,,https://app.hubspot.com/contacts/7762472/deal/51843241900
51820967434,- Rad Tech New Deal,50.0,0.0,2025-12-14,2025,2026-04-13,Q2,Bookings,Closed Lost,Shawna Granger,Clinical Record Keeping,,,,AEIRS 2024,Bad timing,Waiting on accreditation,,,OMIT,,https://app.hubspot.com/contacts/7762472/deal/51820967434
51846862402,"Isothermal Community College - Nursing-PN, ADN New Deal",18000.0,18000.0,2025-12-14,2025,2026-03-18,Q1,Bookings,Closed Lost,Ron Bright,Clinical Record Keeping,,,,2025 NCADN,,Budget restraints,,,OMIT,,https://app.hubspot.com/contacts/7762472/deal/51846862402
51845689988,Hennepin Healthcare - MLS New Deal,50.0,0.0,2025-12-14,2025,2026-03-24,Q1,Bookings,Closed Lost,Shawna Granger,Clinical Record Keeping,,,,CLEC,,To much going on right now to move forward,,,OMIT,,https://app.hubspot.com/contacts/7762472/deal/51845689988
51843194549,McLennan Community college - Respiratory Therapy New Deal,50.0,0.0,2025-12-14,2025,2026-03-05,Q1,Bookings,Closed Lost,Mark Moore,Clinical Record Keeping,,,,,,,,,OMIT,,https://app.hubspot.com/contacts/7762472/deal/51843194549
57830018324,Tarrant County College District - Pharm Tech,800.0,750.0,2025-12-14,2025,2026-05-06,Q2,Bookings,Closed Lost,Shawna Granger,Clinical Record Keeping,,,,School website,,,,,OMIT,,https://app.hubspot.com/contacts/7762472/deal/57830018324
51843279110,Palo Alto College - Nursing-ADN New Deal,50.0,0.0,2025-12-14,2025,2026-03-06,Q1,Bookings,Closed Lost,Ron Bright,Clinical Record Keeping,,,,Web Search,Other,,,,OMIT,,https://app.hubspot.com/contacts/7762472/deal/51843279110
51843308460,"Governors State University - University Park - Nursing-BSN, MSN, DNP New Deal",50.0,0.0,2025-12-14,2025,2026-03-12,Q1,Bookings,Closed Lost,Mandy Ray,Clinical Record Keeping,,,,,,,,,OMIT,,https://app.hubspot.com/contacts/7762472/deal/51843308460
51821739928,Shawnee State University - MLT New Deal,50.0,0.0,2025-12-14,2025,2026-04-17,Q2,Bookings,Closed Lost,Shawna Granger,Clinical Record Keeping,,,,CLEC2020,No contact,in sequence,,,OMIT,,https://app.hubspot.com/contacts/7762472/deal/51821739928
51843283792,Cuyahoga Community College - Nursing-ADN New Deal,30000.0,30000.0,2025-12-14,2025,2026-03-12,Q1,Bookings,Closed Lost,,Clinical Record Keeping,,,,Top 20 OADN/Matrix,,,,,OMIT,,https://app.hubspot.com/contacts/7762472/deal/51843283792
51846884160,Concorde Career College - Respiratory Therapy New Deal,50.0,0.0,2025-12-14,2025,2026-03-05,Q1,Bookings,Closed Lost,Mark Moore,Clinical Record Keeping,,,,,,,,,OMIT,,https://app.hubspot.com/contacts/7762472/deal/51846884160
51842978129,"Medical University of South Carolina - Charleston - Nursing-BSN, MSN, DNP New Deal",50.0,0.0,2025-12-14,2025,2026-03-12,Q1,Bookings,Closed Lost,Cara Heinrich,Clinical Record Keeping,,,,Matrix,,,,,OMIT,,https://app.hubspot.com/contacts/7762472/deal/51842978129
51843234144,"Neosho County Community - Nursing-CNA, PN, ADN New Deal",50.0,0.0,2025-12-14,2025,2026-03-06,Q1,Bookings,Closed Lost,Ron Bright,Clinical Record Keeping,,,,Matrix/OADN Member,Bad timing,,,,OMIT,,https://app.hubspot.com/contacts/7762472/deal/51843234144
51846910483,"College of Eastern Idaho - Idaho Falls - Nursing-PN, ADN New Deal",50.0,0.0,2025-12-14,2025,2026-03-06,Q1,Bookings,Closed Lost,Ron Bright,Clinical Record Keeping,,,,Matrix/OADN Member,Bad timing,,,,OMIT,,https://app.hubspot.com/contacts/7762472/deal/51846910483
51782085812,ATS Institute of Technology - Nursing-PN New Deal,50.0,0.0,2025-12-14,2025,2026-03-03,Q1,Bookings,Closed Lost,Ron Bright,Clinical Record Keeping,,,,2024 Voicemail,Other,,,,OMIT,,https://app.hubspot.com/contacts/7762472/deal/51782085812
51828924342,Prince William County Public Schools - Nursing-LPN New Deal,4000.0,4000.0,2025-12-14,2025,2026-03-10,Q1,Bookings,Closed Lost,Ron Bright,Clinical Record Keeping,,,,2025 Info Request,Bad timing,,,,OMIT,,https://app.hubspot.com/contacts/7762472/deal/51828924342
51846886988,Indiana University - South Bend - Nursing - BSN New Deal,9000.0,9000.0,2025-12-14,2025,2026-03-12,Q1,Bookings,Closed Lost,,Clinical Record Keeping,true,,,2025 SIGMA,,REASSIGNED,,,OMIT,,https://app.hubspot.com/contacts/7762472/deal/51846886988
51846913095,College of Marin - Medical Assisting ,50.0,0.0,2025-12-14,2025,2026-04-13,Q2,Bookings,Closed Lost,Shawna Granger,Clinical Record Keeping,,,,,Bad timing,not a high priority given some of the other work,,,OMIT,,https://app.hubspot.com/contacts/7762472/deal/51846913095
51801490614,Odessa College - Multiple New Deal,50.0,0.0,2025-12-14,2025,2026-03-06,Q1,Bookings,Closed Lost,Ron Bright,Clinical Record Keeping,,,,,No contact,,,,OMIT,,https://app.hubspot.com/contacts/7762472/deal/51801490614
51782085813,State Technical College of Missouri - Linn - DA New Deal,50.0,0.0,2025-12-14,2025,2026-04-29,Q2,Bookings,Closed Lost,Mark Moore,Clinical Record Keeping,,,,Marketing data,Other,dupe,,,OMIT,,https://app.hubspot.com/contacts/7762472/deal/51782085813
51846884162,"Hudson County Community College - Jersey City - Nursing-PN, ADN New Deal",50.0,0.0,2025-12-14,2025,2026-03-06,Q1,Bookings,Closed Lost,Ron Bright,Clinical Record Keeping,,,,Matrix,Other,,,,OMIT,,https://app.hubspot.com/contacts/7762472/deal/51846884162
51842984053,Kellogg Community College - Radiography,3000.0,3000.0,2025-12-14,2025,2026-04-13,Q2,Bookings,Closed Lost,Shawna Granger,Clinical Record Keeping,,,,,Other,Waiting for nursing department,,,OMIT,,https://app.hubspot.com/contacts/7762472/deal/51842984053
51843291504,Danville Area Community College - Danville - Medical Assisting,2500.0,2500.0,2025-12-14,2025,2026-04-13,Q2,Bookings,Closed Lost,Shawna Granger,Clinical Record Keeping,,,,Matrix/CAAHEP Website,No contact,Silent,,,OMIT,,https://app.hubspot.com/contacts/7762472/deal/51843291504
51801027937,Everett Community College - Everett - Nursing New Deal,50.0,0.0,2025-12-14,2025,2026-03-13,Q1,Bookings,Closed Lost,Ron Bright,Clinical Record Keeping,,,,,,,,,OMIT,,https://app.hubspot.com/contacts/7762472/deal/51801027937
51843155040,New York City College of Technology - CLS New Deal,50.0,0.0,2025-12-14,2025,2026-03-23,Q1,Bookings,Closed Lost,Shawna Granger,Clinical Record Keeping,,,,,,Budget issue,,,OMIT,,https://app.hubspot.com/contacts/7762472/deal/51843155040
51834153122,ECPI University - Florida - DMS New Deal,50.0,0.0,2025-12-14,2025,2026-04-17,Q2,Bookings,Closed Lost,Shawna Granger,Clinical Record Keeping,,,,,Other,for profit,,,OMIT,,https://app.hubspot.com/contacts/7762472/deal/51834153122
51843273859,Inter American University of Puerto Rico - San German - CM- Rad Tech,6900.0,6900.0,2025-12-14,2025,2026-04-13,Q2,Bookings,Closed Lost,Shawna Granger,Clinical Record Keeping,,,,Demo,No contact,Silent,,,OMIT,,https://app.hubspot.com/contacts/7762472/deal/51843273859
51846838626,Hinds Community College - Vet Tech New Deal,50.0,0.0,2025-12-14,2025,2026-04-17,Q2,Bookings,Closed Lost,Shawna Granger,Clinical Record Keeping,,,,2025 AVTE jacket drawing,No contact,silent since demo,,,OMIT,,https://app.hubspot.com/contacts/7762472/deal/51846838626
51802848166,Central Coast College - Salinas - Vet Tech New Deal,50.0,0.0,2025-12-14,2025,2026-04-17,Q2,Bookings,Closed Lost,Shawna Granger,Clinical Record Keeping,,,,2025 AVTE,No contact,silent,,,OMIT,,https://app.hubspot.com/contacts/7762472/deal/51802848166
51843236507,Utah Tech University - MLS New Deal,50.0,0.0,2025-12-14,2025,2026-04-17,Q2,Bookings,Closed Lost,Shawna Granger,Clinical Record Keeping,,,,CLEC2020,Open to Revisiting,"We tried trajecsys a few years ago and I think we will wait another year or so to try it again.
",,,OMIT,,https://app.hubspot.com/contacts/7762472/deal/51843236507
51834545587,Community College of Philadelphia - Nursing-ADN New Deal,50.0,0.0,2025-12-14,2025,2026-03-02,Q1,Bookings,Closed Lost,Ron Bright,Clinical Record Keeping,,,,Matrix/OADN Member,Other,,,,OMIT,,https://app.hubspot.com/contacts/7762472/deal/51834545587
51843296350,Seattle Central College - Nursing-ADN New Deal,15000.0,15000.0,2025-12-14,2025,2026-03-03,Q1,Bookings,Closed Lost,Ron Bright,Clinical Record Keeping,,,,ACEN Pre-Conference List,,,,,OMIT,,https://app.hubspot.com/contacts/7762472/deal/51843296350
51797805451,National Career College - Panorama City - Nursing-LVN New Deal,50.0,0.0,2025-12-14,2025,2026-03-06,Q1,Bookings,Closed Lost,Ron Bright,Clinical Record Keeping,,,,,Other,,,,OMIT,,https://app.hubspot.com/contacts/7762472/deal/51797805451
51846850305,"Chattahoochee Valley Community College - Nursing-PN, ADN New Deal",50.0,0.0,2025-12-14,2025,2026-03-06,Q1,Bookings,Closed Lost,Ron Bright,Clinical Record Keeping,,,,,Bad timing,,,,OMIT,,https://app.hubspot.com/contacts/7762472/deal/51846850305
51843301265,"Las Vegas College - Henderson - Nursing-PN, ADN New Deal",50.0,0.0,2025-12-14,2025,2026-03-06,Q1,Bookings,Closed Lost,Ron Bright,Clinical Record Keeping,,,,,No contact,,,,OMIT,,https://app.hubspot.com/contacts/7762472/deal/51843301265
51846901151,Grand Valley State University - Medical Dosimetry,4250.0,4250.0,2025-12-14,2025,2026-04-13,Q2,Bookings,Closed Lost,Shawna Granger,Clinical Record Keeping,,,,Demo,Competitor,Exxat,,,OMIT,,https://app.hubspot.com/contacts/7762472/deal/51846901151
51843147874,Tri-County Technical College - Vet Tech ,7000.0,7000.0,2025-12-14,2025,2026-04-08,Q2,Bookings,Closed Lost,Shawna Granger,Clinical Record Keeping,,,,2025 AVTE,Bad timing,multiple staff turn over-solo PD,,,OMIT,,https://app.hubspot.com/contacts/7762472/deal/51843147874
51846882199,Mayo Clinic - Phlebotomy New Deal,50.0,0.0,2025-12-14,2025,2026-04-17,Q2,Bookings,Closed Lost,Shawna Granger,Clinical Record Keeping,,,,matrix,No contact,moved to sequence,,,OMIT,,https://app.hubspot.com/contacts/7762472/deal/51846882199
51799024672,Des Moines Area Community College - Medical Assisting New Deal,50.0,0.0,2025-12-14,2025,2026-04-17,Q2,Bookings,Closed Lost,Shawna Granger,Clinical Record Keeping,,,,2024 AAMA,Open to Revisiting,"decided it was not something we needed right now but will keep in mind for the future.
",,,OMIT,,https://app.hubspot.com/contacts/7762472/deal/51799024672
51843234145,"Pacific Union College - Angwin - Nursing-ADN, BSN, MSN New Deal",50.0,0.0,2025-12-14,2025,2026-03-12,Q1,Bookings,Closed Lost,Cara Heinrich,Clinical Record Keeping,,,,COADN Site,,,,,OMIT,,https://app.hubspot.com/contacts/7762472/deal/51843234145
51843268666,Northeastern Technical College - Nursing - ADN New Deal,50.0,0.0,2025-12-14,2025,2026-04-02,Q2,Bookings,Closed Lost,Cara Heinrich,Clinical Record Keeping,,,,2025 Info Request,Bad timing,Stayed with current process,,,OMIT,,https://app.hubspot.com/contacts/7762472/deal/51843268666
51846118959,- Multiple New Deal,50.0,0.0,2025-12-14,2025,2026-03-19,Q1,Bookings,Closed Lost,Mandy Ray,Clinical Record Keeping,,,,CLEC 2024,,Budget,,,OMIT,,https://app.hubspot.com/contacts/7762472/deal/51846118959
51846896547,Concorde Career College - DMS/CV New Deal,50.0,0.0,2025-12-14,2025,2026-04-17,Q2,Bookings,Closed Lost,Shawna Granger,Clinical Record Keeping,,,,,Other,For profit,,,OMIT,,https://app.hubspot.com/contacts/7762472/deal/51846896547
51842978130,Minnesota West Community & Technical College - Nursing-ADN New Deal,3750.0,3750.0,2025-12-14,2025,2026-03-12,Q1,Bookings,Closed Lost,Mandy Ray,Clinical Record Keeping,,,,2024 OADN,,,,,OMIT,,https://app.hubspot.com/contacts/7762472/deal/51842978130
51843239096,Iowa Lakes Community College - Vet Tech New Deal,50.0,0.0,2025-12-14,2025,2026-04-17,Q2,Bookings,Closed Lost,Shawna Granger,Clinical Record Keeping,,,,,Bad timing,we are not interested in moving forward.  ,,,OMIT,,https://app.hubspot.com/contacts/7762472/deal/51843239096
51843281468,Salisbury University - MLS New Deal,50.0,0.0,2025-12-14,2025,2026-04-17,Q2,Bookings,Closed Lost,Shawna Granger,Clinical Record Keeping,,,,NAACLS website,Bad timing,"After talking with my faculty and also our current clinical affiliates, I think that our current set up is working okay as far as tracking our students.  At this time, we do not wish to pursue Trajecsys.",,,OMIT,,https://app.hubspot.com/contacts/7762472/deal/51843281468
51846848324,Community College of Allegheny County - Pittsburgh - Massage Therapist New Deal,50.0,0.0,2025-12-14,2025,2026-03-05,Q1,Bookings,Closed Lost,Mandy Ray,Clinical Record Keeping,,,,Matrix,,,,,OMIT,,https://app.hubspot.com/contacts/7762472/deal/51846848324
51803457059,Vance Granville Community College - Medical Assistant New Deal,50.0,0.0,2025-12-14,2025,2026-04-17,Q2,Bookings,Closed Lost,Shawna Granger,Clinical Record Keeping,,,,,Competitor,Platinum,,,OMIT,,https://app.hubspot.com/contacts/7762472/deal/51803457059
51843204497,Ivy Tech - Nursing-ADN New Deal,50.0,0.0,2025-12-14,2025,2026-03-06,Q1,Bookings,Closed Lost,Ron Bright,Clinical Record Keeping,,,,Matrix,,,,,OMIT,,https://app.hubspot.com/contacts/7762472/deal/51843204497
51846893722,Central Piedmont Community College - MLT New Deal,50.0,0.0,2025-12-14,2025,2026-04-17,Q2,Bookings,Closed Lost,Shawna Granger,Clinical Record Keeping,,,,Top 20 Matrix,No contact,in sequence,,,OMIT,,https://app.hubspot.com/contacts/7762472/deal/51846893722
51824846143,LIT - Vet Tech New Deal,50.0,0.0,2025-12-14,2025,2026-04-17,Q2,Bookings,Closed Lost,Shawna Granger,Clinical Record Keeping,,,,Matrix/CVTEA Website,Bad timing,decided not to move forward with Trajecsys at this time. ,,,OMIT,,https://app.hubspot.com/contacts/7762472/deal/51824846143
51804356157,MercyOne - MLS New Deal,50.0,0.0,2025-12-14,2025,2026-04-17,Q2,Bookings,Closed Lost,Shawna Granger,Clinical Record Keeping,,,,CLEC 2024,No contact,in sequence,,,OMIT,,https://app.hubspot.com/contacts/7762472/deal/51804356157
51838737759,Chattahoochee Valley Community College - MLT New Deal,50.0,0.0,2025-12-14,2025,2026-04-17,Q2,Bookings,Closed Lost,Shawna Granger,Clinical Record Keeping,,,,NAACLS website,No contact,Silent,,,OMIT,,https://app.hubspot.com/contacts/7762472/deal/51838737759
51813579672,"Citrus College - Nursing-CNA, LVN, ADN New Deal",50.0,0.0,2025-12-14,2025,2026-03-03,Q1,Bookings,Closed Lost,Ron Bright,Clinical Record Keeping,,,,OADN Member,Budget,,,,OMIT,,https://app.hubspot.com/contacts/7762472/deal/51813579672
51842984055,Niagara County Community College - Sanborn - MA New Deal,50.0,0.0,2025-12-14,2025,2026-04-17,Q2,Bookings,Closed Lost,Shawna Granger,Clinical Record Keeping,,,,,No contact,Silent,,,OMIT,,https://app.hubspot.com/contacts/7762472/deal/51842984055
51794544920,College of DuPage - CT New Deal,50.0,0.0,2025-12-14,2025,2026-03-06,Q1,Bookings,Closed Lost,Shawna Granger,Clinical Record Keeping,,,,Matrix,,,,,OMIT,,https://app.hubspot.com/contacts/7762472/deal/51794544920
51796991030,South Piedmont Community College - Medical Assisting New Deal,50.0,0.0,2025-12-14,2025,2026-04-08,Q2,Bookings,Closed Lost,Shawna Granger,Clinical Record Keeping,,,,Matrix/CAHEEP website,Bad timing,Faculty did not approve,,,OMIT,,https://app.hubspot.com/contacts/7762472/deal/51796991030
51817295656,River Valley Community College - Medical Lab Technician New Deal,50.0,0.0,2025-12-14,2025,2026-04-17,Q2,Bookings,Closed Lost,Shawna Granger,Clinical Record Keeping,,,,Prospecting-Resp Web Tour,Competitor,Typhoon,,,OMIT,,https://app.hubspot.com/contacts/7762472/deal/51817295656
51843187831,Stevenson University - MLS New Deal,50.0,0.0,2025-12-14,2025,2026-03-19,Q1,Bookings,Closed Lost,Shawna Granger,Clinical Record Keeping,,,,web tour request,,"Not a good fit for their program, would not use alot of the features to justify the cost",,,OMIT,,https://app.hubspot.com/contacts/7762472/deal/51843187831
51843180368,"Johnson County Community College - Nursing - PN, ADN New Deal",9000.0,9000.0,2025-12-14,2025,2026-03-12,Q1,Bookings,Closed Lost,Ron Bright,Clinical Record Keeping,,,,Matrix,,,,,OMIT,,https://app.hubspot.com/contacts/7762472/deal/51843180368
51804203132,Gateway Technical College - Vet Tech,2250.0,2250.0,2025-12-14,2025,2026-04-13,Q2,Bookings,Closed Lost,Shawna Granger,Clinical Record Keeping,,,,2024 AVTE jacket winner,Budget,"dean states that we are not going to be able to move forward. The budget is cut, and they want to keep things where they are.",,,OMIT,,https://app.hubspot.com/contacts/7762472/deal/51804203132
51804817940,Eastern Maine Community College - Nursing-ADN New Deal,6000.0,0.0,2025-12-14,2025,2026-03-12,Q1,Bookings,Closed Lost,,Clinical Record Keeping,true,,,2023 ACEN,,,,,OMIT,,https://app.hubspot.com/contacts/7762472/deal/51804817940
51843251299,Bellin College - Radiation Therapy New Deal,50.0,0.0,2025-12-14,2025,2026-04-21,Q2,Bookings,Closed Lost,Shawna Granger,Clinical Record Keeping,,,,Information Request,Open to Revisiting,will not have time to consider the switch to Trajecsys. Can you please reach out to us in summer?,,,OMIT,,https://app.hubspot.com/contacts/7762472/deal/51843251299
51846888836,Erie Community College - Nursing-ADN New Deal,11250.0,0.0,2025-12-14,2025,2026-03-12,Q1,Bookings,Closed Lost,Mandy Ray,Clinical Record Keeping,,,,2025 CADN-NYLN,,,,,OMIT,,https://app.hubspot.com/contacts/7762472/deal/51846888836
51843212037,Ivy Tech - Nursing-ADN New Deal,50.0,0.0,2025-12-14,2025,2026-03-06,Q1,Bookings,Closed Lost,Ron Bright,Clinical Record Keeping,,,,Matrix,,,,,OMIT,,https://app.hubspot.com/contacts/7762472/deal/51843212037
51801335625,UAHT - Funeral Services New Deal,50.0,0.0,2025-12-14,2025,2026-03-17,Q1,Bookings,Closed Lost,Mark Moore,Clinical Record Keeping,,,,Matrix,,,,,OMIT,,https://app.hubspot.com/contacts/7762472/deal/51801335625
51846899005,Beaumont Health System - MLS New Deal,50.0,0.0,2025-12-14,2025,2026-04-17,Q2,Bookings,Closed Lost,Shawna Granger,Clinical Record Keeping,,,,CLEC2020,No contact,in sequence,,,OMIT,,https://app.hubspot.com/contacts/7762472/deal/51846899005
51820967436,Clackamas Community College - Medical Billing and Coding New Deal,50.0,0.0,2025-12-14,2025,2026-03-12,Q1,Bookings,Closed Lost,Mandy Ray,Clinical Record Keeping,,,,Information Request 2024,,"No Externship and program online, does not feel it is a good fit for her program",,,OMIT,,https://app.hubspot.com/contacts/7762472/deal/51820967436
51846884166,Enterprise State Community College - Paramedic New Deal,50.0,0.0,2025-12-14,2025,2026-03-24,Q1,Bookings,Closed Lost,Mark Moore,Clinical Record Keeping,,,,2025 CAAHEP WS,,Not responding,,,OMIT,,https://app.hubspot.com/contacts/7762472/deal/51846884166
51846910485,Central Georgia Technical College - Medical Assisting New Deal,50.0,0.0,2025-12-14,2025,2026-04-15,Q2,Bookings,Closed Lost,Shawna Granger,Clinical Record Keeping,,,,matrix,No contact,Silent,,,OMIT,,https://app.hubspot.com/contacts/7762472/deal/51846910485
51846836113,Ivy Tech - Nursing-ADN New Deal,50.0,0.0,2025-12-14,2025,2026-03-06,Q1,Bookings,Closed Lost,Ron Bright,Clinical Record Keeping,,,,Matrix,,,,,OMIT,,https://app.hubspot.com/contacts/7762472/deal/51846836113
51843308462,San Bernardino Valley College - San Bernardino - Nursing-ADN New Deal,50.0,0.0,2025-12-14,2025,2026-03-12,Q1,Bookings,Closed Lost,Cara Heinrich,Clinical Record Keeping,,,,OADN Member/COADN Site,,,,,OMIT,,https://app.hubspot.com/contacts/7762472/deal/51843308462
51843308463,Northshore Technical Community College - Lacombe - Nursing-PN New Deal,12000.0,12000.0,2025-12-14,2025,2026-03-31,Q1,Bookings,Closed Lost,Ron Bright,Clinical Record Keeping,,,,OADN Member,Bad timing,Needs time for faculty decision ,,,OMIT,,https://app.hubspot.com/contacts/7762472/deal/51843308463
51843298902,University of Akron - Respiratory Therapy New Deal,50.0,0.0,2025-12-14,2025,2026-03-05,Q1,Bookings,Closed Lost,Mark Moore,Clinical Record Keeping,,,,Web Inquiry,,,,,OMIT,,https://app.hubspot.com/contacts/7762472/deal/51843298902
51843185081,Pima Community College - Pharm Tech,2400.0,2400.0,2025-12-14,2025,2026-04-08,Q2,Bookings,Closed Lost,Shawna Granger,Clinical Record Keeping,,,,2025 PTEC,No contact,No responceFFOM P,,,OMIT,,https://app.hubspot.com/contacts/7762472/deal/51843185081
51843286691,University of Utah - MLS New Deal,50.0,0.0,2025-12-14,2025,2026-03-23,Q1,Bookings,Closed Lost,Shawna Granger,Clinical Record Keeping,,,,,,No responses,,,OMIT,,https://app.hubspot.com/contacts/7762472/deal/51843286691
51796991031,Ivy Tech - Nursing-ADN New Deal,50.0,0.0,2025-12-14,2025,2026-03-06,Q1,Bookings,Closed Lost,Ron Bright,Clinical Record Keeping,,,,Top 20 OADN/Matrix/Big Fish,,,,,OMIT,,https://app.hubspot.com/contacts/7762472/deal/51796991031
51831093253,"Colorado State University - Corporate Office - Nursing=BSN, MSN, DNP New Deal",50.0,0.0,2025-12-14,2025,2026-03-12,Q1,Bookings,Closed Lost,Mandy Ray,Clinical Record Keeping,,,,,,,,,OMIT,,https://app.hubspot.com/contacts/7762472/deal/51831093253
51837562705,Baker College of Muskegon - Vet Tech,50.0,0.0,2025-12-14,2025,2026-03-06,Q1,Bookings,Closed Lost,Shawna Granger,Clinical Record Keeping,,,,2024 AVTE registration list,,,,,OMIT,,https://app.hubspot.com/contacts/7762472/deal/51837562705
51804356159,Allegany College of Maryland - Nursing-ADN New Deal,50.0,0.0,2025-12-14,2025,2026-03-03,Q1,Bookings,Closed Lost,Ron Bright,Clinical Record Keeping,,,,OADN Member,No Product Fit,,,,OMIT,,https://app.hubspot.com/contacts/7762472/deal/51804356159
51846111351,Cox Health - Medical Assisting New Deal,50.0,0.0,2025-12-14,2025,2026-04-17,Q2,Bookings,Closed Lost,Shawna Granger,Clinical Record Keeping,,,,2025 AAMA,No contact,moved to sequence,,,OMIT,,https://app.hubspot.com/contacts/7762472/deal/51846111351
51842984057,TriHealth - Medical Assistant New Deal,50.0,0.0,2025-12-14,2025,2026-04-17,Q2,Bookings,Closed Lost,Shawna Granger,Clinical Record Keeping,,,,,No contact,moved to a sequence,,,OMIT,,https://app.hubspot.com/contacts/7762472/deal/51842984057
51801027941,"Carroll Community College - Nursing-PN, ADN New Deal",8250.0,8250.0,2025-12-14,2025,2026-03-12,Q1,Bookings,Closed Lost,Ron Bright,Clinical Record Keeping,,,,OADN Member,,,,,OMIT,,https://app.hubspot.com/contacts/7762472/deal/51801027941
51843277069,Lansing Community College - Medical Assisting New Deal,50.0,0.0,2025-12-14,2025,2026-04-17,Q2,Bookings,Closed Lost,Shawna Granger,Clinical Record Keeping,,,,2024 AAMA,No contact,in sequence,,,OMIT,,https://app.hubspot.com/contacts/7762472/deal/51843277069
51843239169,Westmoreland County Community College - Medical Assisting/Phlebotomy New Deal,50.0,0.0,2025-12-14,2025,2026-04-13,Q2,Bookings,Closed Lost,Shawna Granger,Clinical Record Keeping,,,,,No contact,moved to a sequence,,,OMIT,,https://app.hubspot.com/contacts/7762472/deal/51843239169
51783929197,Northern Virginia Community College - Rad Therapy New Deal,50.0,0.0,2025-12-14,2025,2026-04-13,Q2,Bookings,Closed Lost,Shawna Granger,Clinical Record Keeping,,,,School website,Other,Joint venture with Virginia Western CC who is a current client,,,OMIT,,https://app.hubspot.com/contacts/7762472/deal/51783929197
51846915630,ECPI University - Virginia Beach - DMS New Deal,50.0,0.0,2025-12-14,2025,2026-04-17,Q2,Bookings,Closed Lost,Shawna Granger,Clinical Record Keeping,,,,,Other,for profit,,,OMIT,,https://app.hubspot.com/contacts/7762472/deal/51846915630
51843180369,Ashland Community & Technical College - EMT New Deal,50.0,0.0,2025-12-14,2025,2026-03-19,Q1,Bookings,Closed Lost,Mark Moore,Clinical Record Keeping,,,,Top 20 Matrix,,Not interested in product,,,OMIT,,https://app.hubspot.com/contacts/7762472/deal/51843180369
51843165555,Herzing - Brookfield - Nursing-BSN New Deal,50.0,0.0,2025-12-14,2025,2026-03-13,Q1,Bookings,Closed Lost,Mandy Ray,Clinical Record Keeping,,,,Big Fish,,,,,OMIT,,https://app.hubspot.com/contacts/7762472/deal/51843165555
51843303479,"Carroll Community College - Westminster - Nursing-PN, ADN New Deal",50.0,0.0,2025-12-14,2025,2026-03-06,Q1,Bookings,Closed Lost,Ron Bright,Clinical Record Keeping,,,,OADN Member,Other,,,,OMIT,,https://app.hubspot.com/contacts/7762472/deal/51843303479
51846915632,SUNY Broome Community College - Nursing-ADN New Deal,50.0,0.0,2025-12-14,2025,2026-03-12,Q1,Bookings,Closed Lost,Mandy Ray,Clinical Record Keeping,,,,2025 CADN-NYLN,,,,,OMIT,,https://app.hubspot.com/contacts/7762472/deal/51846915632
51843198991,Cabrillo College - Nursing-ADN New Deal,7500.0,7500.0,2025-12-14,2025,2026-04-24,Q2,Bookings,Closed Lost,Ron Bright,Clinical Record Keeping,,,,Matrix/COADN Site,Bad timing,Not ready with Curriculum and Team,,,OMIT,,https://app.hubspot.com/contacts/7762472/deal/51843198991
51846882205,Eastern Shore Community College - Melfa - Nursing - RN/AAS Partnership New Deal,50.0,0.0,2025-12-14,2025,2026-03-05,Q1,Bookings,Closed Lost,,Clinical Record Keeping,,,,Internal/Matrix,,,,,OMIT,,https://app.hubspot.com/contacts/7762472/deal/51846882205
51843165557,"Howard University - Washington - Nursing-BSN, MSN New Deal",50.0,0.0,2025-12-14,2025,2026-03-13,Q1,Bookings,Closed Lost,Cara Heinrich,Clinical Record Keeping,,,,,,,,,OMIT,,https://app.hubspot.com/contacts/7762472/deal/51843165557
51803301180,"Vermont Technical College - Randolph - Nursing-PN, ADN, BSN New Deal",50.0,0.0,2025-12-14,2025,2026-03-13,Q1,Bookings,Closed Lost,Cara Heinrich,Clinical Record Keeping,,,,Matrix,,,,,OMIT,,https://app.hubspot.com/contacts/7762472/deal/51803301180
51846877288,Bedford va hospital - MLT New Deal,50.0,0.0,2025-12-14,2025,2026-03-23,Q1,Bookings,Closed Lost,Shawna Granger,Clinical Record Keeping,,,,CLEC 2024,,Could not get cost approved,,,OMIT,,https://app.hubspot.com/contacts/7762472/deal/51846877288
51804817941,Columbia - Greene Community College - Nursing-ADN New Deal,50.0,0.0,2025-12-14,2025,2026-03-12,Q1,Bookings,Closed Lost,Mandy Ray,Clinical Record Keeping,,,,2025 CADN-NYLN,,,,,OMIT,,https://app.hubspot.com/contacts/7762472/deal/51804817941
57830699155,Tarrant County College District - CT,300.0,250.0,2025-12-14,2025,2026-05-06,Q2,Bookings,Closed Lost,Shawna Granger,Clinical Record Keeping,,,,***undeliverable***,,,,,OMIT,,https://app.hubspot.com/contacts/7762472/deal/57830699155
51801027942,Nebraska Methodist College of Nursing & Allied Health - Omaha - Nursing-BSN New Deal,50.0,0.0,2025-12-14,2025,2026-03-12,Q1,Bookings,Closed Lost,Cara Heinrich,Clinical Record Keeping,,,,,,,,,OMIT,,https://app.hubspot.com/contacts/7762472/deal/51801027942
51846848328,Dryersburg State CC - Surg Tech New Deal,50.0,1800.0,2025-12-14,2025,2026-04-06,Q2,Bookings,Closed Lost,Mark Moore,Clinical Record Keeping,,,,accredX 2025,Bad timing,"to much going on, check back in summer",,,OMIT,,https://app.hubspot.com/contacts/7762472/deal/51846848328
51846918172,Hocking College - MLT New Deal,50.0,0.0,2025-12-14,2025,2026-04-17,Q2,Bookings,Closed Lost,Shawna Granger,Clinical Record Keeping,,,,,No contact,in sequence,,,OMIT,,https://app.hubspot.com/contacts/7762472/deal/51846918172
51802689039,Gateway Technical College WI - Medical Assisting,50.0,0.0,2025-12-14,2025,2026-03-17,Q1,Bookings,Closed Lost,Shawna Granger,Clinical Record Keeping,,,,Matrix/CAHEEP website,Bad timing,,,,OMIT,,https://app.hubspot.com/contacts/7762472/deal/51802689039
51820967448,Cuyahoga Community College - Human Services New Deal,50.0,0.0,2025-12-14,2025,2026-04-08,Q2,Bookings,Closed Lost,Mandy Ray,Clinical Record Keeping,,,,Matrix,No contact,Has not responded to my last few emails,,,OMIT,,https://app.hubspot.com/contacts/7762472/deal/51820967448
51806055003,Southwest Wisconsin Technical College - MLT New Deal,50.0,0.0,2025-12-14,2025,2026-04-17,Q2,Bookings,Closed Lost,Shawna Granger,Clinical Record Keeping,,,,Matrix,Bad timing,"After reviewing what we would be using the system for with our clinical site coordinators, we have decided that we do not need an electronic system at this time.",,,OMIT,,https://app.hubspot.com/contacts/7762472/deal/51806055003
51846909065,Monroe Community College - Human Services New Deal,50.0,0.0,2025-12-14,2025,2026-03-18,Q1,Bookings,Closed Lost,Shawna Granger,Clinical Record Keeping,,,,,,"Not 
interested in moving forward",,,OMIT,,https://app.hubspot.com/contacts/7762472/deal/51846909065
51846909066,Kent State University - Nursing-BSN New Deal,67500.0,0.0,2025-12-14,2025,2026-05-18,Q2,Bookings,Closed Lost,Georgia Grey,Clinical Record Keeping,,Conference/Trade Show,,2025 OLN,,,,,OMIT,,https://app.hubspot.com/contacts/7762472/deal/51846909066
51843175183,"CNM - Central New Mexico Community College - Nursing-ADN, Refresher New Deal",50.0,0.0,2025-12-14,2025,2026-03-12,Q1,Bookings,Closed Lost,Cara Heinrich,Clinical Record Keeping,,,,Top 20 OADN/Matrix,,,,,OMIT,,https://app.hubspot.com/contacts/7762472/deal/51843175183
51806821495,Eastern Michigan University - Nutrition and Dietetics,6300.0,6300.0,2025-12-14,2025,2026-03-17,Q1,Bookings,Closed Lost,Mark Moore,Clinical Record Keeping,,,,2025 Info Request,Budget,Doesn't want to add additional cost to students,,,OMIT,,https://app.hubspot.com/contacts/7762472/deal/51806821495
51806055004,"Holyoke Community College - Holyoke - Nursing-PN, ADN New Deal",50.0,0.0,2025-12-14,2025,2026-03-06,Q1,Bookings,Closed Lost,Ron Bright,Clinical Record Keeping,,,,OADN Member,Bad timing,,,,OMIT,,https://app.hubspot.com/contacts/7762472/deal/51806055004
51843277071,Dominican University - Forest - Nursing-BSN New Deal,7500.0,0.0,2025-12-14,2025,2026-03-12,Q1,Bookings,Closed Lost,,Clinical Record Keeping,true,,,2024 AACN,,,,,OMIT,,https://app.hubspot.com/contacts/7762472/deal/51843277071
51843296355,Piedmont Community College - Roxboro - Nursing-ADN New Deal,50.0,0.0,2025-12-14,2025,2026-03-12,Q1,Bookings,Closed Lost,Ron Bright,Clinical Record Keeping,,,,2025 NCADN,,,,,OMIT,,https://app.hubspot.com/contacts/7762472/deal/51843296355
51843221840,Good Samaritan College of Nursing and Health Sciences - Medical Assistant New Deal,50.0,0.0,2025-12-14,2025,2026-04-17,Q2,Bookings,Closed Lost,Shawna Granger,Clinical Record Keeping,,,,,No contact,in sequence,,,OMIT,,https://app.hubspot.com/contacts/7762472/deal/51843221840
51843243857,INDIAN HILLS COMMUNITY COLLEGE - Nursing- ADN New Deal,4500.0,4500.0,2025-12-14,2025,2026-03-12,Q1,Bookings,Closed Lost,Mandy Ray,Clinical Record Keeping,,,,Matrix,,,,,OMIT,,https://app.hubspot.com/contacts/7762472/deal/51843243857
51843204501,Pensacola State College - Medical Assisting New Deal,50.0,0.0,2025-12-14,2025,2026-04-13,Q2,Bookings,Closed Lost,Shawna Granger,Clinical Record Keeping,,,,Matrix,No contact,Silent,,,OMIT,,https://app.hubspot.com/contacts/7762472/deal/51843204501
51843271726,Tuskegee University - Tuskegee - Vet Medicine,6000.0,6000.0,2025-12-14,2025,2026-03-13,Q1,Bookings,Closed Lost,Shawna Granger,Clinical Record Keeping,,,,Client referral,Bad timing,,,,OMIT,,https://app.hubspot.com/contacts/7762472/deal/51843271726
51794544925,Delgado Community College - MLT New Deal,50.0,0.0,2025-12-14,2025,2026-03-24,Q1,Bookings,Closed Lost,Shawna Granger,Clinical Record Keeping,,,,Top 20 Matrix,,Not in budget,,,OMIT,,https://app.hubspot.com/contacts/7762472/deal/51794544925
51843266333,Austin Peay State University - Nursing-BSN New Deal,50.0,0.0,2025-12-14,2025,2026-03-12,Q1,Bookings,Closed Lost,Cara Heinrich,Clinical Record Keeping,,,,Matrix,,,,,OMIT,,https://app.hubspot.com/contacts/7762472/deal/51843266333
51802848170,University of Southern Indiana - Administrator-in-Training Program New Deal,50.0,0.0,2025-12-14,2025,2026-03-05,Q1,Bookings,Closed Lost,Mandy Ray,Clinical Record Keeping,,,,,,,,,OMIT,,https://app.hubspot.com/contacts/7762472/deal/51802848170
51843281492,Fortis College - Central Montgomery - Nursing-ADN New Deal,50.0,0.0,2025-12-14,2025,2026-03-06,Q1,Bookings,Closed Lost,Ron Bright,Clinical Record Keeping,,,,OADN Member,Bad timing,,,,OMIT,,https://app.hubspot.com/contacts/7762472/deal/51843281492
51843207097,Midland University - Fremont - Nursing-BSN New Deal,50.0,0.0,2025-12-14,2025,2026-03-12,Q1,Bookings,Closed Lost,Cara Heinrich,Clinical Record Keeping,,,,ACEN Pre-Conference List,,,,,OMIT,,https://app.hubspot.com/contacts/7762472/deal/51843207097
51842984060,Georgia Southwestern State University - Americus - Nursing-ADN New Deal,50.0,0.0,2025-12-14,2025,2026-03-05,Q1,Bookings,Closed Lost,Ron Bright,Clinical Record Keeping,,,,SIGMA 2023/OADN Member,,,,,OMIT,,https://app.hubspot.com/contacts/7762472/deal/51842984060
51800259494,University of Cincinnati - MLS New Deal,50.0,0.0,2025-12-14,2025,2026-03-24,Q1,Bookings,Closed Lost,Shawna Granger,Clinical Record Keeping,,,,,,Not interested in our product,,,OMIT,,https://app.hubspot.com/contacts/7762472/deal/51800259494
51796991038,Laboure college of healthcare - Nursing-ADN New Deal,50.0,0.0,2025-12-14,2025,2026-03-12,Q1,Bookings,Closed Lost,Ron Bright,Clinical Record Keeping,,,,2024 St. A's Nurse Ed,,,,,OMIT,,https://app.hubspot.com/contacts/7762472/deal/51796991038
51846848331,Wilkes Community College - Nursing-ADN New Deal,4500.0,4500.0,2025-12-14,2025,2026-04-27,Q2,Bookings,Closed Lost,Ron Bright,Clinical Record Keeping,,,,2025 NCADN,Bad timing,Faculty changes-2027/2028 better time,,,OMIT,,https://app.hubspot.com/contacts/7762472/deal/51846848331
51800104744,Butler County Community College - Butler - Nursing-ADN New Deal,50.0,0.0,2025-12-14,2025,2026-03-03,Q1,Bookings,Closed Lost,Ron Bright,Clinical Record Keeping,,,,,No access to EB,,,,OMIT,,https://app.hubspot.com/contacts/7762472/deal/51800104744
51846866830,Meridian Community College - medical assisting technology New Deal,50.0,0.0,2025-12-14,2025,2026-04-13,Q2,Bookings,Closed Lost,Shawna Granger,Clinical Record Keeping,,,,2025 AAMA,No contact,silent,,,OMIT,,https://app.hubspot.com/contacts/7762472/deal/51846866830
51815285838,"Lenoir Community College - Nursing-PN, ADN, LPN-ADN, Paramedic-ADN New Deal",7500.0,7500.0,2025-12-14,2025,2026-03-12,Q1,Bookings,Closed Lost,Ron Bright,Clinical Record Keeping,,,,2025 NCADN,,,,,OMIT,,https://app.hubspot.com/contacts/7762472/deal/51815285838
51783929199,Concordia University - DMS New Deal,50.0,0.0,2025-12-14,2025,2026-04-17,Q2,Bookings,Closed Lost,Shawna Granger,Clinical Record Keeping,,,,Matrix/CAHEEP website,Other,for profit,,,OMIT,,https://app.hubspot.com/contacts/7762472/deal/51783929199
51843189623,University of Mary Hardin-Baylor - Anesthesiologist Assistant New Deal,50.0,0.0,2025-12-14,2025,2026-03-02,Q1,Bookings,Closed Lost,Ron Bright,Clinical Record Keeping,,,,2025 CAAHEP WS,Competitor,,,,OMIT,,https://app.hubspot.com/contacts/7762472/deal/51843189623
51846879869,"Bluegrass Communityand Technical College - Nursing-BSN, MSN, DNP New Deal",50.0,0.0,2025-12-14,2025,2026-03-12,Q1,Bookings,Closed Lost,Ron Bright,Clinical Record Keeping,,,,Ohio League for Nursing Site,,,,,OMIT,,https://app.hubspot.com/contacts/7762472/deal/51846879869
51833567382,College of Southern Nevada - Radiation Therapy Technology New Deal,50.0,0.0,2025-12-14,2025,2026-04-13,Q2,Bookings,Closed Lost,Shawna Granger,Clinical Record Keeping,,,,,No contact,moved to a sequence,,,OMIT,,https://app.hubspot.com/contacts/7762472/deal/51833567382
51842984061,College of the Canyons - Public Safety New Deal,50.0,0.0,2025-12-14,2025,2026-03-19,Q1,Bookings,Closed Lost,Mark Moore,Clinical Record Keeping,,,,Matrix,,No need for our services,,,OMIT,,https://app.hubspot.com/contacts/7762472/deal/51842984061
51804669026,El Paso Community College - Pharmacy Tech,50.0,0.0,2025-12-14,2025,2026-03-06,Q1,Bookings,Closed Lost,Mark Moore,Clinical Record Keeping,,,,2025 Info Request,No contact,,,,OMIT,,https://app.hubspot.com/contacts/7762472/deal/51804669026
51843239174,"Piedmont Technical College - Nursing-ADN, PN New Deal",0.0,0.0,2025-12-14,2025,2026-03-19,Q1,Bookings,Closed Lost,Cara Heinrich,,,,,Top 20 Matrix,,DUPLICATE,,,OMIT,,https://app.hubspot.com/contacts/7762472/deal/51843239174
51846071814,Florence-Darlington Technical College - Medical Assisting New Deal,50.0,0.0,2025-12-14,2025,2026-04-13,Q2,Bookings,Closed Lost,Shawna Granger,Clinical Record Keeping,,,,Matrix,No contact,moved to a sequence,,,OMIT,,https://app.hubspot.com/contacts/7762472/deal/51846071814
51794544927,College of the Canyons - EMS New Deal,50.0,0.0,2025-12-14,2025,2026-03-19,Q1,Bookings,Closed Lost,Mark Moore,Clinical Record Keeping,,,,Matrix,,No clinical requirements,,,OMIT,,https://app.hubspot.com/contacts/7762472/deal/51794544927
51843212038,Tyler Junior College - Nursing - ADN New Deal,30000.0,30000.0,2025-12-14,2025,2026-03-13,Q1,Bookings,Closed Lost,Mandy Ray,Clinical Record Keeping,,,,OADN member/Matrix,,,,,OMIT,,https://app.hubspot.com/contacts/7762472/deal/51843212038
51843266335,"Suffolk County Community College - Selden - Nursing-PN, ADN New Deal",50.0,0.0,2025-12-14,2025,2026-03-06,Q1,Bookings,Closed Lost,Ron Bright,Clinical Record Keeping,,,,2024 OADN,Bad timing,,,,OMIT,,https://app.hubspot.com/contacts/7762472/deal/51843266335
51842978135,Delta College - DMS New Deal,50.0,0.0,2025-12-14,2025,2026-04-17,Q2,Bookings,Closed Lost,Shawna Granger,Clinical Record Keeping,,,,,Other,for profit,,,OMIT,,https://app.hubspot.com/contacts/7762472/deal/51842978135
51846886997,University of New Mexico- Gallup - Nursing-ADN New Deal,3000.0,3000.0,2025-12-14,2025,2026-03-12,Q1,Bookings,Closed Lost,Cara Heinrich,Clinical Record Keeping,,,,,,,,,OMIT,,https://app.hubspot.com/contacts/7762472/deal/51846886997
51843236513,Southern Illinois University - Radiography New Deal,50.0,0.0,2025-12-14,2025,2026-04-13,Q2,Bookings,Closed Lost,Shawna Granger,Clinical Record Keeping,,,,,Other,not interested,,,OMIT,,https://app.hubspot.com/contacts/7762472/deal/51843236513
51843264060,MD Anderson - Multi New Deal,50.0,0.0,2025-12-14,2025,2026-03-06,Q1,Bookings,Closed Lost,Ron Bright,Clinical Record Keeping,,,,2025 ASAHP,No Product Fit,,,,OMIT,,https://app.hubspot.com/contacts/7762472/deal/51843264060
51846850320,"Santa Fe College - Nursing-CNA, PN, ADN New Deal",50.0,0.0,2025-12-14,2025,2026-03-02,Q1,Bookings,Closed Lost,Ron Bright,Clinical Record Keeping,,,,2024 ACEN/Matrix/OADN Member,Other,,,,OMIT,,https://app.hubspot.com/contacts/7762472/deal/51846850320
51843147959,Hudson Valley Community College - Nursing-ADN New Deal,50.0,0.0,2025-12-14,2025,2026-03-12,Q1,Bookings,Closed Lost,Mandy Ray,Clinical Record Keeping,,,,2025 CADN-NYLN,,,,,OMIT,,https://app.hubspot.com/contacts/7762472/deal/51843147959
51843259203,SUNY Adirondack - Queensbury - Nursing-ADN New Deal,50.0,0.0,2025-12-14,2025,2026-03-12,Q1,Bookings,Closed Lost,Mandy Ray,Clinical Record Keeping,,,,2025 CADN-NYLN,,,,,OMIT,,https://app.hubspot.com/contacts/7762472/deal/51843259203
51829105060,Wiregrass Georgia Technical College - Medical Assisting ,1200.0,1200.0,2025-12-14,2025,2026-03-12,Q1,Bookings,Closed Lost,Shawna Granger,Clinical Record Keeping,,,,Matrix/CAHEEP website,No contact,,,,OMIT,,https://app.hubspot.com/contacts/7762472/deal/51829105060
51843177625,"North Arkansas College - Nursing-PN, BSN New Deal",50.0,0.0,2025-12-14,2025,2026-03-12,Q1,Bookings,Closed Lost,Cara Heinrich,Clinical Record Keeping,,,,OADN member/Matrix,,,,,OMIT,,https://app.hubspot.com/contacts/7762472/deal/51843177625
51846899009,University of Arkansas - Pine Bluff - Nursing-BSN New Deal,3000.0,3000.0,2025-12-14,2025,2026-03-23,Q1,Bookings,Closed Lost,Cara Heinrich,Clinical Record Keeping,,,,2024 ACEN,,,,,OMIT,,https://app.hubspot.com/contacts/7762472/deal/51846899009
51846872142,Trocaire College - Massage Therapy New Deal,50.0,0.0,2025-12-14,2025,2026-03-05,Q1,Bookings,Closed Lost,Mandy Ray,Clinical Record Keeping,,,,2025 Web Inquiry,,,,,OMIT,,https://app.hubspot.com/contacts/7762472/deal/51846872142
51797651003,Moraine Valley Community College - Multi New Deal,50.0,0.0,2025-12-14,2025,2026-03-02,Q1,Bookings,Closed Lost,Ron Bright,Clinical Record Keeping,,,,2025 CAAHEP WS,Other,,,,OMIT,,https://app.hubspot.com/contacts/7762472/deal/51797651003
51821122165,Clark College - Medical Assisting New Deal,50.0,0.0,2025-12-14,2025,2026-04-13,Q2,Bookings,Closed Lost,Shawna Granger,Clinical Record Keeping,,,,CAAHEP Website,No contact,moved to a sequence,,,OMIT,,https://app.hubspot.com/contacts/7762472/deal/51821122165
51843142313,College of the Canyons - Nursing-ADN New Deal,15000.0,15000.0,2025-12-14,2025,2026-03-06,Q1,Bookings,Closed Lost,Ron Bright,Clinical Record Keeping,,,,David - Internal referral PTA,Competitor,,,,OMIT,,https://app.hubspot.com/contacts/7762472/deal/51843142313
51843241904,Western Suffolk BOCES - Nursing - PN New Deal,50.0,0.0,2025-12-14,2025,2026-04-02,Q2,Bookings,Closed Lost,Mandy Ray,Clinical Record Keeping,,,,2025 CADN-NYLN,Bad timing,Programmatic Changes,,,OMIT,,https://app.hubspot.com/contacts/7762472/deal/51843241904
51846886998,Tulsa Community College - Vet Tech,50.0,0.0,2025-12-14,2025,2026-04-13,Q2,Bookings,Closed Lost,Shawna Granger,Clinical Record Keeping,,,,2024 AVTE registration list,No Product Fit,,,,OMIT,,https://app.hubspot.com/contacts/7762472/deal/51846886998
51843279115,"Molloy College - Centre - Nursing-BSN, MSN, DNP New Deal",50.0,0.0,2025-12-14,2025,2026-03-12,Q1,Bookings,Closed Lost,Mandy Ray,Clinical Record Keeping,,,,Matrix,,,,,OMIT,,https://app.hubspot.com/contacts/7762472/deal/51843279115
51843248908,UPMC Williamsport - MLS New Deal,50.0,0.0,2025-12-14,2025,2026-04-17,Q2,Bookings,Closed Lost,Shawna Granger,Clinical Record Keeping,,,,CLEC,No contact,silent,,,OMIT,,https://app.hubspot.com/contacts/7762472/deal/51843248908
51846864736,Tyler Junior College - Rad Tech New Deal,50.0,0.0,2025-12-14,2025,2026-04-13,Q2,Bookings,Closed Lost,Shawna Granger,Clinical Record Keeping,,,,2024 Info Request,No contact,moved to sequence,,,OMIT,,https://app.hubspot.com/contacts/7762472/deal/51846864736
51804669030,"Muskegon Community College - Nursing-PN, ADN New Deal",50.0,0.0,2025-12-14,2025,2026-03-06,Q1,Bookings,Closed Lost,Ron Bright,Clinical Record Keeping,,,,Matrix/OADN Member,Competitor,,,,OMIT,,https://app.hubspot.com/contacts/7762472/deal/51804669030
51843286694,University of New Hampshire - Corporate Office - MLS New Deal,50.0,0.0,2025-12-14,2025,2026-04-17,Q2,Bookings,Closed Lost,Shawna Granger,Clinical Record Keeping,,,,2025 CLEC,Bad timing,"2/11/26 Kyle was at CLEC 2026, stopped by the booth.  Said that he is familiar with Trajecsys as we had a web tour after CLEC 2025.  Making changes to the program so now is not a good time to add in new software.  When they are ready Trajecsys would be who they use.  Will F/U in 3 months",,,OMIT,,https://app.hubspot.com/contacts/7762472/deal/51843286694
51843308465,"Daemen College - Amherst - Nursing-BSN, MSN New Deal",50.0,0.0,2025-12-14,2025,2026-03-12,Q1,Bookings,Closed Lost,Mandy Ray,Clinical Record Keeping,,,,,,,,,OMIT,,https://app.hubspot.com/contacts/7762472/deal/51843308465
51802994733,"Cape Fear Community College - Nursing-PN, ADN, LPN to RN New Deal",50.0,0.0,2025-12-14,2025,2026-03-12,Q1,Bookings,Closed Lost,Ron Bright,Clinical Record Keeping,,,,OADN member/Matrix,,,,,OMIT,,https://app.hubspot.com/contacts/7762472/deal/51802994733
51846682037,Penn State - Radiography ,2500.0,2500.0,2025-12-14,2025,2026-04-13,Q2,Bookings,Closed Lost,Shawna Granger,Clinical Record Keeping,,,,,No contact,moved to a sequence,,,OMIT,,https://app.hubspot.com/contacts/7762472/deal/51846682037
51846866833,Lakeland Community College - MA New Deal,50.0,0.0,2025-12-14,2025,2026-04-13,Q2,Bookings,Closed Lost,Shawna Granger,Clinical Record Keeping,,,,Matrix/CAAHEP,No contact,moved to sequence,,,OMIT,,https://app.hubspot.com/contacts/7762472/deal/51846866833
51846918178,Rend Lake College - Ina - Radiology New Deal,50.0,0.0,2025-12-14,2025,2026-04-13,Q2,Bookings,Closed Lost,Shawna Granger,Clinical Record Keeping,,,,,No contact,silent,,,OMIT,,https://app.hubspot.com/contacts/7762472/deal/51846918178
51843279116,Central Community College - MLT New Deal,50.0,0.0,2025-12-14,2025,2026-03-05,Q1,Bookings,Closed Lost,Shawna Granger,Clinical Record Keeping,,,,NAACLS website,,,,,OMIT,,https://app.hubspot.com/contacts/7762472/deal/51843279116
51846906124,Pitt Community College - PET New Deal,50.0,0.0,2025-12-14,2025,2026-04-09,Q2,Bookings,Closed Lost,Shawna Granger,Clinical Record Keeping,,,,Group demo,Other,Not interested,,,OMIT,,https://app.hubspot.com/contacts/7762472/deal/51846906124
51846146678,Illinois Valley Community College - Nursing-ADN New Deal,6000.0,6000.0,2025-12-14,2025,2026-03-12,Q1,Bookings,Closed Lost,Mandy Ray,Clinical Record Keeping,,,,,,,,,OMIT,,https://app.hubspot.com/contacts/7762472/deal/51846146678
51804356165,Futuro Health - Multiple New Deal,50.0,0.0,2025-12-14,2025,2026-04-13,Q2,Bookings,Closed Lost,Shawna Granger,Clinical Record Keeping,,,,Information Request,No contact,Silent,,,OMIT,,https://app.hubspot.com/contacts/7762472/deal/51804356165
51843177629,"BOCES - Warren-Washington Counties - Nursing-CNA, PN, ADN, BSN New Deal",50.0,0.0,2025-12-14,2025,2026-03-12,Q1,Bookings,Closed Lost,Mandy Ray,Clinical Record Keeping,,,,OADN Member/Matrix,,,,,OMIT,,https://app.hubspot.com/contacts/7762472/deal/51843177629
51843273865,Saint Louis University - Saint Louis - Rad Therapy New Deal,50.0,0.0,2025-12-14,2025,2026-04-13,Q2,Bookings,Closed Lost,Shawna Granger,Clinical Record Keeping,,,,JRCERT website,No contact,moved to a sequence,,,OMIT,,https://app.hubspot.com/contacts/7762472/deal/51843273865
51843142314,Hudson County Community College - Jersey City - Medical Assisting,550.0,550.0,2025-12-14,2025,2026-04-13,Q2,Bookings,Closed Lost,Shawna Granger,Clinical Record Keeping,,,,2025 AAMA,No contact,Demo canceled never rescheduled,,,OMIT,,https://app.hubspot.com/contacts/7762472/deal/51843142314
51843288950,Mt. San Antonio College - Histotechnician New Deal,50.0,0.0,2025-12-14,2025,2026-04-17,Q2,Bookings,Closed Lost,Shawna Granger,Clinical Record Keeping,,,,Matrix,Other,we have decided that we are not interested in pursuing trajecsys,,,OMIT,,https://app.hubspot.com/contacts/7762472/deal/51843288950
51831093260,Norfolk State University - Norfolk - Nursing-BSN New Deal,50.0,0.0,2025-12-14,2025,2026-03-13,Q1,Bookings,Closed Lost,Ron Bright,Clinical Record Keeping,,,,,,,,,OMIT,,https://app.hubspot.com/contacts/7762472/deal/51831093260
51802689202,Ashland Community & Technical College - Nursing-ADN New Deal,11250.0,11250.0,2025-12-14,2025,2026-03-06,Q1,Bookings,Closed Lost,Ron Bright,Clinical Record Keeping,,,,ACEN Pre-Conference List,Bad timing,,,,OMIT,,https://app.hubspot.com/contacts/7762472/deal/51802689202
51804817944,Advanced eClinical Training - MA/Phelb/Pharm Tech New Deal,50.0,0.0,2025-12-14,2025,2026-04-13,Q2,Bookings,Closed Lost,Shawna Granger,Clinical Record Keeping,,,,2025 Info Request,No contact,Silent since demo,,,OMIT,,https://app.hubspot.com/contacts/7762472/deal/51804817944
51843204503,El Paso Community College - Medical Assisting,50.0,0.0,2025-12-14,2025,2026-03-06,Q1,Bookings,Closed Lost,Shawna Granger,Clinical Record Keeping,,,,matrix,No contact,,,,OMIT,,https://app.hubspot.com/contacts/7762472/deal/51843204503
51843266339,University of Cincinnati Blue Ash College - MLS New Deal,50.0,0.0,2025-12-14,2025,2026-04-17,Q2,Bookings,Closed Lost,Shawna Granger,Clinical Record Keeping,,,,,Other,duplicate,,,OMIT,,https://app.hubspot.com/contacts/7762472/deal/51843266339
51843142315,Central New Mexico Community College - Respiratory Therapy New Deal,50.0,0.0,2025-12-14,2025,2026-03-24,Q1,Bookings,Closed Lost,Mark Moore,Clinical Record Keeping,,,,,,Resigned contract with Typhon,,,OMIT,,https://app.hubspot.com/contacts/7762472/deal/51843142315
51843268671,"- Nursing-PN,ADN, BSN & AH New Deal",50.0,0.0,2025-12-14,2025,2026-03-06,Q1,Bookings,Closed Lost,Ron Bright,Clinical Record Keeping,,,,Matrix,No contact,,,,OMIT,,https://app.hubspot.com/contacts/7762472/deal/51843268671
51846840856,Modesto Junior College - vet tech,3750.0,3750.0,2025-12-14,2025,2026-03-13,Q1,Bookings,Closed Lost,Shawna Granger,Clinical Record Keeping,,,,School website,Competitor,,,,OMIT,,https://app.hubspot.com/contacts/7762472/deal/51846840856
51804508972,"Alamo City Barber College - San Antonio - Nursing-PN, ADN New Deal",50.0,0.0,2025-12-14,2025,2026-03-13,Q1,Bookings,Closed Lost,Mandy Ray,Clinical Record Keeping,,,,Top 20 Matrix,,,,,OMIT,,https://app.hubspot.com/contacts/7762472/deal/51804508972
51801645071,Colorado Mountain College - Medical Assisting,50.0,0.0,2025-12-14,2025,2026-03-06,Q1,Bookings,Closed Lost,Shawna Granger,Clinical Record Keeping,,,,2024 AAMA,Budget,,,,OMIT,,https://app.hubspot.com/contacts/7762472/deal/51801645071
51843216796,Henry Ford College - Medical Assistant New Deal,50.0,0.0,2025-12-14,2025,2026-04-13,Q2,Bookings,Closed Lost,Shawna Granger,Clinical Record Keeping,,,,***NO longer there***,No contact,moved to a sequence,,,OMIT,,https://app.hubspot.com/contacts/7762472/deal/51843216796
51843268672,"Hutchinson Community College - Cosmo - Nursing-ADN, PN New Deal",50.0,0.0,2025-12-14,2025,2026-03-01,Q1,Bookings,Closed Lost,Ron Bright,Clinical Record Keeping,,,,Matrix/ACEN Pre-Conference List,Other,,,,OMIT,,https://app.hubspot.com/contacts/7762472/deal/51843268672
51846860420,Durham Tech - PN New Deal,50.0,0.0,2025-12-14,2025,2026-03-12,Q1,Bookings,Closed Lost,Ron Bright,Clinical Record Keeping,,,,2025 PAPNA,,,,,OMIT,,https://app.hubspot.com/contacts/7762472/deal/51846860420
51846884170,"Iowa Lakes Community College - Nursing-PN, ADN New Deal",3750.0,3750.0,2025-12-14,2025,2026-04-15,Q2,Bookings,Closed Lost,Ron Bright,Clinical Record Keeping,,,,Matrix,Bad timing,Timing,,,OMIT,,https://app.hubspot.com/contacts/7762472/deal/51846884170
51846879872,Kapiolani Community College - Nursing-BSN New Deal,50.0,0.0,2025-12-14,2025,2026-03-11,Q1,Bookings,Closed Lost,Georgia Grey,Clinical Record Keeping,,,,Matrix,,,,,OMIT,,https://app.hubspot.com/contacts/7762472/deal/51846879872
51843177630,Lake Washington Institute of Technology - Funeral Services New Deal,50.0,0.0,2025-12-14,2025,2026-03-05,Q1,Bookings,Closed Lost,Mark Moore,Clinical Record Keeping,,,,,,,,,OMIT,,https://app.hubspot.com/contacts/7762472/deal/51843177630
51843207170,Kirtland Community College - Nursing-ADN New Deal,50.0,0.0,2025-12-14,2025,2026-04-01,Q2,Bookings,Closed Lost,Georgia Grey,Clinical Record Keeping,,,,OADN Member,No contact,No response,,,OMIT,,https://app.hubspot.com/contacts/7762472/deal/51843207170
51843185155,"Florida National University - Main Campus - Nursing-BSN, MSN New Deal",31500.0,31500.0,2025-12-14,2025,2026-04-01,Q2,Bookings,Closed Lost,Ron Bright,Clinical Record Keeping,,,,Matrix,Other,Enterprise sale with Trajecsys,,,OMIT,,https://app.hubspot.com/contacts/7762472/deal/51843185155
51843204504,Lone Star College - North Harris Nursing-ADN New Deal,18000.0,18000.0,2025-12-14,2025,2026-03-12,Q1,Bookings,Closed Lost,Ron Bright,Clinical Record Keeping,,,,2025 Info Request,,,,,OMIT,,https://app.hubspot.com/contacts/7762472/deal/51843204504
51843234154,University of Pittsburgh - Bradford - Nursing-ASN and RN-BSN New Deal,50.0,0.0,2025-12-14,2025,2026-03-05,Q1,Bookings,Closed Lost,Ron Bright,Clinical Record Keeping,,,,,Budget,,,,OMIT,,https://app.hubspot.com/contacts/7762472/deal/51843234154
51802994736,"Baptist Health South Florida, Inc. - Nursing- ADN New Deal",50.0,0.0,2025-12-14,2025,2026-03-06,Q1,Bookings,Closed Lost,Ron Bright,Clinical Record Keeping,,,,2024 ACEN,No contact,,,,OMIT,,https://app.hubspot.com/contacts/7762472/deal/51802994736
51846838637,"Renton Technical College - Nursing - CNA, ADN New Deal",4500.0,4500.0,2025-12-14,2025,2026-03-13,Q1,Bookings,Closed Lost,Ron Bright,Clinical Record Keeping,,,,OADN Member,,,,,OMIT,,https://app.hubspot.com/contacts/7762472/deal/51846838637
51800259498,Southeastern College - Vet Tech New Deal,50.0,0.0,2025-12-14,2025,2026-04-13,Q2,Bookings,Closed Lost,Shawna Granger,Clinical Record Keeping,,,,,No contact,moved to a sequence,,,OMIT,,https://app.hubspot.com/contacts/7762472/deal/51800259498
51843177632,Fox College - Vet Tech New Deal,50.0,0.0,2025-12-14,2025,2026-04-13,Q2,Bookings,Closed Lost,Shawna Granger,Clinical Record Keeping,,,,2023 AVTE,No contact,Silent,,,OMIT,,https://app.hubspot.com/contacts/7762472/deal/51843177632
51828924419,The College of Health Care Professions - Phlebotomy New Deal,50.0,0.0,2025-12-14,2025,2026-04-10,Q2,Bookings,Closed Lost,Shawna Granger,Clinical Record Keeping,,,,Matrix,Other,enterprise,,,OMIT,,https://app.hubspot.com/contacts/7762472/deal/51828924419
51803301185,Beaumont Health System - Pharm Tech New Deal,50.0,0.0,2025-12-14,2025,2026-04-13,Q2,Bookings,Closed Lost,Shawna Granger,Clinical Record Keeping,,,,2025 PTEC,No contact,Silent,,,OMIT,,https://app.hubspot.com/contacts/7762472/deal/51803301185
51846874642,Greenville Technical College - MLT New Deal,50.0,0.0,2025-12-14,2025,2026-03-05,Q1,Bookings,Closed Lost,Shawna Granger,Clinical Record Keeping,,,,Top 20 Matrix,,,,,OMIT,,https://app.hubspot.com/contacts/7762472/deal/51846874642
51843308468,NYC Health + Hospitals/South Brooklyn Health - Cardiovascular Tech (CT) New Deal,50.0,0.0,2025-12-14,2025,2026-04-17,Q2,Bookings,Closed Lost,Shawna Granger,Clinical Record Keeping,,,,2024 Info Request,No contact,moved to sequence,,,OMIT,,https://app.hubspot.com/contacts/7762472/deal/51843308468
51802689204,Joliet Junior College - Vet Tech,7200.0,7200.0,2025-12-14,2025,2026-05-11,Q2,Bookings,Closed Lost,Shawna Granger,Clinical Record Keeping,,Conference/Trade Show,,2024 AVTE registration list,Budget,the Program does not have the budget to support Trajecsys.,,,OMIT,,https://app.hubspot.com/contacts/7762472/deal/51802689204
51846903823,Kishwaukee College - Malta - Nursing-ADN New Deal,6750.0,6750.0,2025-12-14,2025,2026-03-06,Q1,Bookings,Closed Lost,Ron Bright,Clinical Record Keeping,,,,Matrix,Bad timing,,,,OMIT,,https://app.hubspot.com/contacts/7762472/deal/51846903823
51846111359,St. Vincent's Medical Center - MLS New Deal,50.0,0.0,2025-12-14,2025,2026-03-20,Q1,Bookings,Closed Lost,Shawna Granger,Clinical Record Keeping,,,,Matrix,,New PD not responding to outreach,,,OMIT,,https://app.hubspot.com/contacts/7762472/deal/51846111359
51804356168,Northampton Community College - Medical Assisting New Deal,50.0,0.0,2025-12-14,2025,2026-04-10,Q2,Bookings,Closed Lost,Shawna Granger,Clinical Record Keeping,,,,School website,Other,moved to sequence,,,OMIT,,https://app.hubspot.com/contacts/7762472/deal/51804356168
51843221845,Indiana University Northwest - BSN - Nursing - New Deal,7500.0,7500.0,2025-12-14,2025,2026-03-12,Q1,Bookings,Closed Lost,Ron Bright,Clinical Record Keeping,,,,Matrix,,,,,OMIT,,https://app.hubspot.com/contacts/7762472/deal/51843221845
51834545666,"West Virginia University - Parkersburg - Nursing-ADN, BSN New Deal",50.0,0.0,2025-12-14,2025,2026-05-20,Q2,Bookings,Closed Lost,Georgia Grey,Clinical Record Keeping,,,,Matrix,,,,,OMIT,,https://app.hubspot.com/contacts/7762472/deal/51834545666
51846922787,Aspirus Wausau University - MLT New Deal,50.0,0.0,2025-12-14,2025,2026-03-24,Q1,Bookings,Closed Lost,Shawna Granger,Clinical Record Keeping,,,,NAACLS,,Not responding,,,OMIT,,https://app.hubspot.com/contacts/7762472/deal/51846922787
51782085894,Wichita State University - Nursing-BSN New Deal,50.0,0.0,2025-12-14,2025,2026-03-12,Q1,Bookings,Closed Lost,Ron Bright,Clinical Record Keeping,,,,,,,,,OMIT,,https://app.hubspot.com/contacts/7762472/deal/51782085894
51833114428,Wenatchee Valley College - Medical Assisting,50.0,0.0,2025-12-14,2025,2026-04-10,Q2,Bookings,Closed Lost,Shawna Granger,Clinical Record Keeping,,,,School website,Bad timing,New PD-not ready for change,,,OMIT,,https://app.hubspot.com/contacts/7762472/deal/51833114428
51846922789,Northwestern Connecticut Community College - Winsted - MA New Deal,50.0,0.0,2025-12-14,2025,2026-04-10,Q2,Bookings,Closed Lost,Shawna Granger,Clinical Record Keeping,,,,Top 20 Matrix,No contact,moved to sequence,,,OMIT,,https://app.hubspot.com/contacts/7762472/deal/51846922789
51846913112,Oakton College - MLS New Deal,50.0,0.0,2025-12-14,2025,2026-04-17,Q2,Bookings,Closed Lost,Shawna Granger,Clinical Record Keeping,,,,CLEC 2024,No contact,in sequence,,,OMIT,,https://app.hubspot.com/contacts/7762472/deal/51846913112
51846071822,"Frontier Nursing University - Versailles - Nursing-MSN, DNP New Deal",50.0,0.0,2025-12-14,2025,2026-03-12,Q1,Bookings,Closed Lost,Ron Bright,Clinical Record Keeping,,,,,,,,,OMIT,,https://app.hubspot.com/contacts/7762472/deal/51846071822
51843209253,Volunteer State Community College - Nursing-ADN New Deal,50.0,0.0,2025-12-14,2025,2026-03-12,Q1,Bookings,Closed Lost,Cara Heinrich,Clinical Record Keeping,,,,Matrix,,,,,OMIT,,https://app.hubspot.com/contacts/7762472/deal/51843209253
51846682112,"Baker College - Nursing-BSN,MSN New Deal",50.0,0.0,2025-12-14,2025,2026-03-02,Q1,Bookings,Closed Lost,Ron Bright,Clinical Record Keeping,,,,,Budget,,,,OMIT,,https://app.hubspot.com/contacts/7762472/deal/51846682112
51839236893,Wake Technical Community College - Rad Tech New Deal,50.0,0.0,2025-12-14,2025,2026-04-10,Q2,Bookings,Closed Lost,Shawna Granger,Clinical Record Keeping,,,,School website,Bad timing,We are still not ready to make this transition yet,,,OMIT,,https://app.hubspot.com/contacts/7762472/deal/51839236893
51846888863,"College of the Redwoods - Nursing-ADN, LVN, LVN/Para to RN New Deal",50.0,0.0,2025-12-14,2025,2026-03-06,Q1,Bookings,Closed Lost,Ron Bright,Clinical Record Keeping,,,,OADN Member,Bad timing,,,,OMIT,,https://app.hubspot.com/contacts/7762472/deal/51846888863
51846840860,Bullard High School - Health Sciences New Deal,50.0,0.0,2025-12-14,2025,2026-04-30,Q2,Bookings,Closed Lost,Mandy Ray,Clinical Record Keeping,,Website,,Information Request 2025,No Product Fit,Not responding for web tour,,,OMIT,,https://app.hubspot.com/contacts/7762472/deal/51846840860
51846874643,"Missouri Valley College - Marshall - Nursing - BSN, MSN New Deal",50.0,0.0,2025-12-14,2025,2026-05-18,Q2,Bookings,Closed Lost,Georgia Grey,Clinical Record Keeping,,,,CCNE Site Directory,,,,,OMIT,,https://app.hubspot.com/contacts/7762472/deal/51846874643
51803301187,East Central Community College - Nursing- ADN New Deal,6000.0,6000.0,2025-12-14,2025,2026-03-17,Q1,Bookings,Closed Lost,,Clinical Record Keeping,,,,,,,,,OMIT,,https://app.hubspot.com/contacts/7762472/deal/51803301187
51846906130,Del Mar College - Nursing-ADN - New Deal,26250.0,0.0,2025-12-14,2025,2026-03-13,Q1,Bookings,Closed Lost,Mandy Ray,Clinical Record Keeping,,,,OADN member/Matrix,,,,,OMIT,,https://app.hubspot.com/contacts/7762472/deal/51846906130
51843303564,Del Mar College - Rad Tech New Deal,50.0,0.0,2025-12-14,2025,2026-04-10,Q2,Bookings,Closed Lost,Shawna Granger,Clinical Record Keeping,,,,2025 ACERT,No contact,moved to sequence,,,OMIT,,https://app.hubspot.com/contacts/7762472/deal/51843303564
51846891526,"Durham Technical Community College - Nursing-ADN, PN New Deal",50.0,0.0,2025-12-14,2025,2026-03-12,Q1,Bookings,Closed Lost,Ron Bright,Clinical Record Keeping,,,,2025 NCADN,,,,,OMIT,,https://app.hubspot.com/contacts/7762472/deal/51846891526
51846874644,Owesnboro Community & Technical College - Nursing-ADN New Deal,50.0,0.0,2025-12-14,2025,2026-03-02,Q1,Bookings,Closed Lost,Ron Bright,Clinical Record Keeping,,,,Matrix,Other,,,,OMIT,,https://app.hubspot.com/contacts/7762472/deal/51846874644
51804356170,Northeastern Oklahoma A&M College - Nursing-ADN New Deal,50.0,0.0,2025-12-14,2025,2026-03-02,Q1,Bookings,Closed Lost,Ron Bright,Clinical Record Keeping,,,,Matrix,Other,,,,OMIT,,https://app.hubspot.com/contacts/7762472/deal/51804356170
51800259650,"Hawkeye Community College - Nursing-CNA, PN, ADN New Deal",50.0,0.0,2025-12-14,2025,2026-03-06,Q1,Bookings,Closed Lost,Ron Bright,Clinical Record Keeping,,,,Matrix,Bad timing,,,,OMIT,,https://app.hubspot.com/contacts/7762472/deal/51800259650
51846146680,Houston Community College - ADN New Deal,50.0,0.0,2025-12-14,2025,2026-03-06,Q1,Bookings,Closed Lost,Ron Bright,Clinical Record Keeping,,,,Matrix,No contact,,,,OMIT,,https://app.hubspot.com/contacts/7762472/deal/51846146680
51831093262,Mercy College - MLS New Deal,50.0,0.0,2025-12-14,2025,2026-04-17,Q2,Bookings,Closed Lost,Shawna Granger,Clinical Record Keeping,,,,CLEC 23,No contact,in sequence,,,OMIT,,https://app.hubspot.com/contacts/7762472/deal/51831093262
51804203168,Southeastern Community College - West Burlington - MA New Deal,50.0,0.0,2025-12-14,2025,2026-04-10,Q2,Bookings,Closed Lost,Shawna Granger,Clinical Record Keeping,,,,Matrix/CAHEEP website,No contact,moved to sequence,,,OMIT,,https://app.hubspot.com/contacts/7762472/deal/51804203168
51843286696,Pennsylvania State University-Berks - Radiography New Deal,50.0,0.0,2025-12-14,2025,2026-04-10,Q2,Bookings,Closed Lost,Shawna Granger,Clinical Record Keeping,,,,,No contact,moved to sequence,,,OMIT,,https://app.hubspot.com/contacts/7762472/deal/51843286696
51834153281,"Austin Community College District - Austin - Nursing-PN,ADN, BSN New Deal",50.0,0.0,2025-12-14,2025,2026-03-02,Q1,Bookings,Closed Lost,Ron Bright,Clinical Record Keeping,,,,Matrix/OADN Member,Bad timing,,,,OMIT,,https://app.hubspot.com/contacts/7762472/deal/51834153281
51846893727,Independence College - Vet Tech New Deal,50.0,0.0,2025-12-14,2025,2026-04-10,Q2,Bookings,Closed Lost,Shawna Granger,Clinical Record Keeping,,,,,No contact,moved to sequence,,,OMIT,,https://app.hubspot.com/contacts/7762472/deal/51846893727
51801490771,"University of North Carolina - Greensboro - Nursing-BSN, MSN, DNP New Deal",50.0,0.0,2025-12-14,2025,2026-03-12,Q1,Bookings,Closed Lost,Ron Bright,Clinical Record Keeping,,,,ACEN Pre-Conference List,,,,,OMIT,,https://app.hubspot.com/contacts/7762472/deal/51801490771
51783620354,Dakota County Technical College - Vet Tech ,3600.0,3600.0,2025-12-14,2025,2026-04-21,Q2,Bookings,Closed Lost,Shawna Granger,Clinical Record Keeping,,,,2023 AVTE,Budget,No funds in budget-open to reconnecting in the fall,,,OMIT,,https://app.hubspot.com/contacts/7762472/deal/51783620354
51843251308,Pima Community College - MLT New Deal,50.0,0.0,2025-12-14,2025,2026-04-17,Q2,Bookings,Closed Lost,Shawna Granger,Clinical Record Keeping,,,,NAACLS website,No contact,in sequence,,,OMIT,,https://app.hubspot.com/contacts/7762472/deal/51843251308
51843212042,Loyola University Chicago - MLS New Deal,50.0,0.0,2025-12-14,2025,2026-03-19,Q1,Bookings,Closed Lost,Shawna Granger,Clinical Record Keeping,,,,CLEC2020,,No responses,,,OMIT,,https://app.hubspot.com/contacts/7762472/deal/51843212042
51846888867,Black Hawk College - Vet Tech New Deal,50.0,0.0,2025-12-14,2025,2026-04-10,Q2,Bookings,Closed Lost,Shawna Granger,Clinical Record Keeping,,,,2025 AVTE registration list,No contact,moved to sequence,,,OMIT,,https://app.hubspot.com/contacts/7762472/deal/51846888867
51839236895,Caldwell Community and Technical Institute - Phlebotomy New Deal,50.0,0.0,2025-12-14,2025,2026-03-05,Q1,Bookings,Closed Lost,Shawna Granger,Clinical Record Keeping,,,,matrix,,,,,OMIT,,https://app.hubspot.com/contacts/7762472/deal/51839236895
51839236896,"Northeastern Junior College - Sterling - Nursing-PN, ADN New Deal",50.0,0.0,2025-12-14,2025,2026-03-01,Q1,Bookings,Closed Lost,Ron Bright,Clinical Record Keeping,,,,Web Inquiry,Bad timing,,,,OMIT,,https://app.hubspot.com/contacts/7762472/deal/51839236896
51834545667,Front Range Community College - Medical Assisting New Deal,50.0,0.0,2025-12-14,2025,2026-04-10,Q2,Bookings,Closed Lost,Shawna Granger,Clinical Record Keeping,,,,AAMA 22,No contact,moved to sequence,,,OMIT,,https://app.hubspot.com/contacts/7762472/deal/51834545667
51843256428,Gateway CC CT - Medical Assisting New Deal,50.0,0.0,2025-12-14,2025,2026-04-10,Q2,Bookings,Closed Lost,Shawna Granger,Clinical Record Keeping,,,,2024 AAMA,Budget,We are making cuts to fit the budget,,,OMIT,,https://app.hubspot.com/contacts/7762472/deal/51843256428
51843279121,Wake Forest University School of Medicine - Nursing New Deal,10000.0,10000.0,2025-12-14,2025,2026-04-02,Q2,Bookings,Closed Lost,Mandy Ray,Clinical Record Keeping,,,,2025 AACN,Unqualified,We did not pass accessibility request,,,OMIT,,https://app.hubspot.com/contacts/7762472/deal/51843279121
51843209256,Des Moines Area Community College - Med Lab Tech & Phlebotomy Programs New Deal,50.0,0.0,2025-12-14,2025,2026-03-05,Q1,Bookings,Closed Lost,Shawna Granger,Clinical Record Keeping,,,,,,,,,OMIT,,https://app.hubspot.com/contacts/7762472/deal/51843209256
51843194633,Coastal Alabama Community College - Medical Assisting New Deal,50.0,0.0,2025-12-14,2025,2026-04-08,Q2,Bookings,Closed Lost,Shawna Granger,Clinical Record Keeping,,,,Matrix,Bad timing,Need to wait,,,OMIT,,https://app.hubspot.com/contacts/7762472/deal/51843194633
51843150453,Einstein Health - Radiologic Technology New Deal,50.0,0.0,2025-12-14,2025,2026-04-10,Q2,Bookings,Closed Lost,Shawna Granger,Clinical Record Keeping,,,,,No contact,moved to sequence,,,OMIT,,https://app.hubspot.com/contacts/7762472/deal/51843150453
51843246702,Columbus State Community College - Vet Tech ,8750.0,8750.0,2025-12-14,2025,2026-04-13,Q2,Bookings,Closed Lost,Shawna Granger,Clinical Record Keeping,,,,2025 AVTE,Budget,we can not justify the increased cost to our students at this time to make a switch. ,,,OMIT,,https://app.hubspot.com/contacts/7762472/deal/51843246702
51843207176,Crowder College - Vet Tech ,3850.0,3850.0,2025-12-14,2025,2026-03-06,Q1,Bookings,Closed Lost,Shawna Granger,Clinical Record Keeping,,,,2025 AVTE registration list,Budget,,,,OMIT,,https://app.hubspot.com/contacts/7762472/deal/51843207176
51829105065,Columbia Basin College - Respiratory Therapy New Deal,50.0,0.0,2025-12-14,2025,2026-03-05,Q1,Bookings,Closed Lost,Mark Moore,Clinical Record Keeping,,,,2025 AARC Forum,,,,,OMIT,,https://app.hubspot.com/contacts/7762472/deal/51829105065
51833567386,Lake Region State College - Nursing-ADN New Deal,50.0,0.0,2025-12-14,2025,2026-03-12,Q1,Bookings,Closed Lost,86214498,Clinical Record Keeping,true,,,OADN Member,No contact,,,,OMIT,,https://app.hubspot.com/contacts/7762472/deal/51833567386
51843310976,Saddleback College - MLT New Deal,50.0,0.0,2025-12-14,2025,2026-04-17,Q2,Bookings,Closed Lost,Shawna Granger,Clinical Record Keeping,,,,CLEC 2024,No contact,in sequence,,,OMIT,,https://app.hubspot.com/contacts/7762472/deal/51843310976
51804508974,Ashland Community & Technical College - Medical Information Technology New Deal,50.0,0.0,2025-12-14,2025,2026-04-17,Q2,Bookings,Closed Lost,Shawna Granger,Clinical Record Keeping,,,,Top 20 Matrix,No contact,in sequence,,,OMIT,,https://app.hubspot.com/contacts/7762472/deal/51804508974
51846869564,Danville Community College - Danville - Nursing-ADN New Deal,4500.0,4500.0,2025-12-14,2025,2026-03-12,Q1,Bookings,Closed Lost,Ron Bright,Clinical Record Keeping,,,,,,,,,OMIT,,https://app.hubspot.com/contacts/7762472/deal/51846869564
51825162593,"Platt College - Anaheim - Nursing-CNA, LVN New Deal",50.0,0.0,2025-12-14,2025,2026-03-06,Q1,Bookings,Closed Lost,Ron Bright,Clinical Record Keeping,,,,AARC Summer Conference 2018,Other,,,,OMIT,,https://app.hubspot.com/contacts/7762472/deal/51825162593
51843293815,Southwest Tennessee Community College - MLT New Deal,50.0,0.0,2025-12-14,2025,2026-04-17,Q2,Bookings,Closed Lost,Shawna Granger,Clinical Record Keeping,,,,Matrix,No contact,in sequence,,,OMIT,,https://app.hubspot.com/contacts/7762472/deal/51843293815
51843212046,Alamo City Barber College - San Antonio - MLT New Deal,50.0,0.0,2025-12-14,2025,2026-03-06,Q1,Bookings,Closed Lost,Shawna Granger,Clinical Record Keeping,,,,2025 CLEC Matrix,,,,,OMIT,,https://app.hubspot.com/contacts/7762472/deal/51843212046
51843246703,"Union County Vocational Technical School - Scotch Plains - Nursing-BSN, MSN, DNP New Deal",50.0,0.0,2025-12-14,2025,2026-03-12,Q1,Bookings,Closed Lost,Ron Bright,Clinical Record Keeping,,,,2025 NLN,,,,,OMIT,,https://app.hubspot.com/contacts/7762472/deal/51843246703
51825162594,Eastwick College - Funeral Services New Deal,50.0,0.0,2025-12-14,2025,2026-03-05,Q1,Bookings,Closed Lost,Mark Moore,Clinical Record Keeping,,,,,,,,,OMIT,,https://app.hubspot.com/contacts/7762472/deal/51825162594
51843204506,St. Phillips College - respiratory New Deal,50.0,0.0,2025-12-14,2025,2026-03-06,Q1,Bookings,Closed Lost,Mark Moore,Clinical Record Keeping,,,,,,,,,OMIT,,https://app.hubspot.com/contacts/7762472/deal/51843204506
51834545746,Aiken Technical College - Nursing - ADN New Deal,9000.0,9000.0,2025-12-14,2025,2026-03-12,Q1,Bookings,Closed Lost,Cara Heinrich,Clinical Record Keeping,,,,Matrix/OADN Member,,,,,OMIT,,https://app.hubspot.com/contacts/7762472/deal/51834545746
51843180453,"Southeast Community College - Nursing-PN, ADN New Deal",50.0,0.0,2025-12-14,2025,2026-03-04,Q1,Bookings,Closed Lost,Ron Bright,Clinical Record Keeping,,,,Matrix,Bad timing,,,,OMIT,,https://app.hubspot.com/contacts/7762472/deal/51843180453
51843266341,Palomar College - Nursing-ADN New Deal,10800.0,10800.0,2025-12-14,2025,2026-03-12,Q1,Bookings,Closed Lost,Cara Heinrich,Clinical Record Keeping,,,,OADN Member/COADN Site,,,,,OMIT,,https://app.hubspot.com/contacts/7762472/deal/51843266341
51843303571,"Abilene Christian University - Multiple-Nursing (BSN,DNP) New Deal",50.0,0.0,2025-12-14,2025,2026-03-13,Q1,Bookings,Closed Lost,Mandy Ray,Clinical Record Keeping,,,,2025 ACEN,,,,,OMIT,,https://app.hubspot.com/contacts/7762472/deal/51843303571
51843266342,Spokane Community College - MA New Deal,50.0,0.0,2025-12-14,2025,2026-04-10,Q2,Bookings,Closed Lost,Shawna Granger,Clinical Record Keeping,,,,Matrix,No contact,moved to sequence,,,OMIT,,https://app.hubspot.com/contacts/7762472/deal/51843266342
51846682115,"Bishop State Community College - Nursing-PN, ADN New Deal",50.0,0.0,2025-12-14,2025,2026-03-06,Q1,Bookings,Closed Lost,Ron Bright,Clinical Record Keeping,,,,OADN Member/2023 ACEN,Competitor,,,,OMIT,,https://app.hubspot.com/contacts/7762472/deal/51846682115
51846874647,Appalachian State University - Boone - Vet Tech New Deal,50.0,0.0,2025-12-14,2025,2026-04-10,Q2,Bookings,Closed Lost,Shawna Granger,Clinical Record Keeping,,,,2025 Info Request,No Product Fit,Needs video component,,,OMIT,,https://app.hubspot.com/contacts/7762472/deal/51846874647
51782085897,"Dallas College - Nursing-PN, ADN, BSN",0.0,0.0,2025-12-14,2025,2026-04-07,Q2,Bookings,Closed Lost,Georgia Grey,,,,,Top 20 OADN/Matrix,Open to Revisiting,Other,,,OMIT,,https://app.hubspot.com/contacts/7762472/deal/51782085897
51800104768,"Tennesee State University - Nursing-RN to BSN, BSN, MSN New Deal",50.0,0.0,2025-12-14,2025,2026-03-12,Q1,Bookings,Closed Lost,Cara Heinrich,Clinical Record Keeping,,,,2024 ACEN,,,,,OMIT,,https://app.hubspot.com/contacts/7762472/deal/51800104768
51843192843,Ivy Tech - Nursing-ADN New Deal,50.0,0.0,2025-12-14,2025,2026-03-06,Q1,Bookings,Closed Lost,Ron Bright,Clinical Record Keeping,,,,Top 20 OADN/Matrix/Big Fish,,,,,OMIT,,https://app.hubspot.com/contacts/7762472/deal/51843192843
51801645080,- Vet Tech New Deal,50.0,0.0,2025-12-14,2025,2026-04-10,Q2,Bookings,Closed Lost,Shawna Granger,Clinical Record Keeping,,,,***undeliverable***,No contact,silent,,,OMIT,,https://app.hubspot.com/contacts/7762472/deal/51801645080
51846869566,Thomas Jefferson University - Respiratory Therapy New Deal,50.0,0.0,2025-12-14,2025,2026-03-23,Q1,Bookings,Closed Lost,Mark Moore,Clinical Record Keeping,,,,AARC Congress 2022,,Using Exxact university wide,,,OMIT,,https://app.hubspot.com/contacts/7762472/deal/51846869566
51833114434,University of Nebraska Medical Center - Nursing-BSN New Deal,50.0,0.0,2025-12-14,2025,2026-03-12,Q1,Bookings,Closed Lost,Cara Heinrich,Clinical Record Keeping,,,,Top 20 Matrix,,,,,OMIT,,https://app.hubspot.com/contacts/7762472/deal/51833114434
51846918206,Rowan College at Gloucester County - Nursing-ADN New Deal,50.0,0.0,2025-12-14,2025,2026-04-05,Q2,Bookings,Closed Lost,Ron Bright,Clinical Record Keeping,,,,Matrix/OADN Member,Other,duplicate-we have this program,,,OMIT,,https://app.hubspot.com/contacts/7762472/deal/51846918206
51842984074,Atlanta Technical College - Paramedic New Deal,50.0,0.0,2025-12-14,2025,2026-03-18,Q1,Bookings,Closed Lost,Mark Moore,Clinical Record Keeping,,,,Top 20 Matrix,,No responses,,,OMIT,,https://app.hubspot.com/contacts/7762472/deal/51842984074
51813579685,Central Piedmont Community College - Paramedic New Deal,50.0,0.0,2025-12-14,2025,2026-03-24,Q1,Bookings,Closed Lost,Mark Moore,Clinical Record Keeping,,,,Top 20 Matrix,,Not responding,,,OMIT,,https://app.hubspot.com/contacts/7762472/deal/51813579685
51843243864,Jacksonville University - Nursing-BSN - New Deal,50.0,0.0,2025-12-14,2025,2026-03-12,Q1,Bookings,Closed Lost,Ron Bright,Clinical Record Keeping,,Conference/Trade Show,,SIGMA 2023,,,,,OMIT,,https://app.hubspot.com/contacts/7762472/deal/51843243864
51846906135,"George Mason University - Fairfax - Nursing-BSN, MSN, and DNP New Deal",50.0,0.0,2025-12-14,2025,2026-03-13,Q1,Bookings,Closed Lost,Ron Bright,Clinical Record Keeping,,,,,,,,,OMIT,,https://app.hubspot.com/contacts/7762472/deal/51846906135
51834545749,Wayne County Community College - Nursing-ADN New Deal,7500.0,7500.0,2025-12-14,2025,2026-03-09,Q1,Bookings,Closed Lost,Ron Bright,Clinical Record Keeping,,Website,,2025 Info Request,,,,,OMIT,,https://app.hubspot.com/contacts/7762472/deal/51834545749
51843291518,Galveston College - Medical Assisting New Deal,50.0,0.0,2025-12-14,2025,2026-04-10,Q2,Bookings,Closed Lost,Shawna Granger,Clinical Record Keeping,,,,School website,No contact,silent,,,OMIT,,https://app.hubspot.com/contacts/7762472/deal/51843291518
51837562785,"Lake Superior College - Nursing-PN, ADN New Deal",50.0,0.0,2025-12-14,2025,2026-03-12,Q1,Bookings,Closed Lost,Mandy Ray,Clinical Record Keeping,,,,Matrix,,,,,OMIT,,https://app.hubspot.com/contacts/7762472/deal/51837562785
51843165569,Charter College - Corporate Office - Nursing-ADN New Deal,50.0,0.0,2025-12-14,2025,2026-03-06,Q1,Bookings,Closed Lost,Ron Bright,Clinical Record Keeping,,Conference/Trade Show,,2024 OADN,Other,,,,OMIT,,https://app.hubspot.com/contacts/7762472/deal/51843165569
51803145808,MiraCosta College - Nursing-ADN New Deal,10500.0,0.0,2025-12-14,2025,2026-03-12,Q1,Bookings,Closed Lost,Cara Heinrich,Clinical Record Keeping,,Association,,OADN Member/COADN Site,,,,,OMIT,,https://app.hubspot.com/contacts/7762472/deal/51803145808
51846850326,Liberty University - Nursing-BSN New Deal,50.0,0.0,2025-12-14,2025,2026-03-13,Q1,Bookings,Closed Lost,Ron Bright,Clinical Record Keeping,,,,,,,,,OMIT,,https://app.hubspot.com/contacts/7762472/deal/51846850326
51846915737,Ferrum College - Ferrum - Nursing-BSN New Deal,50.0,0.0,2025-12-14,2025,2026-03-13,Q1,Bookings,Closed Lost,Ron Bright,Clinical Record Keeping,,Conference/Trade Show,,2024 ACEN,,,,,OMIT,,https://app.hubspot.com/contacts/7762472/deal/51846915737
51846884176,"John A. Logan College - Nursing-CNA, PN, ADN New Deal",50.0,0.0,2025-12-14,2025,2026-03-01,Q1,Bookings,Closed Lost,Ron Bright,Clinical Record Keeping,,Association,,OADN Member/2024 MO-Nurse Edu Inst,Bad timing,,,,OMIT,,https://app.hubspot.com/contacts/7762472/deal/51846884176
51846138974,"Porterville College - Porterville - Nursing-LVN to ADN, LVN to RN, ADN New Deal",50.0,0.0,2025-12-14,2025,2026-03-01,Q1,Bookings,Closed Lost,Ron Bright,Clinical Record Keeping,,Marketing Email,,11.28.23 Email Mktg,Bad timing,,,,OMIT,,https://app.hubspot.com/contacts/7762472/deal/51846138974
51843236526,Horry-Georgetown Technical College - Nursing-ADN New Deal,22500.0,0.0,2025-12-14,2025,2026-03-12,Q1,Bookings,Closed Lost,Cara Heinrich,Clinical Record Keeping,,Conference/Trade Show,,2025 ACEN,,,,,OMIT,,https://app.hubspot.com/contacts/7762472/deal/51843236526
51801028098,Nightingale College - Salt Lake City - Nursing-ADN New Deal,50.0,0.0,2025-12-14,2025,2026-03-06,Q1,Bookings,Closed Lost,Ron Bright,Clinical Record Keeping,,Conference/Trade Show,,ABHES 2020,No contact,,,,OMIT,,https://app.hubspot.com/contacts/7762472/deal/51801028098
51834153364,Delaware Technical Community College - Nursing-ADN New Deal,50.0,0.0,2025-12-14,2025,2026-04-20,Q2,Bookings,Closed Lost,86214498,Clinical Record Keeping,true,,,Matrix/Big Fish,Bad timing,Ben acct,,,OMIT,,https://app.hubspot.com/contacts/7762472/deal/51834153364
51843192845,Boston College - Hill - Nursing-BSN New Deal,50.0,0.0,2025-12-14,2025,2026-03-12,Q1,Bookings,Closed Lost,Ron Bright,Clinical Record Keeping,,Conference/Trade Show,,2024 NLN,,,,,OMIT,,https://app.hubspot.com/contacts/7762472/deal/51843192845
51846884199,"Southeast Missouri State University - Nursing - BSN, MSN New Deal",11250.0,11250.0,2025-12-14,2025,2026-05-20,Q2,Bookings,Closed Lost,Georgia Grey,Clinical Record Keeping,,,,CCNE Site Directory,Competitor,,,,OMIT,,https://app.hubspot.com/contacts/7762472/deal/51846884199
51846877296,Barton Community College - MLT New Deal,50.0,0.0,2025-12-14,2025,2026-03-24,Q1,Bookings,Closed Lost,Shawna Granger,Clinical Record Keeping,,Conference/Trade Show,,CLEC,,No funding,,,OMIT,,https://app.hubspot.com/contacts/7762472/deal/51846877296
51829105069,"Missouri State University-West Plains - Nursing-BSN, MSN, DNP New Deal",50.0,0.0,2025-12-14,2025,2026-04-23,Q2,Bookings,Closed Lost,Georgia Grey,Clinical Record Keeping,,Association,,OADN Member/2024 MO-Nurse Edu Inst,No contact,No contact,,,OMIT,,https://app.hubspot.com/contacts/7762472/deal/51829105069
51825162595,Technology Center of DuPage - Medical Assisting New Deal,50.0,0.0,2025-12-14,2025,2026-04-13,Q2,Bookings,Closed Lost,Shawna Granger,Clinical Record Keeping,,,,***undeliverable***,No contact,Need new contact,,,OMIT,,https://app.hubspot.com/contacts/7762472/deal/51825162595
51843308581,Temple College - Multiple New Deal,50.0,0.0,2025-12-14,2025,2026-03-12,Q1,Bookings,Closed Lost,Mandy Ray,Clinical Record Keeping,,Conference/Trade Show,,CAAHEP 23,,"Has system in place, work to switch does not outweigh the issues with current program",,,OMIT,,https://app.hubspot.com/contacts/7762472/deal/51843308581
51843197590,West Coast University - Orange County - Nursing-BSN New Deal,50.0,0.0,2025-12-14,2025,2026-03-12,Q1,Bookings,Closed Lost,Cara Heinrich,Clinical Record Keeping,,,,,,,,,OMIT,,https://app.hubspot.com/contacts/7762472/deal/51843197590
51834153366,Weatherford College - Phlebotomy New Deal,50.0,0.0,2025-12-14,2025,2026-04-10,Q2,Bookings,Closed Lost,Shawna Granger,Clinical Record Keeping,,,,Top 20 Matrix,No contact,silent,,,OMIT,,https://app.hubspot.com/contacts/7762472/deal/51834153366
51838737920,"Riverside City College - Riverside - Nursing-CNA, VN, ADN New Deal",50.0,0.0,2025-12-14,2025,2026-03-01,Q1,Bookings,Closed Lost,Ron Bright,Clinical Record Keeping,,Conference/Trade Show,,2025 COADN,Other,,,,OMIT,,https://app.hubspot.com/contacts/7762472/deal/51838737920
51820967458,Southern Maine Community College - Medical Assistant,1300.0,1300.0,2025-12-14,2025,2026-04-27,Q2,Bookings,Closed Lost,Shawna Granger,Clinical Record Keeping,,,,,No contact,Silent,,,OMIT,,https://app.hubspot.com/contacts/7762472/deal/51820967458
51843214452,Temple College - Respiratory Therapy New Deal,50.0,0.0,2025-12-14,2025,2026-03-19,Q1,Bookings,Closed Lost,Mark Moore,Clinical Record Keeping,,Conference/Trade Show,,AARC Summer Conference 2018,,Went with another vendor,,,OMIT,,https://app.hubspot.com/contacts/7762472/deal/51843214452
51846071828,Blue Ridge Community College - Flat Rock - Vet Tech New Deal,50.0,0.0,2025-12-14,2025,2026-04-10,Q2,Bookings,Closed Lost,Shawna Granger,Clinical Record Keeping,,Conference/Trade Show,,2025 AVTE registration list,No contact,moved to sequence,,,OMIT,,https://app.hubspot.com/contacts/7762472/deal/51846071828
51843274008,Rush University - Respiratory Therapy New Deal,50.0,0.0,2025-12-14,2025,2026-03-18,Q1,Bookings,Closed Lost,Mark Moore,Clinical Record Keeping,,,,,,Went with different vendor,,,OMIT,,https://app.hubspot.com/contacts/7762472/deal/51843274008
51838737921,Delgado Community College - Nursing New Deal,43500.0,43500.0,2025-12-14,2025,2026-03-07,Q1,Bookings,Closed Lost,Ron Bright,Clinical Record Keeping,,Conference/Trade Show,,2023 oadn,,,,,OMIT,,https://app.hubspot.com/contacts/7762472/deal/51838737921
51825162598,Columbus State Community College - MLT New Deal,50.0,0.0,2025-12-14,2025,2026-03-23,Q1,Bookings,Closed Lost,Shawna Granger,Clinical Record Keeping,,,,,,Using fillable docs,,,OMIT,,https://app.hubspot.com/contacts/7762472/deal/51825162598
51838737922,SUNY Corning Community College - Corning - Nursing-ADN New Deal,50.0,0.0,2025-12-14,2025,2026-03-12,Q1,Bookings,Closed Lost,Mandy Ray,Clinical Record Keeping,,Association,,OADN memeber,,,,,OMIT,,https://app.hubspot.com/contacts/7762472/deal/51838737922
51846872156,"Western Connecticut State University - Danbury - Nursing-BSN, MSN, DNP New Deal",50.0,0.0,2025-12-14,2025,2026-03-06,Q1,Bookings,Closed Lost,Mandy Ray,Clinical Record Keeping,,,,2023 Nurse Educators St.A's,Bad timing,,,,OMIT,,https://app.hubspot.com/contacts/7762472/deal/51846872156
51804669043,"United University of Nursing - Nursing-ADN, RN to BSN New Deal",15000.0,15000.0,2025-12-14,2025,2026-04-30,Q2,Bookings,Closed Lost,Ron Bright,Clinical Record Keeping,,,,,Bad timing,Curriculum changes-fu for 2027,,,OMIT,,https://app.hubspot.com/contacts/7762472/deal/51804669043
51804508980,"River Valley Community College - Nursing-PN, ADN New Deal",50.0,0.0,2025-12-14,2025,2026-03-12,Q1,Bookings,Closed Lost,Ron Bright,Clinical Record Keeping,,,,2025 ST Falmouth,,,,,OMIT,,https://app.hubspot.com/contacts/7762472/deal/51804508980
51806821509,- EMS/Paramedic New Deal,50.0,0.0,2025-12-14,2025,2026-03-05,Q1,Bookings,Closed Lost,Mark Moore,Clinical Record Keeping,,Website,,Information Request 2025,,,,,OMIT,,https://app.hubspot.com/contacts/7762472/deal/51806821509
51842978162,Wilkes Community College - EMS New Deal,50.0,0.0,2025-12-14,2025,2026-03-19,Q1,Bookings,Closed Lost,Mark Moore,Clinical Record Keeping,,,,Matrix,,Happy with current vendor,,,OMIT,,https://app.hubspot.com/contacts/7762472/deal/51842978162
51846899022,Bismarck State College - MLT/MLS New Deal,50.0,0.0,2025-12-14,2025,2026-04-17,Q2,Bookings,Closed Lost,Shawna Granger,Clinical Record Keeping,,,,,No contact,in sequence,,,OMIT,,https://app.hubspot.com/contacts/7762472/deal/51846899022
51846869576,"Seattle Central College - Nursing - PN, ADN New Deal",50.0,0.0,2025-12-14,2025,2026-03-13,Q1,Bookings,Closed Lost,Ron Bright,Clinical Record Keeping,,Association,,OADN Member,,,,,OMIT,,https://app.hubspot.com/contacts/7762472/deal/51846869576
51846146689,"Barnes - Jewish College Goldfarb School of Nursing - Nursing - BSN, MSN, DNP, APRN New Deal",50.0,0.0,2025-12-14,2025,2026-03-01,Q1,Bookings,Closed Lost,Ron Bright,Clinical Record Keeping,,,,CCNE Site Directory,No Product Fit,,,,OMIT,,https://app.hubspot.com/contacts/7762472/deal/51846146689
51714442862,Valencia College - MRI New Deal,50.0,0.0,2025-12-14,2025,2026-04-10,Q2,Bookings,Closed Lost,Shawna Granger,Clinical Record Keeping,,,,Matrix,Bad timing,PD retiring,,,OMIT,,https://app.hubspot.com/contacts/7762472/deal/51714442862
51843199008,Cuyahoga Community College - Massage Therapy New Deal,50.0,0.0,2025-12-14,2025,2026-04-30,Q2,Bookings,Closed Lost,Mandy Ray,Clinical Record Keeping,,,,Matrix,No Product Fit,Did not work for them,,,OMIT,,https://app.hubspot.com/contacts/7762472/deal/51843199008
51803301195,Harcum College - Vet Nursing New Deal,50.0,0.0,2025-12-14,2025,2026-04-10,Q2,Bookings,Closed Lost,Shawna Granger,Clinical Record Keeping,,Conference/Trade Show,,2024 AVTE,Other,comfortable with the system we currently use,,,OMIT,,https://app.hubspot.com/contacts/7762472/deal/51803301195
51846682120,"Anoka Ramsey Community College - Nursing-ADN, BSN New Deal",50.0,0.0,2025-12-14,2025,2026-03-05,Q1,Bookings,Closed Lost,Ron Bright,Clinical Record Keeping,,Conference/Trade Show,,2024 OADN,,,,,OMIT,,https://app.hubspot.com/contacts/7762472/deal/51846682120
51843194641,Vernon College - Vernon - Pharm Tech,50.0,0.0,2025-12-14,2025,2026-03-05,Q1,Bookings,Closed Lost,Mark Moore,Clinical Record Keeping,,Conference/Trade Show,,2025 PTEC,,,,,OMIT,,https://app.hubspot.com/contacts/7762472/deal/51843194641
51843268684,Mt. San Antonio College - Rad Tech New Deal,50.0,0.0,2025-12-14,2025,2026-04-13,Q2,Bookings,Closed Lost,Shawna Granger,Clinical Record Keeping,,,,JRCERT website,Bad timing,I do not feel it is beneficial to make our students pay so much money for this.,,,OMIT,,https://app.hubspot.com/contacts/7762472/deal/51843268684
51782085983,Columbus Techncial College - Medical Assisting New Deal,50.0,0.0,2025-12-14,2025,2026-04-10,Q2,Bookings,Closed Lost,Shawna Granger,Clinical Record Keeping,,,,Matrix,No contact,moved to a sequence,,,OMIT,,https://app.hubspot.com/contacts/7762472/deal/51782085983
51843194643,Long Island University - Veterinary Technology New Deal,50.0,0.0,2025-12-14,2025,2026-04-10,Q2,Bookings,Closed Lost,Shawna Granger,Clinical Record Keeping,,,,Matrix/CVTEA Website,No Product Fit,not a good fit,,,OMIT,,https://app.hubspot.com/contacts/7762472/deal/51843194643
51806055177,"South Piedmont Community College - Nursing-CNA, PN, ADN New Deal",50.0,0.0,2025-12-14,2025,2026-03-12,Q1,Bookings,Closed Lost,Ron Bright,Clinical Record Keeping,,,,Matrix/ACEN Pre-Conference List,,,,,OMIT,,https://app.hubspot.com/contacts/7762472/deal/51806055177
51799024692,"Pfeiffer University - Misenheimer - Nursing-BSN, RN to BSN New Deal",50.0,0.0,2025-12-14,2025,2026-03-12,Q1,Bookings,Closed Lost,Ron Bright,Clinical Record Keeping,,Conference/Trade Show,,2023 AACN,,,,,OMIT,,https://app.hubspot.com/contacts/7762472/deal/51799024692
51821739954,Lurleen B Wallace Community College - Nursing-ADN New Deal,50.0,0.0,2025-12-14,2025,2026-03-06,Q1,Bookings,Closed Lost,Ron Bright,Clinical Record Keeping,,,,Matrix,,,,,OMIT,,https://app.hubspot.com/contacts/7762472/deal/51821739954
51843212058,"Tallahassee State College - Nursing-ADN, BSN, MSN New Deal",50.0,30000.0,2025-12-14,2025,2026-03-04,Q1,Bookings,Closed Lost,Ron Bright,Clinical Record Keeping,,Conference/Trade Show,,2025 NLN,,,,,OMIT,,https://app.hubspot.com/contacts/7762472/deal/51843212058
51843214460,Fayetteville Technical Community College - Multi,50.0,0.0,2025-12-14,2025,2026-03-02,Q1,Bookings,Closed Lost,Ron Bright,Clinical Record Keeping,,Association,,Top 20 Matrix/OADN Member,Other,,,,OMIT,,https://app.hubspot.com/contacts/7762472/deal/51843214460
51843268685,International Business College - Indianapolis - Vet Tech New Deal,50.0,0.0,2025-12-14,2025,2026-04-10,Q2,Bookings,Closed Lost,Shawna Granger,Clinical Record Keeping,,Conference/Trade Show,,2025 AVTE,Other,For profit,,,OMIT,,https://app.hubspot.com/contacts/7762472/deal/51843268685
51786930433,"Bluegrass Communityand Technical College - Nursing-PN, ADN New Deal",50.0,0.0,2025-12-14,2025,2026-03-12,Q1,Bookings,Closed Lost,Ron Bright,Clinical Record Keeping,,,,Top 20 OADN/Matrix,,,,,OMIT,,https://app.hubspot.com/contacts/7762472/deal/51786930433
51806821513,Miami Dade College - Veterinary Technology New Deal,50.0,0.0,2025-12-14,2025,2026-04-10,Q2,Bookings,Closed Lost,Shawna Granger,Clinical Record Keeping,,,,Top 20 Matrix,No contact,silent,,,OMIT,,https://app.hubspot.com/contacts/7762472/deal/51806821513
51804817960,Lincoln University - Vet Tech New Deal,50.0,0.0,2025-12-14,2025,2026-04-10,Q2,Bookings,Closed Lost,Shawna Granger,Clinical Record Keeping,,,,School website,Other,For profit,,,OMIT,,https://app.hubspot.com/contacts/7762472/deal/51804817960
51846927762,Volunteer State Community College - Polysomnographic Technology New Deal,50.0,0.0,2025-12-14,2025,2026-04-13,Q2,Bookings,Closed Lost,Shawna Granger,Clinical Record Keeping,,,,Matrix,No contact,silent,,,OMIT,,https://app.hubspot.com/contacts/7762472/deal/51846927762
51843142402,Macomb Community College - Nursing-ADN New Deal,28000.0,28000.0,2025-12-14,2025,2026-04-15,Q2,Bookings,Closed Lost,Georgia Grey,Clinical Record Keeping,,Webinar,,2025 OADN Webinar,Bad timing,Reconnect next year,,,OMIT,,https://app.hubspot.com/contacts/7762472/deal/51843142402
51803457080,Tarleton State University - Nursing-BSN New Deal,50.0,0.0,2025-12-14,2025,2026-03-12,Q1,Bookings,Closed Lost,Mandy Ray,Clinical Record Keeping,,Conference/Trade Show,,2024 NLN,,,,,OMIT,,https://app.hubspot.com/contacts/7762472/deal/51803457080
51796991056,Gartner - Vet Tech New Deal,50.0,0.0,2025-12-14,2025,2026-04-10,Q2,Bookings,Closed Lost,Shawna Granger,Clinical Record Keeping,,Website,,Info Request 2024,No contact,moved to a sequence,,,OMIT,,https://app.hubspot.com/contacts/7762472/deal/51796991056
51796991057,University of Maryland - Eastern Shore - Dietetic Internship New Deal,50.0,0.0,2025-12-14,2025,2026-03-06,Q1,Bookings,Closed Lost,Mark Moore,Clinical Record Keeping,,Conference/Trade Show,,NDEP 23,,,,,OMIT,,https://app.hubspot.com/contacts/7762472/deal/51796991057
51797651022,Finger Lakes Health - College of Nursing - Nursing Faculty New Deal,50.0,0.0,2025-12-14,2025,2026-03-12,Q1,Bookings,Closed Lost,Mandy Ray,Clinical Record Keeping,,Referral;Association,,OADN Member,,,,,OMIT,,https://app.hubspot.com/contacts/7762472/deal/51797651022
51795299129,"Pasadena City College - Nursing-CNA, ADN New Deal",50.0,0.0,2025-12-14,2025,2026-03-05,Q1,Bookings,Closed Lost,Ron Bright,Clinical Record Keeping,,,,Matrix/ACEN Pre-Conference List,Bad timing,,,,OMIT,,https://app.hubspot.com/contacts/7762472/deal/51795299129
51843264084,College of the Canyons - MLT New Deal,50.0,0.0,2025-12-14,2025,2026-04-10,Q2,Bookings,Closed Lost,Shawna Granger,Clinical Record Keeping,,,,Matrix,Other,moved to sequence,,,OMIT,,https://app.hubspot.com/contacts/7762472/deal/51843264084
51801645096,"South Texas College - Nursing-ADN, LVN, BSN New Deal",50.0,0.0,2025-12-14,2025,2026-03-01,Q1,Bookings,Closed Lost,Mandy Ray,Clinical Record Keeping,,,,Matrix,Other,,,,OMIT,,https://app.hubspot.com/contacts/7762472/deal/51801645096
51843288967,"Camden County College - Nursing-PN, ADN New Deal",50.0,0.0,2025-12-14,2025,2026-03-17,Q1,Bookings,Closed Lost,Ron Bright,Clinical Record Keeping,,Referral;Association,,Matrix/OADN Member,,,,,OMIT,,https://app.hubspot.com/contacts/7762472/deal/51843288967
51843242073,Mercy College - Ferry - Nursing-BSN New Deal,50.0,0.0,2025-12-14,2025,2026-03-12,Q1,Bookings,Closed Lost,Mandy Ray,Clinical Record Keeping,,Conference/Trade Show,,2024 ASAHP,,,,,OMIT,,https://app.hubspot.com/contacts/7762472/deal/51843242073
51843293836,University Health Care System - Nursing New Deal,50.0,0.0,2025-12-14,2025,2026-03-06,Q1,Bookings,Closed Lost,Ron Bright,Clinical Record Keeping,,,,,Unqualified,,,,OMIT,,https://app.hubspot.com/contacts/7762472/deal/51843293836
51802848271,North Hennepin Community College - Nursing-ADN New Deal,11250.0,0.0,2025-12-14,2025,2026-03-12,Q1,Bookings,Closed Lost,Mandy Ray,Clinical Record Keeping,,Referral;Association,,OADN Member,,,,,OMIT,,https://app.hubspot.com/contacts/7762472/deal/51802848271
51846139009,Ivy Tech - Nursing-ADN New Deal,50.0,0.0,2025-12-14,2025,2026-03-06,Q1,Bookings,Closed Lost,Ron Bright,Clinical Record Keeping,,,,Matrix,,,,,OMIT,,https://app.hubspot.com/contacts/7762472/deal/51846139009
51833567404,Colorado Mesa University - Medical Assisting New Deal,50.0,0.0,2025-12-14,2025,2026-04-10,Q2,Bookings,Closed Lost,Shawna Granger,Clinical Record Keeping,,,,23 AAMA/Matrix,Other,moved to sequence,,,OMIT,,https://app.hubspot.com/contacts/7762472/deal/51833567404
51846869588,"Lincoln Land Community College - Nursing-PN, ADN New Deal",50.0,0.0,2025-12-14,2025,2026-03-12,Q1,Bookings,Closed Lost,Mandy Ray,Clinical Record Keeping,,Referral;Association,,OADN Member,,,,,OMIT,,https://app.hubspot.com/contacts/7762472/deal/51846869588
51845690018,Miami Dade College - Medical Assisting New Deal,50.0,0.0,2025-12-14,2025,2026-04-10,Q2,Bookings,Closed Lost,Shawna Granger,Clinical Record Keeping,,,,Matrix,Other,moved to a sequence,,,OMIT,,https://app.hubspot.com/contacts/7762472/deal/51845690018
51843293840,Trocaire College - Phlebotomy New Deal,50.0,0.0,2025-12-14,2025,2026-04-30,Q2,Bookings,Closed Lost,Mandy Ray,Clinical Record Keeping,,,,Top 20 Matrix,Budget,No money in budget,,,OMIT,,https://app.hubspot.com/contacts/7762472/deal/51843293840
51843187853,"Venango County Area Vocational Technical School - Oil City - PN, (New in 2026) RN New Deal",50.0,0.0,2025-12-14,2025,2026-05-20,Q2,Bookings,Closed Lost,Georgia Grey,Clinical Record Keeping,,Conference/Trade Show,,2024 Spring PAPNA,,,,,OMIT,,https://app.hubspot.com/contacts/7762472/deal/51843187853
51839236933,Hillsborough Community College - Vet Tech New Deal,50.0,0.0,2025-12-14,2025,2026-04-07,Q2,Bookings,Closed Lost,Shawna Granger,Clinical Record Keeping,,,,,No contact,moved to a sequence,,,OMIT,,https://app.hubspot.com/contacts/7762472/deal/51839236933
51846910526,New York Medical Career Training Center - DMS New Deal,50.0,0.0,2025-12-14,2025,2026-04-07,Q2,Bookings,Closed Lost,Shawna Granger,Clinical Record Keeping,,,,,No contact,moved to a sequence,,,OMIT,,https://app.hubspot.com/contacts/7762472/deal/51846910526
51846884217,"Angelina College - Nursing-VN, ADN New Deal",50.0,0.0,2025-12-14,2025,2026-03-06,Q1,Bookings,Closed Lost,Ron Bright,Clinical Record Keeping,,Referral,,OADN Member,No contact,,,,OMIT,,https://app.hubspot.com/contacts/7762472/deal/51846884217
51846877312,Oakton College - Medical Assisting New Deal,50.0,0.0,2025-12-14,2025,2026-04-07,Q2,Bookings,Closed Lost,Shawna Granger,Clinical Record Keeping,,,,School website,No contact,Moved to a sequence,,,OMIT,,https://app.hubspot.com/contacts/7762472/deal/51846877312
51801645104,Ivy Tech - Nursing-ADN New Deal,50.0,0.0,2025-12-14,2025,2026-03-06,Q1,Bookings,Closed Lost,Ron Bright,Clinical Record Keeping,,,,Top 20 OADN/Matrix/Big Fish,,,,,OMIT,,https://app.hubspot.com/contacts/7762472/deal/51801645104
51843177652,"Modesto Junior College - Nursing-ADN, CNA, LVN (new) New Deal",50.0,0.0,2025-12-14,2025,2026-03-04,Q1,Bookings,Closed Lost,Ron Bright,Clinical Record Keeping,,Conference/Trade Show,,2024 COADN,Competitor,,,,OMIT,,https://app.hubspot.com/contacts/7762472/deal/51843177652
51843251326,Ivy Tech - Nursing-ADN New Deal,50.0,0.0,2025-12-14,2025,2026-03-06,Q1,Bookings,Closed Lost,Ron Bright,Clinical Record Keeping,,Referral,,OADN Member / Matrix,,,,,OMIT,,https://app.hubspot.com/contacts/7762472/deal/51843251326
51843308596,Durham Tech - Nursing-ADN New Deal,50.0,0.0,2025-12-14,2025,2026-03-12,Q1,Bookings,Closed Lost,Ron Bright,Clinical Record Keeping,,Referral,,Top 20 OADN/Matrix/Big Fish,,,,,OMIT,,https://app.hubspot.com/contacts/7762472/deal/51843308596
51843291541,Henry Ford College - Nursing-ADN New Deal,50.0,0.0,2025-12-14,2025,2026-03-01,Q1,Bookings,Closed Lost,Ron Bright,Clinical Record Keeping,,Referral,,OADN member/Matrix,Other,,,,OMIT,,https://app.hubspot.com/contacts/7762472/deal/51843291541
51843266365,GateWay Community College - Respiratory Therapy New Deal,50.0,0.0,2025-12-14,2025,2026-04-21,Q2,Bookings,Closed Lost,Mark Moore,Clinical Record Keeping,,Conference/Trade Show,,2025 AARC Forum,Bad timing,Wanted to start program on paper then transition to electronic system,,,OMIT,,https://app.hubspot.com/contacts/7762472/deal/51843266365
51846146724,"Belanger School of Nursing - Schenectady - Nursing-ADN, BSN New Deal",50.0,0.0,2025-12-14,2025,2026-03-12,Q1,Bookings,Closed Lost,Mandy Ray,Clinical Record Keeping,,Referral,,OADN Member,,,,,OMIT,,https://app.hubspot.com/contacts/7762472/deal/51846146724
51843177656,"The University of Texas - Austin - Nursing - BSN, MSN, PhD, DNP New Deal",50.0,0.0,2025-12-14,2025,2026-03-12,Q1,Bookings,Closed Lost,Mandy Ray,Clinical Record Keeping,,Conference/Trade Show,,2025 SIGMA,,,,,OMIT,,https://app.hubspot.com/contacts/7762472/deal/51843177656
51804203184,- MLS New Deal,50.0,0.0,2025-12-14,2025,2026-04-10,Q2,Bookings,Closed Lost,Shawna Granger,Clinical Record Keeping,,,,,No contact,silent,,,OMIT,,https://app.hubspot.com/contacts/7762472/deal/51804203184
51843180471,"Saint Xavier University - Chicago - Nursing-BSN, MSN New Deal",50.0,0.0,2025-12-14,2025,2026-03-12,Q1,Bookings,Closed Lost,Mandy Ray,Clinical Record Keeping,,,,,,,,,OMIT,,https://app.hubspot.com/contacts/7762472/deal/51843180471
51846139019,Calhoun Community College - MLT New Deal,50.0,0.0,2025-12-14,2025,2026-03-24,Q1,Bookings,Closed Lost,Shawna Granger,Clinical Record Keeping,,,,,,Do not want to pass cost to students,,,OMIT,,https://app.hubspot.com/contacts/7762472/deal/51846139019
51801490825,Palo Alto College - Multiple New Deal,50.0,0.0,2025-12-14,2025,2026-03-06,Q1,Bookings,Closed Lost,Ron Bright,Clinical Record Keeping,,,,,Bad timing,,,,OMIT,,https://app.hubspot.com/contacts/7762472/deal/51801490825
51834545788,Johnston Community College - Radiography New Deal,50.0,0.0,2025-12-14,2025,2026-04-07,Q2,Bookings,Closed Lost,Shawna Granger,Clinical Record Keeping,,,,,No contact,moved to a sequence,,,OMIT,,https://app.hubspot.com/contacts/7762472/deal/51834545788
51843209281,Phillips Community College of University of Arkansas - Nursing - ADN New Deal,14000.0,14000.0,2025-12-14,2025,2026-04-01,Q2,Bookings,Closed Lost,Cara Heinrich,Clinical Record Keeping,,,,,Bad timing,Not incorporating new products,,,OMIT,,https://app.hubspot.com/contacts/7762472/deal/51843209281
51846910533,"University of Alaska Anchorage - Nursing - ADN, BSN, MS, DNP New Deal",50.0,0.0,2025-12-14,2025,2026-03-12,Q1,Bookings,Closed Lost,Mandy Ray,Clinical Record Keeping,,Referral,,Top 20 OADN/Matrix,,,,,OMIT,,https://app.hubspot.com/contacts/7762472/deal/51846910533
51801028120,University of Nebraska - Lincoln - Vet Tech New Deal,50.0,0.0,2025-12-14,2025,2026-04-07,Q2,Bookings,Closed Lost,Shawna Granger,Clinical Record Keeping,,Website,,2025 Info Request,No contact,moved to a sequence,,,OMIT,,https://app.hubspot.com/contacts/7762472/deal/51801028120
51834545791,"NorthWest Arkansas Community College - Nursing - ADN, PN New Deal",50.0,0.0,2025-12-14,2025,2026-03-12,Q1,Bookings,Closed Lost,Cara Heinrich,Clinical Record Keeping,,,,Matrix/Big Fish,,,,,OMIT,,https://app.hubspot.com/contacts/7762472/deal/51834545791
51833567503,HARRISON COLLEGE - Vet Tech New Deal,50.0,0.0,2025-12-14,2025,2026-04-07,Q2,Bookings,Closed Lost,Shawna Granger,Clinical Record Keeping,,Conference/Trade Show,,2025 AVTE,No contact,moved to a sequence,,,OMIT,,https://app.hubspot.com/contacts/7762472/deal/51833567503
51843259284,Northern Virginia Community College - Vet Tech New Deal,50.0,0.0,2025-12-14,2025,2026-04-07,Q2,Bookings,Closed Lost,Shawna Granger,Clinical Record Keeping,,,,Top 20 Matrix,No contact,moved to a sequence,,,OMIT,,https://app.hubspot.com/contacts/7762472/deal/51843259284
51842984109,Columbus State Community College - MA New Deal,50.0,0.0,2025-12-14,2025,2026-04-07,Q2,Bookings,Closed Lost,Shawna Granger,Clinical Record Keeping,,,,AAMA 23/Matrix,No contact,moved to a sequence,,,OMIT,,https://app.hubspot.com/contacts/7762472/deal/51842984109
51843283849,central Ohio technical college - DMS New Deal,50.0,0.0,2025-12-14,2025,2026-04-17,Q2,Bookings,Closed Lost,Shawna Granger,Clinical Record Keeping,,,,Matrix/CAHEEP website,No contact,in sequence,,,OMIT,,https://app.hubspot.com/contacts/7762472/deal/51843283849
51796991079,North Iowa Area Community College - Nursing-ADN New Deal,15450.0,15450.0,2025-12-14,2025,2026-04-09,Q2,Bookings,Closed Lost,Georgia Grey,Clinical Record Keeping,,,,,Competitor,Stated they are using Navigate360 for recordkeeping,,,OMIT,,https://app.hubspot.com/contacts/7762472/deal/51796991079
51843259289,"Kankakee Community College - Nursing-PN, ADN New Deal",50.0,0.0,2025-12-14,2025,2026-03-12,Q1,Bookings,Closed Lost,Mandy Ray,Clinical Record Keeping,,,,Matrix,,,,,OMIT,,https://app.hubspot.com/contacts/7762472/deal/51843259289
51846119004,Chaffey College - Nursing-ADN New Deal,50.0,0.0,2025-12-14,2025,2026-03-06,Q1,Bookings,Closed Lost,Ron Bright,Clinical Record Keeping,,,,,Bad timing,,,,OMIT,,https://app.hubspot.com/contacts/7762472/deal/51846119004
51843321122,Weber State University - MLS New Deal,50.0,0.0,2025-12-14,2025,2026-03-17,Q1,Bookings,Closed Lost,Shawna Granger,Clinical Record Keeping,,,,,,"Tried using us in the past, did not work for their program",,,OMIT,,https://app.hubspot.com/contacts/7762472/deal/51843321122
51843315995,"Southern University - Shreveport - CNA, PN, ADN New Deal",50.0,0.0,2025-12-14,2025,2026-03-12,Q1,Bookings,Closed Lost,Ron Bright,Clinical Record Keeping,,,,Matrix,,,,,OMIT,,https://app.hubspot.com/contacts/7762472/deal/51843315995
51846866871,Bridgerland Technical College - Logan - Pharmacy Tech,50.0,0.0,2025-12-14,2025,2026-04-13,Q2,Bookings,Closed Lost,Shawna Granger,Clinical Record Keeping,,Conference/Trade Show,,2025 PTEC,No contact,Silent since demo on 07/21/2025,,,OMIT,,https://app.hubspot.com/contacts/7762472/deal/51846866871
51843281535,GateWay Community College - Corporate Office - Pharmacy Tech New Deal,50.0,0.0,2025-12-14,2025,2026-04-13,Q2,Bookings,Closed Lost,Shawna Granger,Clinical Record Keeping,,,,***NO longer there***,Budget,State spending freeze,,,OMIT,,https://app.hubspot.com/contacts/7762472/deal/51843281535
51815286029,Rush University - MLS New Deal,50.0,0.0,2025-12-14,2025,2026-04-07,Q2,Bookings,Closed Lost,Shawna Granger,Clinical Record Keeping,,Conference/Trade Show,,2024 CAAHEP Symposium,No contact,moved to a sequence,,,OMIT,,https://app.hubspot.com/contacts/7762472/deal/51815286029
51803457097,Tennessee College of Applied Technology - Nursing-PN New Deal,50.0,0.0,2025-12-14,2025,2026-03-06,Q1,Bookings,Closed Lost,Cara Heinrich,Clinical Record Keeping,,,,Matrix,No Product Fit,,,,OMIT,,https://app.hubspot.com/contacts/7762472/deal/51803457097
51783468108,Santa Fe College - CLS New Deal,50.0,0.0,2025-12-14,2025,2026-03-05,Q1,Bookings,Closed Lost,Shawna Granger,Clinical Record Keeping,,Conference/Trade Show,,2025 CLEC,,,,,OMIT,,https://app.hubspot.com/contacts/7762472/deal/51783468108
51842984121,Ashland Community & Technical College - Nursing-ADN New Deal,11250.0,11250.0,2025-12-14,2025,2026-03-12,Q1,Bookings,Closed Lost,Ron Bright,Clinical Record Keeping,,,,Top 20 OADN/Matrix,,,,,OMIT,,https://app.hubspot.com/contacts/7762472/deal/51842984121
51843221908,Central Carolina Community College - Veterinary Technology New Deal,50.0,0.0,2025-12-14,2025,2026-04-07,Q2,Bookings,Closed Lost,Shawna Granger,Clinical Record Keeping,,,,,No contact,moved to a sequence,,,OMIT,,https://app.hubspot.com/contacts/7762472/deal/51843221908
51802848298,Farmingdale State College - MLS New Deal,50.0,0.0,2025-12-14,2025,2026-04-07,Q2,Bookings,Closed Lost,Shawna Granger,Clinical Record Keeping,,Conference/Trade Show,,CLEC 23,No contact,moved to sequence,,,OMIT,,https://app.hubspot.com/contacts/7762472/deal/51802848298
51843259300,Adams State University - Alamosa - BSN - Nursing New Deal,50.0,0.0,2025-12-14,2025,2026-03-06,Q1,Bookings,Closed Lost,Ron Bright,Clinical Record Keeping,,,,CCNE web site for Accred,Budget,,,,OMIT,,https://app.hubspot.com/contacts/7762472/deal/51843259300
51843274120,Keiser University - Corporate Office - MLT New Deal,50.0,0.0,2025-12-14,2025,2026-03-19,Q1,Bookings,Closed Lost,Shawna Granger,Clinical Record Keeping,,,,Matrix,,Could not get permission to move forward,,,OMIT,,https://app.hubspot.com/contacts/7762472/deal/51843274120
51843283882,Penn Foster - Vet Tech New Deal,50.0,0.0,2025-12-14,2025,2026-04-13,Q2,Bookings,Closed Lost,Shawna Granger,Clinical Record Keeping,,,,,No Product Fit,distance ed-needs video feature,,,OMIT,,https://app.hubspot.com/contacts/7762472/deal/51843283882
51846903878,San Juan College - Vet Tech New Deal,50.0,0.0,2025-12-14,2025,2026-04-07,Q2,Bookings,Closed Lost,Shawna Granger,Clinical Record Keeping,,,,,No Product Fit,Need video component,,,OMIT,,https://app.hubspot.com/contacts/7762472/deal/51846903878
51843291564,Gwinnett Technical College - MA New Deal,50.0,0.0,2025-12-14,2025,2026-04-07,Q2,Bookings,Closed Lost,Shawna Granger,Clinical Record Keeping,,,,Top 20 Matrix,No contact,moved to a sequence,,,OMIT,,https://app.hubspot.com/contacts/7762472/deal/51843291564
51843301639,Tulane University of Louisiana - Orleans - Nursing-BSN New Deal,50.0,0.0,2025-12-14,2025,2026-03-12,Q1,Bookings,Closed Lost,Ron Bright,Clinical Record Keeping,,,,,,,,,OMIT,,https://app.hubspot.com/contacts/7762472/deal/51843301639
51843229069,National Park College - Paramedic New Deal,50.0,0.0,2025-12-14,2025,2026-03-23,Q1,Bookings,Closed Lost,Mark Moore,Clinical Record Keeping,,Website,,2025 Info Request,,Using Platinum,,,OMIT,,https://app.hubspot.com/contacts/7762472/deal/51843229069
51846862455,"Pueblo Community College - Nursing-CNA, ADN, BSN New Deal",50.0,0.0,2025-12-14,2025,2026-03-06,Q1,Bookings,Closed Lost,Ron Bright,Clinical Record Keeping,,Website,,2024 Info Request,No contact,,,,OMIT,,https://app.hubspot.com/contacts/7762472/deal/51846862455
51846682165,Valparaiso University - Valparaiso - MLS New Deal,50.0,0.0,2025-12-14,2025,2026-04-07,Q2,Bookings,Closed Lost,Shawna Granger,Clinical Record Keeping,,Conference/Trade Show,,CLEC 2024,No contact,moved to a sequence,,,OMIT,,https://app.hubspot.com/contacts/7762472/deal/51846682165
51843192889,Central New Mexico Community College - Vet Tech New Deal,50.0,0.0,2025-12-14,2025,2026-04-07,Q2,Bookings,Closed Lost,Shawna Granger,Clinical Record Keeping,,,,School website,No contact,moved to a sequence,,,OMIT,,https://app.hubspot.com/contacts/7762472/deal/51843192889
51843313480,Utica College - Utica - Respiratory New Deal,50.0,0.0,2025-12-14,2025,2026-03-05,Q1,Bookings,Closed Lost,Mark Moore,Clinical Record Keeping,,,,,,,,,OMIT,,https://app.hubspot.com/contacts/7762472/deal/51843313480
51843209322,Tidewater Community College - MLT New Deal,1050.0,1050.0,2025-12-14,2025,2026-05-14,Q2,Bookings,Closed Lost,Mandy Ray,Clinical Record Keeping,,Website,,Information Request 2024,Budget,Does not want to add in another cost for the students,,,OMIT,,https://app.hubspot.com/contacts/7762472/deal/51843209322
51846101028,Lake Washington Institute of Technology - Nursing-ADN New Deal,50.0,0.0,2025-12-14,2025,2026-03-01,Q1,Bookings,Closed Lost,Ron Bright,Clinical Record Keeping,,,,,Bad timing,,,,OMIT,,https://app.hubspot.com/contacts/7762472/deal/51846101028
51843321145,"Walsh University - Canton - Nursing-BSN, MSN New Deal",50.0,0.0,2025-12-14,2025,2026-04-01,Q2,Bookings,Closed Lost,Georgia Grey,Clinical Record Keeping,,,,Ohio League for Nursing Site,No contact,No response,,,OMIT,,https://app.hubspot.com/contacts/7762472/deal/51843321145
51820967584,North Shore Community College - Nursing-ADN New Deal,50.0,0.0,2025-12-14,2025,2026-03-06,Q1,Bookings,Closed Lost,Ron Bright,Clinical Record Keeping,,Conference/Trade Show,,2025 NELNE Fall,Bad timing,,,,OMIT,,https://app.hubspot.com/contacts/7762472/deal/51820967584
51846920449,Camp Ollin - Veterinary Technology New Deal,50.0,0.0,2025-12-14,2025,2026-04-07,Q2,Bookings,Closed Lost,Shawna Granger,Clinical Record Keeping,,,,,No contact,Moved to a sequence ,,,OMIT,,https://app.hubspot.com/contacts/7762472/deal/51846920449
51843177791,Western Technical College - MLT New Deal,50.0,0.0,2025-12-14,2025,2026-03-05,Q1,Bookings,Closed Lost,Shawna Granger,Clinical Record Keeping,,,,Matrix,,,,,OMIT,,https://app.hubspot.com/contacts/7762472/deal/51843177791
51828924559,Wilkes Community College - DA New Deal,50.0,2400.0,2025-12-14,2025,2026-04-20,Q2,Bookings,Closed Lost,Mark Moore,Clinical Record Keeping,,,,Matrix,Open to Revisiting,budget ,,,OMIT,,https://app.hubspot.com/contacts/7762472/deal/51828924559
51806821648,Bradley University - Peoria - Nursing - BSN New Deal,50.0,0.0,2025-12-14,2025,2026-03-12,Q1,Bookings,Closed Lost,Mandy Ray,Clinical Record Keeping,,Conference/Trade Show,,2025 SIGMA,,,,,OMIT,,https://app.hubspot.com/contacts/7762472/deal/51806821648
51846850401,Piedmont Community College - Nursing-ADN New Deal,6000.0,0.0,2025-12-14,2025,2026-03-12,Q1,Bookings,Closed Lost,Ron Bright,Clinical Record Keeping,,Conference/Trade Show,,2025 NCADN,,,,,OMIT,,https://app.hubspot.com/contacts/7762472/deal/51846850401
51843283974,Saint Francis Health System - MLS New Deal,50.0,0.0,2025-12-14,2025,2026-04-07,Q2,Bookings,Closed Lost,Shawna Granger,Clinical Record Keeping,,Conference/Trade Show,,CLEC2020,No contact,Moved to a sequence,,,OMIT,,https://app.hubspot.com/contacts/7762472/deal/51843283974
51831988656,Helms College - Corporate Office - SIS,57012.0,57012.0,2025-12-15,2025,2026-03-31,Q1,Bookings,Closed Lost,Noel Suarez,Verity Dialog,,Cold outreach,,,Bad timing,"Doesn't have capacity to manage this project and is actively re-organizing internal structure.  Budgets are tied up and SIS is low to med priority.  Will be higher priority for 2027 - agreed to connect in August (discussed securing implementation window, pricing, etc.).  They like the product and more probable for 2027.",,,OMIT,,https://app.hubspot.com/contacts/7762472/deal/51831988656
53284639354,Success Education Colleges - CRM Deal,345492.0,345492.0,2026-01-07,Q1,2026-03-05,Q1,Bookings,Closed Lost,Noel Suarez,Payments;Verity Dialog,,Referral,,,Bad timing,"Hello, I just heard they are postponing this project - not ready for a transition at this time.

We will reconnect when ready.

Thank you for everything,

Fred.",,,OMIT,,https://app.hubspot.com/contacts/7762472/deal/53284639354
53696357204,Georgia Institute of Cosmetology - Athens - New Deal - Financial Aid Services,54315.36,54315.36,2026-01-12,Q1,2026-01-28,Q1,Bookings,Closed Lost,Noel Suarez,FA Service,,Website,,,Bad timing,"Good morning, I hope everyone is staying warm today.
I’m reaching out to follow up on our discussions regarding a potential change in servicers and systems. At this time, GIC has decided to pause this transition and revisit it at a later date.
Thank you for the time you spent meeting with us and for answering all of our questions. We truly appreciate your support and the information you provided.
Best regards, 
Tracy Parsons
Executive Director 
Georgia Institute of Cosmetology
706-549-6400 X 103
",,,OMIT,,https://app.hubspot.com/contacts/7762472/deal/53696357204
53720624652,Lotus Skin Institute - New Deal - Attendance,2160.0,2160.0,2026-01-13,Q1,2026-02-16,Q1,Bookings,Closed Lost,Noel Suarez,Attendance_;Skills Tracker,,Cold outreach,,,Budget,Not financially viable,,,OMIT,,https://app.hubspot.com/contacts/7762472/deal/53720624652
54223544170,PMTS Raleigh - Payments,5000.0,5000.0,2026-01-21,Q1,2026-03-31,Q1,Bookings,Closed Lost,Dylan Harmon,Payments,,CS Product Add-On,,,Other,Lookin to do bundle instead,,,OMIT,,https://app.hubspot.com/contacts/7762472/deal/54223544170
54609786007,Keiser University - SIS Bundle,1656000.0,1656000.0,2026-01-26,Q1,2026-04-07,Q2,Bookings,Closed Lost,Jackson Batchelder,,,Website,,,Competitor,chose Ellucian - least path of resistance since they were Anthology,,,OMIT,,https://app.hubspot.com/contacts/7762472/deal/54609786007
54956438560,Alexander Paul Institute of Hair Design - FA,9600.0,9600.0,2026-01-28,Q1,2026-05-12,Q2,Bookings,Closed Lost,Jackson Batchelder,FA Software,,Cold outreach,,,,,,,OMIT,,https://app.hubspot.com/contacts/7762472/deal/54956438560
55031357623,Southern California Health Institute - Hollywood - FA Services,25795.0,25795.0,2026-01-29,Q1,2026-03-05,Q1,Bookings,Closed Lost,Noel Suarez,FA Service,,Referral,Consultant,,Bad timing,"Hi Noel,
I wanted to let you know that I have spoken with our management team regarding the third-party servicer services. We are definitely interested in the services your team offers.
At the moment, we are in the process of moving and opening a new program, so things are a bit busy on our end. Once we have everything settled, we will definitely circle back and reconnect with you around mid-year to discuss this further.
Thank you for your time and understanding. We look forward to reconnecting soon.
Best regards,


Nune Avetisian
_____________________________
Director of Student Finance
Southern California Health Institute (SOCHi)
5644 Vineland Ave.| North Hollywood | California 91601
818.980-8990 ext. 111 | 818.980.8992 fax | nunea@sochi.edu
",,,OMIT,,https://app.hubspot.com/contacts/7762472/deal/55031357623
55031262749,"Career Networks Institute - Santa Ana -CRM, SIS, FA, MA, Paperless, Att, Forms, and Smart Nudges 2026",333072.0,333072.0,2026-01-30,Q1,2026-03-20,Q1,Bookings,Closed Lost,680215912,Attendance_;FA Service;Forms;Verity Dialog,,Cold outreach,,,Bad timing,Other internal projects prioritized,,,OMIT,,https://app.hubspot.com/contacts/7762472/deal/55031262749
55299387669,Healthcare Training Institute - [Recordkeeping],600.0,0.0,2026-02-02,Q1,2026-04-03,Q2,Bookings,Closed Lost,Shawna Granger,Clinical Record Keeping,,Referral,,From another school,Other,Data Reconciliation,,,OMIT,,https://app.hubspot.com/contacts/7762472/deal/55299387669
55827455348,Buckeye Joint Vocational School - FA Full Service,22988.0,22988.0,2026-02-09,Q1,2026-05-28,Q2,Bookings,Closed Lost,Jackson Batchelder,FA Service,,Website,,,Building Internally,They decided to train more staff instead of outsourcing,,,OMIT,,https://app.hubspot.com/contacts/7762472/deal/55827455348
55927585971,"Neihule Academy of Beauty - FA Full Service, CRM, SIS",36472.8,36472.8,2026-02-10,Q1,2026-04-02,Q2,Bookings,Closed Lost,Jackson Batchelder,FA Service,,Website,,,Competitor,FAME offered more flexibility and cost less,,,OMIT,,https://app.hubspot.com/contacts/7762472/deal/55927585971
55927465854,Paul Mitchell the School - Raleigh - Best Bundle,46800.0,46800.0,2026-02-10,Q1,2026-02-24,Q1,Bookings,Closed Lost,Dylan Harmon,Attendance_;FA Service;FA Software;Paperless Campus;Payments;Skills Tracker;Smart Nudges;Verity Dialog;Verity Student,,Cold outreach,,,Other,Fame will not honor month to month payments when contract is up for renewal in October.,,,OMIT,,https://app.hubspot.com/contacts/7762472/deal/55927465854
56460932358,Epic Flight Academy Corporate - FA Full Service,18188.0,18188.0,2026-02-17,Q1,2026-05-26,Q2,Bookings,Closed Lost,Jackson Batchelder,FA Service,,Sales Rep Referral,,,Budget,Implementation fee was too high. ,,,OMIT,,https://app.hubspot.com/contacts/7762472/deal/56460932358
57200793526, Carroll Community College Attendance and smart nudges,4800.0,4800.0,2026-02-28,Q1,2026-03-31,Q1,Bookings,Closed Lost,680215912,Attendance_;Verity Professional Services,,Cold outreach,,,Bad timing,"Not ready to use CK for multiple programs, only wanted to do it with 1 (under 20 students)",,,OMIT,,https://app.hubspot.com/contacts/7762472/deal/57200793526
57093549142,Tulsa Community College -ADN,21000.0,21000.0,2026-02-28,Q1,2026-02-28,Q1,Bookings,Closed Lost,Ron Bright,Clinical Record Keeping,,,,,Competitor,Lost to competitor In Place -Compared clinical placement tools - they won easier to use and sites they use must use In Place,,,OMIT,,https://app.hubspot.com/contacts/7762472/deal/57093549142
57093672972,East Central Community College - Nursing- PN,2000.0,2000.0,2026-02-28,Q1,2026-03-17,Q1,Bookings,Closed Lost,Ron Bright,Clinical Record Keeping,,,,,,,,,OMIT,,https://app.hubspot.com/contacts/7762472/deal/57093672972
57230577259,Applied Tech -Nursing- PN,13000.0,13000.0,2026-02-28,Q1,2026-05-14,Q2,Bookings,Closed Lost,Ron Bright,Clinical Record Keeping,,Cold outreach,,Cold Outreach,Other,Adding FOCUS SIS-took the budget for this yr,,,OMIT,,https://app.hubspot.com/contacts/7762472/deal/57230577259
57200807985,Fletcher Technical Community College- Rad Tech,3000.0,3000.0,2026-03-01,Q1,2026-03-06,Q1,Bookings,Closed Lost,Shawna Granger,Clinical Record Keeping,,,,,,,,,OMIT,,https://app.hubspot.com/contacts/7762472/deal/57200807985
57350691220,Illinois Central College - Nursing- ADN,45000.0,45000.0,2026-03-02,Q1,2026-03-06,Q1,Bookings,Closed Lost,Ron Bright,Clinical Record Keeping,,,,,Bad timing,,,,OMIT,,https://app.hubspot.com/contacts/7762472/deal/57350691220
57397077262,Lane Community College -Respiratory Therapy,50.0,0.0,2026-03-02,Q1,2026-03-05,Q1,Bookings,Closed Lost,Mandy Ray,Clinical Record Keeping,,Website,,2026 Info Request,,,,,OMIT,,https://app.hubspot.com/contacts/7762472/deal/57397077262
57350942624,Centra College - Nursing- ADN,9750.0,9750.0,2026-03-02,Q1,2026-04-16,Q2,Bookings,Closed Lost,Ron Bright,Clinical Record Keeping,,,,,Competitor,TracPrac,,,OMIT,,https://app.hubspot.com/contacts/7762472/deal/57350942624
57452343844,Arkansas Northeastern College - ADN New Deal,4500.0,4500.0,2026-03-03,Q1,2026-03-11,Q1,Bookings,Closed Lost,Ron Bright,Clinical Record Keeping,,,,,Bad timing,missed ty budget wants us for nxt yr,,,OMIT,,https://app.hubspot.com/contacts/7762472/deal/57452343844
57506333770,University of Arkansas - Fort Smith - ADN,7500.0,7500.0,2026-03-03,Q1,2026-04-21,Q2,Bookings,Closed Lost,Georgia Grey,Clinical Record Keeping,,,,OADN/Matrix,Open to Revisiting,Timing not right - short staffed,,,OMIT,,https://app.hubspot.com/contacts/7762472/deal/57506333770
57506334010,University of Hawaii - Hilo - BSN,7500.0,7500.0,2026-03-03,Q1,2026-05-05,Q2,Bookings,Closed Lost,Georgia Grey,Clinical Record Keeping,,,,Matrix,,,,,OMIT,,https://app.hubspot.com/contacts/7762472/deal/57506334010
57506702115,Casper College- Rad Tech,2500.0,2500.0,2026-03-03,Q1,2026-04-08,Q2,Bookings,Closed Lost,Shawna Granger,Clinical Record Keeping,,,,,Other,Duplicate,,,OMIT,,https://app.hubspot.com/contacts/7762472/deal/57506702115
57506513232,Pasadena City College - Rad Tech,3750.0,3750.0,2026-03-03,Q1,2026-03-09,Q1,Bookings,Closed Lost,Shawna Granger,Clinical Record Keeping,,,,,Bad timing,,,,OMIT,,https://app.hubspot.com/contacts/7762472/deal/57506513232
57506905387,University of Arkansas Community College - Corporate Office - LVN -New Deal,2000.0,2000.0,2026-03-04,Q1,2026-03-12,Q1,Bookings,Closed Lost,Ron Bright,Clinical Record Keeping,,,,,,,,,OMIT,,https://app.hubspot.com/contacts/7762472/deal/57506905387
57553789749,Frederick Community College - Vet Tech,50.0,0.0,2026-03-05,Q1,2026-04-07,Q2,Bookings,Closed Lost,Shawna Granger,Clinical Record Keeping,,,,,No Product Fit,Current program does not have externship component,,,OMIT,,https://app.hubspot.com/contacts/7762472/deal/57553789749
57601550498,Frederick Community College - Medical Assisting,1200.0,1200.0,2026-03-05,Q1,2026-04-27,Q2,Bookings,Closed Lost,Shawna Granger,Clinical Record Keeping,,,,,Open to Revisiting,We are going to hold off on moving forward with Trajecsys for right now.  ,,,OMIT,,https://app.hubspot.com/contacts/7762472/deal/57601550498
57539415878,Frederick Community College - Phlebotomy,900.0,900.0,2026-03-05,Q1,2026-04-27,Q2,Bookings,Closed Lost,Shawna Granger,Clinical Record Keeping,,,,,Open to Revisiting,We are going to hold off on moving forward with Trajecsys for right now.  ,,,OMIT,,https://app.hubspot.com/contacts/7762472/deal/57539415878
57619343143,Columbus State Community College - ADN,60000.0,60000.0,2026-03-05,Q1,2026-04-28,Q2,Bookings,Closed Lost,Georgia Grey,Clinical Record Keeping,,,,,Bad timing,New leadership,,,OMIT,,https://app.hubspot.com/contacts/7762472/deal/57619343143
57610401951,Dallas College - Nursing - RN-BSN ,30000.0,30000.0,2026-03-05,Q1,2026-03-30,Q1,Bookings,Closed Lost,Georgia Grey,Clinical Record Keeping,,,,,Other,Not moving forward at this time,,,OMIT,,https://app.hubspot.com/contacts/7762472/deal/57610401951
57619461898,University of New Mexico - Valencia - ADN - New Deal,0.0,0.0,2026-03-05,Q1,2026-04-29,Q2,Bookings,Closed Lost,Georgia Grey,,,,,Matrix,Competitor,Lost to competitor,,,OMIT,,https://app.hubspot.com/contacts/7762472/deal/57619461898
57619462914,Alvin Community College - ADN - New Deal,12000.0,12000.0,2026-03-05,Q1,2026-03-12,Q1,Bookings,Closed Lost,Georgia Grey,Clinical Record Keeping,,,,,,,,,OMIT,,https://app.hubspot.com/contacts/7762472/deal/57619462914
57610406948,Southeast Technical College - ADN - New Deal,0.0,0.0,2026-03-05,Q1,2026-04-15,Q2,Bookings,Closed Lost,Georgia Grey,,,,,Matrix,Bad timing,Not ready yet,,,OMIT,,https://app.hubspot.com/contacts/7762472/deal/57610406948
57601643427,Laney College - Oakland - Attendance & Skills Tracker,7200.0,7200.0,2026-03-05,Q1,2026-04-28,Q2,Bookings,Closed Lost,Dylan Harmon,Attendance_;Skills Tracker;Verity Professional Services,,Cold outreach,,,Budget,Did not get the grant they were hoping to,,,OMIT,,https://app.hubspot.com/contacts/7762472/deal/57601643427
57619528876,Auburn University - Nutrition & Dietetics,2250.0,2250.0,2026-03-06,Q1,2026-05-11,Q2,Bookings,Closed Lost,Shawna Granger,Clinical Record Keeping,,Website,,2026 info request,No contact,Silent after many attempts,,,OMIT,,https://app.hubspot.com/contacts/7762472/deal/57619528876
57601823493,Bergen Community College - Medical Assisting,0.0,0.0,2026-03-06,Q1,2026-03-06,Q1,Bookings,Closed Lost,Shawna Granger,,,,,,Bad timing,,,,OMIT,,https://app.hubspot.com/contacts/7762472/deal/57601823493
57619539003,California State University - Los Angeles - Nutrition & Dietetics,1000.0,1000.0,2026-03-06,Q1,2026-05-20,Q2,Bookings,Closed Lost,Shawna Granger,Clinical Record Keeping,,,,,Bad timing,,,I will have to circle back to you when our next cohort begins in Fall of 2027.,OMIT,,https://app.hubspot.com/contacts/7762472/deal/57619539003
57619601293,Community College of Rhode Island - ADN - New Deal,37500.0,37500.0,2026-03-06,Q1,2026-03-12,Q1,Bookings,Closed Lost,,Clinical Record Keeping,true,Association,,Matrix/OADN,,,,,OMIT,,https://app.hubspot.com/contacts/7762472/deal/57619601293
57668938286,Ember Education - SIS,1085280.0,1192280.0,2026-03-06,Q1,2026-06-29,Q2,Bookings,Closed Lost,Jackson Batchelder,Recruit;Student,,Cold outreach,,,Competitor,"frustrated with product past performance, lack of AI",,,OMIT,,https://app.hubspot.com/contacts/7762472/deal/57668938286
57668943438,Walters State Community College MLT - New Deal,2000.0,2000.0,2026-03-06,Q1,2026-03-09,Q1,Bookings,Closed Lost,Shawna Granger,Clinical Record Keeping,,,,,,Is a new program that has not started first cohort yet. She was directed by dean to hold off until program is up and running,,,OMIT,,https://app.hubspot.com/contacts/7762472/deal/57668943438
57668944203,Haywood Community College - Clyde - Medical Assisting,0.0,0.0,2026-03-06,Q1,2026-04-08,Q2,Bookings,Closed Lost,Shawna Granger,,,,,,Bad timing,After talking with Jodi I think we are going to wait on this project for now. ,,,OMIT,,https://app.hubspot.com/contacts/7762472/deal/57668944203
57746322333,Indian River State College - Pharm Tech,5000.0,5000.0,2026-03-06,Q1,2026-04-13,Q2,Bookings,Closed Lost,Shawna Granger,Clinical Record Keeping,,Website,,2026 info request,Competitor,Went with Platinum,,,OMIT,,https://app.hubspot.com/contacts/7762472/deal/57746322333
57746322863,Lamar University - Beaumont MLS- New Deal,1000.0,1000.0,2026-03-06,Q1,2026-05-07,Q2,Bookings,Closed Lost,Mandy Ray,Clinical Record Keeping,,,,,Bad timing,"New program, pushed hiring CC back to Spring. Open to reconnect",,,OMIT,,https://app.hubspot.com/contacts/7762472/deal/57746322863
57663817527,Madison Area Technical College - Rad Tech,4200.0,4200.0,2026-03-06,Q1,2026-03-10,Q1,Bookings,Closed Lost,Shawna Granger,Clinical Record Keeping,,,,,Bad timing,,,,OMIT,,https://app.hubspot.com/contacts/7762472/deal/57663817527
57746877068,North Country Community College - Lake - Rad Tech,4300.0,4300.0,2026-03-06,Q1,2026-03-23,Q1,Bookings,Closed Lost,Shawna Granger,Clinical Record Keeping,,,,,No Product Fit,Strict cell phone policy at sites,,,OMIT,,https://app.hubspot.com/contacts/7762472/deal/57746877068
57668945468,North Iowa Area Community College - Medical Assisting,750.0,750.0,2026-03-06,Q1,2026-03-06,Q1,Bookings,Closed Lost,Shawna Granger,Clinical Record Keeping,,,,,Bad timing,,,,OMIT,,https://app.hubspot.com/contacts/7762472/deal/57668945468
57669068067,Tarrant County College District - Medical Coding,850.0,850.0,2026-03-06,Q1,2026-04-08,Q2,Bookings,Closed Lost,Shawna Granger,Clinical Record Keeping,,,,,No Product Fit,No Externship,,,OMIT,,https://app.hubspot.com/contacts/7762472/deal/57669068067
57830246498,Victor Valley Community College Respiratory Therapy- New Deal,3750.0,0.0,2026-03-09,Q1,2026-03-24,Q1,Bookings,Closed Lost,Mandy Ray,Clinical Record Keeping,,,,,,"Not now, wants to revist next year",,,OMIT,,https://app.hubspot.com/contacts/7762472/deal/57830246498
57830130970,College of the Desert - ADN - New Deal,15000.0,0.0,2026-03-09,Q1,2026-03-12,Q1,Bookings,Closed Lost,,Clinical Record Keeping,true,,,,,,,,OMIT,,https://app.hubspot.com/contacts/7762472/deal/57830130970
57830631696,Baker College Of Owosso - Vet Tech,0.0,0.0,2026-03-09,Q1,2026-04-13,Q2,Bookings,Closed Lost,Shawna Granger,,,,,,Competitor,exploring a new tool that is free to use within our Canvas shell.,,,OMIT,,https://app.hubspot.com/contacts/7762472/deal/57830631696
57830193061,Baker College of Cadillac - Medical Assisting,0.0,0.0,2026-03-09,Q1,2026-04-13,Q2,Bookings,Closed Lost,Shawna Granger,,,,,,Bad timing,New as PD-needs time to get adjusted,,,OMIT,,https://app.hubspot.com/contacts/7762472/deal/57830193061
57830364517,Baker College of Jackson - Vet Tech,0.0,0.0,2026-03-09,Q1,2026-04-13,Q2,Bookings,Closed Lost,Shawna Granger,,,,,,Competitor,exploring a new tool that is free to use within our Canvas shell.,,,OMIT,,https://app.hubspot.com/contacts/7762472/deal/57830364517
57830070901,Boise State University - Mammography,500.0,500.0,2026-03-09,Q1,2026-03-12,Q1,Bookings,Closed Lost,Shawna Granger,Clinical Record Keeping,,,,,Bad timing,,,,OMIT,,https://app.hubspot.com/contacts/7762472/deal/57830070901
57830133786,Carver Career Center / BridgeValley CTC - Vet Tech,3750.0,3750.0,2026-03-09,Q1,2026-04-13,Q2,Bookings,Closed Lost,Shawna Granger,Clinical Record Keeping,,,,,Other,The college has decided to discontinue the program and we will be teaching out the current students.,,,OMIT,,https://app.hubspot.com/contacts/7762472/deal/57830133786
57830752785,COLLIN COLLEGE - Medical Assisting,0.0,0.0,2026-03-09,Q1,2026-04-13,Q2,Bookings,Closed Lost,Shawna Granger,,,,,,Budget,Not willing to pass cost to students,,,OMIT,,https://app.hubspot.com/contacts/7762472/deal/57830752785
57830196362,Corewell Health - Pharm Tech,0.0,0.0,2026-03-09,Q1,2026-04-13,Q2,Bookings,Closed Lost,Shawna Granger,,,,,,Other,Duplicate,,,OMIT,,https://app.hubspot.com/contacts/7762472/deal/57830196362
57865269590,University of Texas Medical Branch Path A - New Deal,500.0,500.0,2026-03-10,Q1,2026-05-06,Q2,Bookings,Closed Lost,Mandy Ray,Clinical Record Keeping,,,,,Bad timing,"Using Typhon, likes features we offer but would not want to get started till August 2027.  Wants to reconnect in march 2027",,,OMIT,,https://app.hubspot.com/contacts/7762472/deal/57865269590
57830099987,New Mexico State University - Alamogordo - ADN - New Deal,0.0,0.0,2026-03-10,Q1,2026-03-12,Q1,Bookings,Closed Lost,,,,,,,,,,,OMIT,,https://app.hubspot.com/contacts/7762472/deal/57830099987
57865517599,Seminole State College - Seminole Respiratory Therapy- New Deal,3750.0,0.0,2026-03-10,Q1,2026-05-15,Q2,Bookings,Closed Lost,Mandy Ray,Clinical Record Keeping,,,,,Budget,"Schedulling and budgeting issues, staying with paper",,,OMIT,,https://app.hubspot.com/contacts/7762472/deal/57865517599
57865579802,Lone Star College North Harris - ADN Nursing - New Deal,37500.0,0.0,2026-03-10,Q1,2026-03-31,Q1,Bookings,Closed Lost,Georgia Grey,Clinical Record Keeping,,,,Matrix,Other,Change of leadership,,,OMIT,,https://app.hubspot.com/contacts/7762472/deal/57865579802
59369526453,Ember Education - FA Full Service,754500.0,905520.0,2026-03-10,Q1,2026-06-16,Q2,Bookings,Closed Lost,Jackson Batchelder,FA Service,,Cold outreach,,,Building Internally,They revisited their resources and restructured,,,OMIT,,https://app.hubspot.com/contacts/7762472/deal/59369526453
57909114189,Bryant & Stratton College - Richmond - ADN New Deal,60000.0,60000.0,2026-03-10,Q1,2026-04-23,Q2,Bookings,Closed Lost,Ron Bright,Clinical Record Keeping,,Website,,2026 Info request,Competitor,Core -Elms,,,OMIT,,https://app.hubspot.com/contacts/7762472/deal/57909114189
57911411462,Ozarks Technical Community College - MLT,0.0,0.0,2026-03-10,Q1,2026-04-30,Q2,Bookings,Closed Lost,Mandy Ray,,,,,,Other,"Happy with current process
",,,OMIT,,https://app.hubspot.com/contacts/7762472/deal/57911411462
57905357990,Porter and Chester Institute - MA,0.0,0.0,2026-03-10,Q1,2026-04-08,Q2,Bookings,Closed Lost,Shawna Granger,,,,,,Other,Duplicate,,,OMIT,,https://app.hubspot.com/contacts/7762472/deal/57905357990
57906905655,Baptist Health College Little Rock - ST,0.0,0.0,2026-03-10,Q1,2026-05-15,Q2,Bookings,Closed Lost,Mark Moore,,,,,,,,,,OMIT,,https://app.hubspot.com/contacts/7762472/deal/57906905655
57907219493,"Lawson State Community College - Nursing- ADN, PN",0.0,0.0,2026-03-10,Q1,2026-03-12,Q1,Bookings,Closed Lost,,,,,,,,,,,OMIT,,https://app.hubspot.com/contacts/7762472/deal/57907219493
57905514522,ATS Institute of Technology - Nursing-PN,0.0,0.0,2026-03-10,Q1,2026-03-12,Q1,Bookings,Closed Lost,,,,,,,,,,,OMIT,,https://app.hubspot.com/contacts/7762472/deal/57905514522
57899210043,Galen College of Nursing - Nursing,0.0,0.0,2026-03-10,Q1,2026-03-12,Q1,Bookings,Closed Lost,Ron Bright,,,,,,,,,,OMIT,,https://app.hubspot.com/contacts/7762472/deal/57899210043
57895495759,Mercer County Community College - Nursing-ADN,0.0,0.0,2026-03-10,Q1,2026-03-12,Q1,Bookings,Closed Lost,Ron Bright,,,,,,,,,,OMIT,,https://app.hubspot.com/contacts/7762472/deal/57895495759
57887325048,"Salina Area Technical College - Nursing-PN, ADN",0.0,0.0,2026-03-10,Q1,2026-03-11,Q1,Bookings,Closed Lost,,,,,,,,DUPLICATE,,,OMIT,,https://app.hubspot.com/contacts/7762472/deal/57887325048
57896889677,Baptist Health System School of Health Professions - Radiography,0.0,0.0,2026-03-10,Q1,2026-04-13,Q2,Bookings,Closed Lost,Shawna Granger,,,,,,Bad timing,eValue contract still in place,,,OMIT,,https://app.hubspot.com/contacts/7762472/deal/57896889677
57913112925,Los Angeles County College of Nursing & Allied Health - Nursing-ADN,0.0,0.0,2026-03-10,Q1,2026-03-12,Q1,Bookings,Closed Lost,Cara Heinrich,,,,,,,,,,OMIT,,https://app.hubspot.com/contacts/7762472/deal/57913112925
57905205535,Aiken Technical College - Paramedic,0.0,0.0,2026-03-10,Q1,2026-04-08,Q2,Bookings,Closed Lost,Mandy Ray,,,,,,Competitor,went with Platinum planner,,,OMIT,,https://app.hubspot.com/contacts/7762472/deal/57905205535
57911718783,"Johnston Community College - Nursing-ADN, PN",0.0,0.0,2026-03-10,Q1,2026-03-12,Q1,Bookings,Closed Lost,Ron Bright,,,,,,,,,,OMIT,,https://app.hubspot.com/contacts/7762472/deal/57911718783
57912960348,Phillips Community College of University of Arkansas - MLT,0.0,0.0,2026-03-10,Q1,2026-04-30,Q2,Bookings,Closed Lost,Mandy Ray,,,,,,Other,Happy with paper process,,,OMIT,,https://app.hubspot.com/contacts/7762472/deal/57912960348
57885933747,"St. Luke's College–Unity Point Health - Nursing-ADN, BSN",0.0,0.0,2026-03-10,Q1,2026-03-12,Q1,Bookings,Closed Lost,Mandy Ray,,,,,,,,,,OMIT,,https://app.hubspot.com/contacts/7762472/deal/57885933747
57886552473,Benedictine College - Nursing - BSN,0.0,0.0,2026-03-10,Q1,2026-03-12,Q1,Bookings,Closed Lost,Ron Bright,,,,,,,,,,OMIT,,https://app.hubspot.com/contacts/7762472/deal/57886552473
57898594631,University of Findlay - PA,100.0,100.0,2026-03-10,Q1,2026-04-30,Q2,Bookings,Closed Lost,Mandy Ray,Clinical Record Keeping,,Website,,2026 Info request,No contact,No contat,,,OMIT,,https://app.hubspot.com/contacts/7762472/deal/57898594631
57903657629,Mercy Hospital - MLS,0.0,0.0,2026-03-10,Q1,2026-04-30,Q2,Bookings,Closed Lost,Mandy Ray,,,,,,Bad timing,Wants to reconnect in August,,,OMIT,,https://app.hubspot.com/contacts/7762472/deal/57903657629
57910019606,St. Luke's College of Health Sciences - RN to BSN,0.0,0.0,2026-03-10,Q1,2026-03-12,Q1,Bookings,Closed Lost,,,,,,,,,,,OMIT,,https://app.hubspot.com/contacts/7762472/deal/57910019606
57898594630,Mayo Clinic- College of Medicine - Respiratory Therapy,0.0,0.0,2026-03-10,Q1,2026-03-11,Q1,Bookings,Closed Lost,Mark Moore,,,,,,,On hoid per dean,,,OMIT,,https://app.hubspot.com/contacts/7762472/deal/57898594630
57899365775,Tulsa Community College - Nursing-ADN,0.0,0.0,2026-03-10,Q1,2026-03-12,Q1,Bookings,Closed Lost,Mandy Ray,,,,,,,,,,OMIT,,https://app.hubspot.com/contacts/7762472/deal/57899365775
57887017223,Everett Community College - Nursing-ADN,15000.0,15000.0,2026-03-10,Q1,2026-05-04,Q2,Bookings,Closed Lost,Ron Bright,Clinical Record Keeping,,,,,,,,,OMIT,,https://app.hubspot.com/contacts/7762472/deal/57887017223
57909863335,Fortis College -Salt Lake - Nursing-ADN,22500.0,22500.0,2026-03-10,Q1,2026-04-29,Q2,Bookings,Closed Lost,Ron Bright,Clinical Record Keeping,,,,,Other,Enterprise account-was selling local program specific,,,OMIT,,https://app.hubspot.com/contacts/7762472/deal/57909863335
57910638156,Bristol Community College - Nursing-ADN,0.0,0.0,2026-03-10,Q1,2026-03-12,Q1,Bookings,Closed Lost,Ron Bright,,,,,,,,,,OMIT,,https://app.hubspot.com/contacts/7762472/deal/57910638156
57910173527,Kellogg Community College - Multi,0.0,0.0,2026-03-10,Q1,2026-03-13,Q1,Bookings,Closed Lost,Ron Bright,,,,,,,,,,OMIT,,https://app.hubspot.com/contacts/7762472/deal/57910173527
57906599187,"Centra College of Nursing - Nursing-PN, ADN, BSN",0.0,0.0,2026-03-10,Q1,2026-03-12,Q1,Bookings,Closed Lost,Ron Bright,,,,,,,,,,OMIT,,https://app.hubspot.com/contacts/7762472/deal/57906599187
57910788521,Alamo College - St. Philips College - respiratory,0.0,0.0,2026-03-10,Q1,2026-04-30,Q2,Bookings,Closed Lost,Mandy Ray,,,,,,Other,DCE not interested in moving forward with us,,,OMIT,,https://app.hubspot.com/contacts/7762472/deal/57910788521
57897820953,Orange Technical College - DA,0.0,2250.0,2026-03-10,Q1,2026-04-22,Q2,Bookings,Closed Lost,Mark Moore,,,,,,Open to Revisiting,fall,,,OMIT,,https://app.hubspot.com/contacts/7762472/deal/57897820953
57911565887,The University of Tennessee Health Science Center - DH,0.0,0.0,2026-03-10,Q1,2026-05-08,Q2,Bookings,Closed Lost,Mark Moore,,,,,,,,,,OMIT,,https://app.hubspot.com/contacts/7762472/deal/57911565887
57901643624,Trocaire College - Pharm Tech,0.0,0.0,2026-03-10,Q1,2026-04-08,Q2,Bookings,Closed Lost,Shawna Granger,,,,,,Bad timing,No clinical coordinator-currently hiring- hesitant to start building program till coordinator is hired,,,OMIT,,https://app.hubspot.com/contacts/7762472/deal/57901643624
57903037734,Sentara RMH Medical Center - Rad Tech,3250.0,3250.0,2026-03-10,Q1,2026-03-13,Q1,Bookings,Closed Lost,Shawna Granger,Clinical Record Keeping,,,,,Bad timing,,,,OMIT,,https://app.hubspot.com/contacts/7762472/deal/57903037734
57907682598,St. Louis Community College - Computed Tomography,0.0,0.0,2026-03-10,Q1,2026-03-13,Q1,Bookings,Closed Lost,Shawna Granger,,,,,,Competitor,Using ARRT tracking tool,,,OMIT,,https://app.hubspot.com/contacts/7762472/deal/57907682598
57902263855,Coastal Alabama Community College - ST,0.0,0.0,2026-03-10,Q1,2026-03-16,Q1,Bookings,Closed Lost,Mark Moore,,,,,,,,,,OMIT,,https://app.hubspot.com/contacts/7762472/deal/57902263855
57885624229,Mott Community College - Nursing-ADN,15000.0,15000.0,2026-03-10,Q1,2026-05-18,Q2,Bookings,Closed Lost,Georgia Grey,Clinical Record Keeping,,,,,,,,,OMIT,,https://app.hubspot.com/contacts/7762472/deal/57885624229
57904274999,NIMAA - MA,0.0,0.0,2026-03-10,Q1,2026-03-13,Q1,Bookings,Closed Lost,Shawna Granger,,,,,,Budget,,,,OMIT,,https://app.hubspot.com/contacts/7762472/deal/57904274999
57910482455,North Country Community College - Rad Tech,4300.0,4300.0,2026-03-10,Q1,2026-03-12,Q1,Bookings,Closed Lost,Shawna Granger,Clinical Record Keeping,,,,,No Product Fit,Not a good fit due to strict phone policy,,,OMIT,,https://app.hubspot.com/contacts/7762472/deal/57910482455
57912802150,Ivy Tech Community College of Indiana - Medical Assisting,0.0,0.0,2026-03-10,Q1,2026-04-13,Q2,Bookings,Closed Lost,Shawna Granger,,,,,,Budget,Fees not approved by all MA program leaders ,,,OMIT,,https://app.hubspot.com/contacts/7762472/deal/57912802150
57900604007,"Galveston College - Nursing-ADN, BSN",0.0,0.0,2026-03-10,Q1,2026-03-11,Q1,Bookings,Closed Lost,,,,,,,Other,DUPLICATE,,,OMIT,,https://app.hubspot.com/contacts/7762472/deal/57900604007
57911718784,Community College of Rhode Island - PTA,0.0,2000.0,2026-03-10,Q1,2026-04-27,Q2,Bookings,Closed Lost,Mark Moore,,,,,,No Product Fit,only evals and uses cpi,,,OMIT,,https://app.hubspot.com/contacts/7762472/deal/57911718784
57896272265,Florida State College at Jacksonville - PTA,2200.0,2200.0,2026-03-10,Q1,2026-05-11,Q2,Bookings,Closed Lost,Mark Moore,Clinical Record Keeping,,,,,,,,,OMIT,,https://app.hubspot.com/contacts/7762472/deal/57896272265
57899678782,"Mount Mercy University - Nursing-BSN, MSN",0.0,0.0,2026-03-10,Q1,2026-05-06,Q2,Bookings,Closed Lost,Mandy Ray,,,,,,Bad timing,Going through a merger not a good time to implement Trajecsys. Following up in August,,,OMIT,,https://app.hubspot.com/contacts/7762472/deal/57899678782
57899988857,"Lincoln Land Community College - Nursing-PN, ADN",0.0,0.0,2026-03-10,Q1,2026-03-12,Q1,Bookings,Closed Lost,Mandy Ray,,,,,,,,,,OMIT,,https://app.hubspot.com/contacts/7762472/deal/57899988857
57903037735,"Florida National University - Nursing-BSN, MSN",0.0,0.0,2026-03-10,Q1,2026-03-11,Q1,Bookings,Closed Lost,,,,,,,,DUPLICATE,,,OMIT,,https://app.hubspot.com/contacts/7762472/deal/57903037735
57903964938,Casper College - Radiography,2500.0,2500.0,2026-03-10,Q1,2026-06-04,Q2,Bookings,Closed Lost,Shawna Granger,Clinical Record Keeping,,,,,Bad timing,many upcoming program changes I don't think we are interested in implementing Trajecsys at this time. ,,,OMIT,,https://app.hubspot.com/contacts/7762472/deal/57903964938
57906133519,East Carolina Univ - Recreational Therapy,0.0,0.0,2026-03-10,Q1,2026-03-11,Q1,Bookings,Closed Lost,Mark Moore,,,,,,,Institution decided to go another route for clinical recordkeeping,,,OMIT,,https://app.hubspot.com/contacts/7762472/deal/57906133519
57906905901,Central Oklahoma College - ST,3000.0,3000.0,2026-03-10,Q1,2026-05-15,Q2,Bookings,Closed Lost,Mark Moore,Clinical Record Keeping,,Website,,2026 Info Request,,,,,OMIT,,https://app.hubspot.com/contacts/7762472/deal/57906905901
57913423514,North Iowa Area Community College - Medical Assisting,1000.0,1000.0,2026-03-10,Q1,2026-05-26,Q2,Bookings,Closed Lost,Shawna Granger,Clinical Record Keeping,,,,,No contact,Silent,,,OMIT,,https://app.hubspot.com/contacts/7762472/deal/57913423514
57904741681,Howard College - DH,4500.0,4500.0,2026-03-10,Q1,2026-04-02,Q2,Bookings,Closed Lost,Mark Moore,Clinical Record Keeping,,Website,,2026 Info request,Competitor,radiographs,,,OMIT,,https://app.hubspot.com/contacts/7762472/deal/57904741681
57912960349,South Dakota State University - Respiratory Therapy,0.0,0.0,2026-03-10,Q1,2026-06-15,Q2,Bookings,Closed Lost,Mandy Ray,,,,,,No contact,"Had web tour awhile ago, been connecting to schedule a refresher no response",,,OMIT,,https://app.hubspot.com/contacts/7762472/deal/57912960349
57892089377,Delta College - Dental Hygiene,4500.0,4500.0,2026-03-10,Q1,2026-05-11,Q2,Bookings,Closed Lost,Mark Moore,Clinical Record Keeping,,,,,,,,,OMIT,,https://app.hubspot.com/contacts/7762472/deal/57892089377
57894259358,Arkansas Northeastern College - Nursing-ADN,0.0,0.0,2026-03-10,Q1,2026-03-11,Q1,Bookings,Closed Lost,Ron Bright,,,,,,Bad timing,missed budget for this year-wants us for next year,,,OMIT,,https://app.hubspot.com/contacts/7762472/deal/57894259358
57894875497,South College-Nashville - ST,0.0,0.0,2026-03-10,Q1,2026-04-08,Q2,Bookings,Closed Lost,Mark Moore,,,,,,Bad timing,bad timing ,,,OMIT,,https://app.hubspot.com/contacts/7762472/deal/57894875497
57902726803,Springfield Technical Community College - Nursing-ADN,0.0,0.0,2026-03-10,Q1,2026-03-12,Q1,Bookings,Closed Lost,Ron Bright,,,,,,,Duplicate from integration,,,OMIT,,https://app.hubspot.com/contacts/7762472/deal/57902726803
57893949309,Palomar College - Nursing-ADN,0.0,0.0,2026-03-10,Q1,2026-03-12,Q1,Bookings,Closed Lost,Cara Heinrich,,,,,,,DUPLICATE,,,OMIT,,https://app.hubspot.com/contacts/7762472/deal/57893949309
57905358453,Johns Hopkins Hospital - MRI & CT Advanced Modality Training,975.0,975.0,2026-03-10,Q1,2026-04-27,Q2,Bookings,Closed Lost,Shawna Granger,Clinical Record Keeping,,Website,,2026 info request,Bad timing,this isn’t the best time to move forward with using the system for the CT and MRI programs,,,OMIT,,https://app.hubspot.com/contacts/7762472/deal/57905358453
57911104095,Ivy Tech Community College - Veterinary Nursing,0.0,0.0,2026-03-10,Q1,2026-03-13,Q1,Bookings,Closed Lost,Shawna Granger,,,,,,,,,,OMIT,,https://app.hubspot.com/contacts/7762472/deal/57911104095
57896117553,North Dakota State College of Science - Nursing-RN,0.0,0.0,2026-03-10,Q1,2026-03-12,Q1,Bookings,Closed Lost,,,,,,,,,,,OMIT,,https://app.hubspot.com/contacts/7762472/deal/57896117553
57909705888,Texas State University - Rad Therapy,3300.0,3300.0,2026-03-10,Q1,2026-03-13,Q1,Bookings,Closed Lost,Shawna Granger,Clinical Record Keeping,,,,,,,,,OMIT,,https://app.hubspot.com/contacts/7762472/deal/57909705888
57909863336,Northeast Texas Community College - MLT,0.0,0.0,2026-03-10,Q1,2026-04-13,Q2,Bookings,Closed Lost,Mandy Ray,,,,,,Open to Revisiting,Small program has system in place that is working,,,OMIT,,https://app.hubspot.com/contacts/7762472/deal/57909863336
57893173066,"Aurora University - Nursing-BSN, RN to BSN, MSN",0.0,0.0,2026-03-10,Q1,2026-03-12,Q1,Bookings,Closed Lost,Mandy Ray,,,,,,,,,,OMIT,,https://app.hubspot.com/contacts/7762472/deal/57893173066
57899523398,Success Education Colleges - Nursing,20000.0,20000.0,2026-03-10,Q1,2026-05-26,Q2,Bookings,Closed Lost,Noel Suarez,Clinical Record Keeping,,Conference/Trade Show,,2025 OADN,,,,,OMIT,,https://app.hubspot.com/contacts/7762472/deal/57899523398
57895961121,"University of Maryland, College Park - Dietetics & Nutrition",0.0,0.0,2026-03-10,Q1,2026-04-08,Q2,Bookings,Closed Lost,Shawna Granger,,,,,,Competitor,ACEND,,,OMIT,,https://app.hubspot.com/contacts/7762472/deal/57895961121
57901071673,Community College of Allegheny County - Respiratory Therapy,0.0,0.0,2026-03-10,Q1,2026-04-08,Q2,Bookings,Closed Lost,Mandy Ray,,,,,,Other,"Not interested, process he has now is working",,,OMIT,,https://app.hubspot.com/contacts/7762472/deal/57901071673
57914024257,Missouri Valley College - DMS,0.0,0.0,2026-03-10,Q1,2026-04-07,Q2,Bookings,Closed Lost,Shawna Granger,,,,,,Bad timing,Waiting to hire a new pd,,,OMIT,,https://app.hubspot.com/contacts/7762472/deal/57914024257
57895495963,Corewell Health - Pharm Tech,0.0,0.0,2026-03-10,Q1,2026-04-13,Q2,Bookings,Closed Lost,Shawna Granger,,,,,,Bad timing,Budget,,,OMIT,,https://app.hubspot.com/contacts/7762472/deal/57895495963
57897199111,"Technical College of the Lowcountry - Nursing-ADN, PN",0.0,0.0,2026-03-10,Q1,2026-03-12,Q1,Bookings,Closed Lost,Cara Heinrich,,,,,,,,,,OMIT,,https://app.hubspot.com/contacts/7762472/deal/57897199111
57897199112,Baker College of Jackson - Veterinary Technology,0.0,0.0,2026-03-10,Q1,2026-04-13,Q2,Bookings,Closed Lost,Shawna Granger,,,,,,Other, exploring a new tool that is free to use within our Canvas shell,,,OMIT,,https://app.hubspot.com/contacts/7762472/deal/57897199112
57906133520,Kaskaskia College - Rad Tech,7500.0,7500.0,2026-03-10,Q1,2026-03-13,Q1,Bookings,Closed Lost,Shawna Granger,Clinical Record Keeping,,,,,Bad timing,,,,OMIT,,https://app.hubspot.com/contacts/7762472/deal/57906133520
57895188482,Rowan College of South Jersey - Nursing-ADN,4500.0,4500.0,2026-03-10,Q1,2026-05-27,Q2,Bookings,Closed Lost,Ron Bright,Clinical Record Keeping,,Conference/Trade Show,,2025 OADN,No access to EB,Committee & Dean voted no,,,OMIT,,https://app.hubspot.com/contacts/7762472/deal/57895188482
57856112235,Logan University - Chesterfield Master degree programs - New Deal,0.0,0.0,2026-03-11,Q1,2026-04-30,Q2,Bookings,Closed Lost,Mandy Ray,,,,,,No contact,Never responded to emails,,,OMIT,,https://app.hubspot.com/contacts/7762472/deal/57856112235
57938920887,Community College of Philadelphia - Medical Assisting,1500.0,1500.0,2026-03-12,Q1,2026-06-24,Q2,Bookings,Closed Lost,Shawna Granger,Clinical Record Keeping,,,,,No contact,Silent-moved to sequence,,,OMIT,,https://app.hubspot.com/contacts/7762472/deal/57938920887
57938982919,Atlanta Technical College - Medical Assisting,0.0,0.0,2026-03-12,Q1,2026-04-07,Q2,Bookings,Closed Lost,Shawna Granger,,,,,,No contact,data integration error,,,OMIT,,https://app.hubspot.com/contacts/7762472/deal/57938982919
57939067979,Saint Michael College of Allied Health - Washington - FA Services,19378.0,19378.0,2026-03-12,Q1,2026-06-05,Q2,Bookings,Closed Lost,Noel Suarez,FA Service,,Cold outreach,Cold Outreach,,Open to Revisiting,"Unwilling to commit.  Presented owner with options such as attending conference, case studies, references - he did not use any resources.  Continues to make excuses, too scared to switch at the moment, willing to continue with poor ECM service.   ",,,OMIT,,https://app.hubspot.com/contacts/7762472/deal/57939067979
57938944065,Gateway Community Technical College - Medical Assisting,1500.0,1500.0,2026-03-12,Q1,2026-04-10,Q2,Bookings,Closed Lost,Shawna Granger,Clinical Record Keeping,,,,,No contact,silent,,,OMIT,,https://app.hubspot.com/contacts/7762472/deal/57938944065
57980161155,South College-Atlanta - Medical Assisting,0.0,0.0,2026-03-13,Q1,2026-04-07,Q2,Bookings,Closed Lost,Shawna Granger,,,,,,Budget,Does not want to pass cost to students,,,OMIT,,https://app.hubspot.com/contacts/7762472/deal/57980161155
58025400211,Community College of Baltimore County - Rad Tech,3750.0,3750.0,2026-03-16,Q1,2026-04-07,Q2,Bookings,Closed Lost,Shawna Granger,Clinical Record Keeping,,,,,No contact,moved to a sequence,,,OMIT,,https://app.hubspot.com/contacts/7762472/deal/58025400211
58029762481,Crowder College - Medical Assisting,150.0,150.0,2026-03-16,Q1,2026-04-10,Q2,Bookings,Closed Lost,Shawna Granger,Clinical Record Keeping,,,,,Other,Moved to sequence,,,OMIT,,https://app.hubspot.com/contacts/7762472/deal/58029762481
58025340420,Holyoke Community College - Holyoke - Vet Tech,4200.0,4200.0,2026-03-16,Q1,2026-04-07,Q2,Bookings,Closed Lost,Shawna Granger,Clinical Record Keeping,,,,,No contact,Moved to a sequence,,,OMIT,,https://app.hubspot.com/contacts/7762472/deal/58025340420
58025466248,Southwest Tennessee Community College - Radiologic Technology,3750.0,3750.0,2026-03-16,Q1,2026-04-07,Q2,Bookings,Closed Lost,Shawna Granger,Clinical Record Keeping,,Website,,2026 info request,Other,Current client,,,OMIT,,https://app.hubspot.com/contacts/7762472/deal/58025466248
58025282920,Laboure College of Healthcare - Rad Therapy,1050.0,1050.0,2026-03-16,Q1,2026-04-07,Q2,Bookings,Closed Lost,Shawna Granger,Clinical Record Keeping,,,,,No contact,Moved to sequence,,,OMIT,,https://app.hubspot.com/contacts/7762472/deal/58025282920
58025467456,Lewis-Clark State College - Rad Tech,3750.0,3750.0,2026-03-16,Q1,2026-04-07,Q2,Bookings,Closed Lost,Shawna Granger,Clinical Record Keeping,,,,,No contact,Moved to a sequence,,,OMIT,,https://app.hubspot.com/contacts/7762472/deal/58025467456
58025406132,Passaic County Community College - Paterson -Rad Tech,7500.0,7500.0,2026-03-16,Q1,2026-03-17,Q1,Bookings,Closed Lost,Shawna Granger,Clinical Record Keeping,,,,,Bad timing,,,,OMIT,,https://app.hubspot.com/contacts/7762472/deal/58025406132
58025036892,Rose State College - Rad Tech,5000.0,5000.0,2026-03-16,Q1,2026-04-07,Q2,Bookings,Closed Lost,Shawna Granger,Clinical Record Keeping,,,,,No contact,Moved to a sequence,,,OMIT,,https://app.hubspot.com/contacts/7762472/deal/58025036892
58025098771,Springfield Technical Community College - Rad Tech,3750.0,3750.0,2026-03-16,Q1,2026-04-07,Q2,Bookings,Closed Lost,Shawna Granger,Clinical Record Keeping,,,,,No contact,Moved to a sequence,,,OMIT,,https://app.hubspot.com/contacts/7762472/deal/58025098771
58025284999,SUNY Niagara - Medical Assisting,0.0,0.0,2026-03-16,Q1,2026-04-07,Q2,Bookings,Closed Lost,Shawna Granger,,,,,,No contact,Moved to a sequence,,,OMIT,,https://app.hubspot.com/contacts/7762472/deal/58025284999
58025099272,University of Montana-Missoula - Rad Tech,0.0,0.0,2026-03-16,Q1,2026-04-13,Q2,Bookings,Closed Lost,Shawna Granger,,,,,,No contact,Silent,,,OMIT,,https://app.hubspot.com/contacts/7762472/deal/58025099272
58025285662,Washington State Community College - Rad Tech,3500.0,3500.0,2026-03-16,Q1,2026-04-07,Q2,Bookings,Closed Lost,Shawna Granger,Clinical Record Keeping,,,,,Other,moved to a sequence,,,OMIT,,https://app.hubspot.com/contacts/7762472/deal/58025285662
58029855871,Edison State Community College - Medical Assisting,0.0,0.0,2026-03-17,Q1,2026-04-07,Q2,Bookings,Closed Lost,Shawna Granger,,,,,,No contact,No response,,,OMIT,,https://app.hubspot.com/contacts/7762472/deal/58029855871
58025310301,Suffolk County Community College - Selden - Vet Tech,2500.0,0.0,2026-03-17,Q1,2026-06-24,Q2,Bookings,Closed Lost,Shawna Granger,Clinical Record Keeping,,,,,No contact,Silent,,,OMIT,,https://app.hubspot.com/contacts/7762472/deal/58025310301
58025383776,Pearl River Community College - Rad Tech,0.0,0.0,2026-03-17,Q1,2026-04-13,Q2,Bookings,Closed Lost,Shawna Granger,,,,,,No contact,Silent,,,OMIT,,https://app.hubspot.com/contacts/7762472/deal/58025383776
58136002421,"Paul Mitchell the School - Delaware - CRM,SIS,FA,Mobile",17767.44,35880.0,2026-03-19,Q1,2026-05-20,Q2,Bookings,Closed Lost,Daniel Vasquez,Attendance_;FA Service;FA Software;Paperless Campus;Payments;Skills Tracker;Smart Nudges;Verity Dialog;Verity Student,,Sales Rep Referral,,,Bad timing,Trina wants to move forward but postpone until 2027 calendar year to reduce overlap with Fame. ,,,OMIT,,https://app.hubspot.com/contacts/7762472/deal/58136002421
58208906374,Nebraska Methodist College of Nursing & Allied Health - Omaha Respiratory Therapy- New Deal,2400.0,0.0,2026-03-23,Q1,2026-05-13,Q2,Bookings,Closed Lost,Mandy Ray,Clinical Record Keeping,,,,,Open to Revisiting,Program Director said they are not moving forward ,,,OMIT,,https://app.hubspot.com/contacts/7762472/deal/58208906374
58208422196,Atlantic Acting School - CRM Only,10920.0,10920.0,2026-03-23,Q1,2026-03-26,Q1,Bookings,Closed Lost,Noel Suarez,Verity Dialog,,Marketing Email,,,Lack of Integration,"Hi Noel,
Thank you again for taking the time to walk us through the presentation and for sharing the materials. We really appreciate the thought and effort your team put into it.
After reviewing everything internally, we’ve decided not to move forward at this time. While we found a lot of value in the platform, detailed reporting is a must for us, and as we discussed, this is currently an area where Portico doesn’t fully meet our needs. Additionally, having clear visibility into prospect activity, including how often someone has interacted with a form, is essential for our admissions process.
We also rely heavily on the ability to easily create forms, host that data, and embed them seamlessly into our website, which we find works more effectively in HubSpot. On top of that, while the marketing automation features you showed are impressive, incorporating them would significantly increase our costs beyond what we are currently paying.
For these reasons, we don’t feel a follow up meeting is necessary, but we truly appreciate your time and the opportunity to learn more about Portico.
Thank you again,
Carolina
",,,OMIT,,https://app.hubspot.com/contacts/7762472/deal/58208422196
58289118624,The Art of Skin Esthetics Academy - Attendance,6900.0,6900.0,2026-03-24,Q1,2026-05-05,Q2,Bookings,Closed Lost,Dylan Harmon,Attendance_,,Website,,,,,,,OMIT,,https://app.hubspot.com/contacts/7762472/deal/58289118624
58295751202,Centra College - Nursing- PN,1500.0,1500.0,2026-03-24,Q1,2026-04-16,Q2,Bookings,Closed Lost,Ron Bright,Clinical Record Keeping,,,,,Competitor,TracPrac,,,OMIT,,https://app.hubspot.com/contacts/7762472/deal/58295751202
58599283103,Auburn Career Center - Twp - New Deal,23428.0,23428.0,2026-03-31,Q1,2026-05-18,Q2,Bookings,Closed Lost,Noel Suarez,FA Service,,Cold outreach,Cold Outreach,,Budget,Not in budget for this year,,,OMIT,,https://app.hubspot.com/contacts/7762472/deal/58599283103
58634150966,Bennett School of Cosmetology - Attendance,5940.0,5940.0,2026-03-31,Q1,2026-04-02,Q2,Bookings,Closed Lost,Noel Suarez,Attendance_;Skills Tracker,,Cold outreach,,,Bad timing,"Good morning, 

I wanted to reach out and let you know that we’ve decided to pause moving forward with the software at this time. We truly appreciate the time and information you’ve shared with us throughout this process.
At this point, we are reassessing our current needs and priorities, but we will certainly keep your team in mind as we move forward. If anything changes on our end, we will be sure to reconnect.
Thank you again; we’ve enjoyed learning more about your platform.",,,OMIT,,https://app.hubspot.com/contacts/7762472/deal/58634150966
58630563845,Professional Skills Institute -  CM,23400.0,23400.0,2026-03-31,Q1,2026-06-01,Q2,Bookings,Closed Lost,Noel Suarez,Clinical Record Keeping,,Website,,,No contact,"no contact, no response",,,OMIT,,https://app.hubspot.com/contacts/7762472/deal/58630563845
58630573621,South Suburban College - OTA,3000.0,3000.0,2026-03-31,Q1,2026-04-30,Q2,Bookings,Closed Lost,Mark Moore,Clinical Record Keeping,,Website,,2026 Info Request,Bad timing,to busy to schedule web tour she requested,,,OMIT,,https://app.hubspot.com/contacts/7762472/deal/58630573621
58630663030,Arkansas Tech University - New Deal-PN program,7500.0,0.0,2026-04-01,Q2,2026-04-21,Q2,Bookings,Closed Lost,Cara Heinrich,Clinical Record Keeping,,,,,Competitor,Typhon-cost and spin cycle scheduling ,,,OMIT,,https://app.hubspot.com/contacts/7762472/deal/58630663030
58634257255,Arkansas Tech University - New Deal-RN,3750.0,0.0,2026-04-01,Q2,2026-04-21,Q2,Bookings,Closed Lost,Cara Heinrich,Clinical Record Keeping,,Website,,2026 Info request,Competitor,Typhon-cost and spin cycle scheduling ,,,OMIT,,https://app.hubspot.com/contacts/7762472/deal/58634257255
58676844648,Loma Linda University - Surgical Technology,2400.0,2400.0,2026-04-02,Q2,2026-06-26,Q2,Bookings,Closed Lost,Mark Moore,Clinical Record Keeping,,,,Matrix,No contact,ghost,,,OMIT,,https://app.hubspot.com/contacts/7762472/deal/58676844648
58686572840,Bryant & Stratton College - Richmond - PN New Deal ,30000.0,30000.0,2026-04-02,Q2,2026-04-23,Q2,Bookings,Closed Lost,Ron Bright,Clinical Record Keeping,,Website,,2026 Info request,Competitor,Core- Elm,,,OMIT,,https://app.hubspot.com/contacts/7762472/deal/58686572840
58798242689,St. Johns River State College - Nursing -ADN,21500.0,21500.0,2026-04-07,Q2,2026-05-13,Q2,Bookings,Closed Lost,Ron Bright,Clinical Record Keeping,,Webinar,,OADN Webinar,Competitor,PC said they went with another system ,,,OMIT,,https://app.hubspot.com/contacts/7762472/deal/58798242689
58900562863,Beal University ,0.0,0.0,2026-04-07,Q2,2026-04-10,Q2,Bookings,Closed Lost,Dylan Harmon,,,Cold outreach,,,Other,Looking to downgrade services,,,OMIT,,https://app.hubspot.com/contacts/7762472/deal/58900562863
59021423015,Schiller International University - FA Add Ons,19977.0,19977.0,2026-04-09,Q2,2026-04-24,Q2,Bookings,Closed Lost,Noel Suarez,FA Service,,CS Product Add-On,,,Building Internally,"My apologies for the delay. I was out of town at a conference then got sick, it's been a heck of a two weeks. 

The campus has identified a new Director of FA that will start on May 11th, so they are going to hold on adding anything new at this time. 

Thanks for everything. As the new Director starts and gets a handle on everything, we may start to add some things, especially VA. The new Director is VA certified so that's a plus. 

-School handling internally
",,,OMIT,,https://app.hubspot.com/contacts/7762472/deal/59021423015
59180969019,University of Maine Augusta - Vet Tech,3350.0,3350.0,2026-04-15,Q2,2026-06-04,Q2,Bookings,Closed Lost,Shawna Granger,Clinical Record Keeping,,Website,,2026 info request,Other,Nothing specific given in email,,,OMIT,,https://app.hubspot.com/contacts/7762472/deal/59180969019
59225150241,Manhattan School of Computer Technology- MA,2400.0,2400.0,2026-04-15,Q2,2026-05-11,Q2,Bookings,Closed Lost,Shawna Granger,Clinical Record Keeping,,Website,,2026 info request,Bad timing,No students registered,,,OMIT,,https://app.hubspot.com/contacts/7762472/deal/59225150241
59275371408,Touro University New York - ADN Nursing,6000.0,6000.0,2026-04-20,Q2,2026-05-29,Q2,Bookings,Closed Lost,Mandy Ray,Clinical Record Keeping,,Conference/Trade Show,,2026 CADN/NYLN,Bad timing,Leadership re-organization,,,OMIT,,https://app.hubspot.com/contacts/7762472/deal/59275371408
59369539943,Rise Wellness Lounge & Aesthetic Institute - New Deal,11520.0,11520.0,2026-04-20,Q2,2026-06-30,Q2,Bookings,Closed Lost,Jackson Batchelder,Student,,Website,Marketing,,No contact,prospect went dark on us after discovery - couldn't track her down for a demo,,,OMIT,,https://app.hubspot.com/contacts/7762472/deal/59369539943
59545553485,Mayo Clinic - Vascular Interventional Radiologic Technology ,100.0,100.0,2026-04-24,Q2,2026-04-29,Q2,Bookings,Closed Lost,Shawna Granger,Clinical Record Keeping,,Website,,2026 info request,Other,Duplicate,,,OMIT,,https://app.hubspot.com/contacts/7762472/deal/59545553485
59728148230,Haywood Community College - Clyde - CM,3360.0,3360.0,2026-04-27,Q2,2026-05-06,Q2,Bookings,Closed Lost,Noel Suarez,Clinical Record Keeping,,Website,,,,,,,OMIT,,https://app.hubspot.com/contacts/7762472/deal/59728148230
60078287753,Bakersfield College - Bakersfield - Radiologic Technology,7200.0,7200.0,2026-05-07,Q2,2026-05-09,Q2,Bookings,Closed Lost,Shawna Granger,Clinical Record Keeping,,Conference/Trade Show,,2025 COADN,Other,Already a customer- administration did not know PD started w/ us,,,OMIT,,https://app.hubspot.com/contacts/7762472/deal/60078287753
60083583275,Orangeburg-Calhoun Technical College - Nursing,17250.0,17250.0,2026-05-11,Q2,2026-06-15,Q2,Bookings,Closed Lost,Mandy Ray,Clinical Record Keeping,,,,,Bad timing,"Using Trac prac, want to see how integration with Rad goes and asked to revisit in January",,,OMIT,,https://app.hubspot.com/contacts/7762472/deal/60083583275
60330304542,York College of Pennsylvania - York - Graduate Nursing,1500.0,1500.0,2026-05-18,Q2,2026-06-03,Q2,Bookings,Closed Lost,Georgia Grey,Clinical Record Keeping,,Website,,2026 Info Request,Other,Info request - said no longer interested,,,OMIT,,https://app.hubspot.com/contacts/7762472/deal/60330304542
60525015447,Ember Education - Payments,153600.0,153600.0,2026-05-22,Q2,2026-06-29,Q2,Bookings,Closed Lost,Jackson Batchelder,Payments,,,,,Competitor,chose student first,,,OMIT,,https://app.hubspot.com/contacts/7762472/deal/60525015447
60785753926,Minnesota State University - Dietetics,3600.0,3600.0,2026-06-02,Q2,2026-06-22,Q2,Bookings,Closed Lost,Mark Moore,Clinical Record Keeping,,Organic Search,,2026 info request,Competitor,Typhon,,,OMIT,,https://app.hubspot.com/contacts/7762472/deal/60785753926
60786203306,Miami University - Oxford - [Dietetic Internship ],1800.0,1800.0,2026-06-02,Q2,2026-06-24,Q2,Bookings,Closed Lost,Mark Moore,Clinical Record Keeping,,Organic Search,,2026 info request ,Competitor,typhon,,,OMIT,,https://app.hubspot.com/contacts/7762472/deal/60786203306
60844018535,ConvenientMD - Limited Rad Tech - Mass,1950.0,1950.0,2026-06-03,Q2,2026-06-25,Q2,Bookings,Closed Lost,Shawna Granger,Clinical Record Keeping,,Organic Search,,2026 info request,Bad timing,Budgeting for 2027,,,OMIT,,https://app.hubspot.com/contacts/7762472/deal/60844018535
61355835056,University of West Florida - CM- MLS Certificate,1500.0,1500.0,2026-06-22,Q2,2026-06-25,Q2,Bookings,Closed Lost,Shawna Granger,Clinical Record Keeping,,Association,,,Other,Not a new degree-creating a new payment arrangement,,,OMIT,,https://app.hubspot.com/contacts/7762472/deal/61355835056
